Adresse,Eiendom,Takst,Skattenivå,Bunnfradrag,Grunnlag,Promillesats,Skatt,Fritak,faktor
Sjølyst 0,1/2/0/0,500000,100,0,500000,1.8,900,Ingen,1.0
Vidsjåvegen 10,1/6/0/0,4144000,70,320000,2580800,1.8,4645,Ingen,1.0
Granstuen 0,1/7/0/0,0,100,0,0,1.8,0,Ingen,1.0
1/8/0/0 0,1/8/0/0,0,100,0,0,1.8,0,Ingen,1.0
Lassvebergvegen 8,1/9/0/0,533000,70,320000,53100,1.8,95,Ingen,1.0
Lassvebergvegen 27,1/10/0/0,5013000,70,320000,3189100,1.8,5740,Ingen,1.0
Hundhammervegen 22,1/15/0/0,5365000,70,640000,3115500,1.8,5607,Ingen,2.0
Kongestien 12,1/16/0/0,5549000,70,320000,3564300,1.8,6415,Ingen,1.0
Hundhammervegen 19A,1/17/0/0,5707000,70,320000,3674900,1.8,6614,Ingen,1.0
Hundhammervegen 17,1/18/0/0,6128000,70,320000,3969600,1.8,7145,Ingen,1.0
Hundhammervegen 21,1/20/0/0,6323000,70,320000,4106100,1.8,7390,Ingen,1.0
Lassvebergvegen 15,1/24/0/0,8298000,70,640000,5168600,1.8,9303,Ingen,2.0
Lassvebergvegen 10,1/25/0/0,0,100,0,0,1.8,0,Ingen,1.0
Ole Hoels Veg 2,1/27/0/0,4273000,70,320000,2671100,1.8,4807,Ingen,1.0
Malvikvegen 82,1/28/0/0,5480000,70,320000,3516000,1.8,6328,Ingen,1.0
Malvikvegen 92,1/32/0/0,9024000,70,640000,5676800,1.8,10218,Ingen,2.0
Sakslundvegen 21,1/34/0/0,5617000,70,320000,3611900,1.8,6501,Ingen,1.0
Hundhammervegen 34,1/35/0/0,3880000,70,320000,2396000,1.8,4312,Ingen,1.0
Kongestien 14,1/39/0/0,4400000,70,640000,2440000,1.8,4392,Ingen,2.0
Olav Magnussons Veg 7,1/41/0/0,5249000,70,320000,3354300,1.8,6037,Ingen,1.0
Ole Hoels Veg 3,1/42/0/0,6372000,70,320000,4140400,1.8,7452,Ingen,1.0
Malvikvegen 88,1/44/0/0,2880000,70,960000,1056000,1.8,1900,Ingen,3.0
Malvikvegen 88,1/44/0/0,3184000,100,0,3184000,4.0,12736,Ingen,1.0
Lassvebergvegen 19,1/45/0/0,9133000,70,320000,6073100,1.8,10931,Ingen,1.0
Lassvebergvegen 17,1/46/0/0,9615000,70,320000,6410500,1.8,11538,Ingen,1.0
Lassvebergvegen 25,1/47/0/0,6966000,70,320000,4556200,1.8,8201,Ingen,1.0
Ole Hoels Veg 7,1/48/0/0,3064000,70,320000,1824800,1.8,3284,Ingen,1.0
Ole Hoels Veg 16,1/50/0/0,4797000,70,320000,3037900,1.8,5468,Ingen,1.0
Lassvebergvegen 21,1/51/0/0,5480000,70,320000,3516000,1.8,6328,Ingen,1.0
Lassvebergvegen 14,1/54/0/0,4144000,70,320000,2580800,1.8,4645,Ingen,1.0
Ole Hoels Veg 12,1/55/0/0,4600000,70,320000,2900000,1.8,5220,Ingen,1.0
Ole Hoels Veg 8,1/56/0/0,4989000,70,640000,2852300,1.8,5134,Ingen,2.0
Ole Hoels Veg 14,1/57/0/0,5458000,70,320000,3500600,1.8,6301,Ingen,1.0
Ole Hoels Veg 10,1/58/0/0,6040000,70,320000,3908000,1.8,7034,Ingen,1.0
Ole Hoels Veg 9,1/59/0/0,4893000,70,320000,3105100,1.8,5589,Ingen,1.0
Ole Hoels Veg 11,1/60/0/0,0,100,0,0,1.8,0,Ingen,1.0
Hundhammervegen 23A,1/61/0/0,5013000,70,640000,2869100,1.8,5164,Ingen,2.0
Malvikvegen 90,1/62/0/0,3608000,70,320000,2205600,1.8,3970,Ingen,1.0
Lassvebergvegen 16,1/63/0/0,3718000,70,320000,2282600,1.8,4108,Ingen,1.0
Saxe Viks Veg 26,1/64/0/0,4500000,70,320000,2830000,1.8,5094,Ingen,1.0
Kongestien 8,1/65/0/0,4550000,70,320000,2865000,1.8,5157,Ingen,1.0
Grim Saxeviks Veg 1A,1/73/0/1,2519000,70,320000,1443300,1.8,2597,Ingen,1.0
Grim Saxeviks Veg 1A,1/73/0/2,2486000,70,320000,1420200,1.8,2556,Ingen,1.0
Grim Saxeviks Veg 1A,1/73/0/3,2453000,70,320000,1397100,1.8,2514,Ingen,1.0
Grim Saxeviks Veg 1A,1/73/0/4,2584000,70,320000,1488800,1.8,2679,Ingen,1.0
Grim Saxeviks Veg 1A,1/73/0/5,2551000,70,320000,1465700,1.8,2638,Ingen,1.0
Grim Saxeviks Veg 1A,1/73/0/6,2551000,70,320000,1465700,1.8,2638,Ingen,1.0
Grim Saxeviks Veg 1B,1/73/0/7,2551000,70,320000,1465700,1.8,2638,Ingen,1.0
Grim Saxeviks Veg 1B,1/73/0/8,2453000,70,320000,1397100,1.8,2514,Ingen,1.0
Grim Saxeviks Veg 1B,1/73/0/9,2649000,70,320000,1534300,1.8,2761,Ingen,1.0
Grim Saxeviks Veg 1B,1/73/0/10,2286000,70,320000,1280200,1.8,2304,Ingen,1.0
Grim Saxeviks Veg 1B,1/73/0/11,2419000,70,320000,1373300,1.8,2471,Ingen,1.0
Grim Saxeviks Veg 1B,1/73/0/12,2453000,70,320000,1397100,1.8,2514,Ingen,1.0
Grim Saxeviks Veg 1C,1/73/0/13,2584000,70,320000,1488800,1.8,2679,Ingen,1.0
Grim Saxeviks Veg 1C,1/73/0/14,2453000,70,320000,1397100,1.8,2514,Ingen,1.0
Grim Saxeviks Veg 1C,1/73/0/15,2453000,70,320000,1397100,1.8,2514,Ingen,1.0
Grim Saxeviks Veg 1C,1/73/0/16,2617000,70,320000,1511900,1.8,2721,Ingen,1.0
Grim Saxeviks Veg 1C,1/73/0/17,2453000,70,320000,1397100,1.8,2514,Ingen,1.0
Grim Saxeviks Veg 1C,1/73/0/18,2453000,70,320000,1397100,1.8,2514,Ingen,1.0
Grim Saxeviks Veg 1D,1/73/0/19,2453000,70,320000,1397100,1.8,2514,Ingen,1.0
Grim Saxeviks Veg 1D,1/73/0/20,2617000,70,320000,1511900,1.8,2721,Ingen,1.0
Grim Saxeviks Veg 1D,1/73/0/21,2584000,70,320000,1488800,1.8,2679,Ingen,1.0
Grim Saxeviks Veg 1D,1/73/0/22,2519000,70,320000,1443300,1.8,2597,Ingen,1.0
Grim Saxeviks Veg 1D,1/73/0/23,2419000,70,320000,1373300,1.8,2471,Ingen,1.0
Grim Saxeviks Veg 1D,1/73/0/24,2617000,70,320000,1511900,1.8,2721,Ingen,1.0
Grim Saxeviks Veg 3A,1/73/0/25,2551000,70,320000,1465700,1.8,2638,Ingen,1.0
Grim Saxeviks Veg 3A,1/73/0/26,2453000,70,320000,1397100,1.8,2514,Ingen,1.0
Grim Saxeviks Veg 3A,1/73/0/27,2453000,70,320000,1397100,1.8,2514,Ingen,1.0
Grim Saxeviks Veg 3A,1/73/0/28,2714000,70,320000,1579800,1.8,2843,Ingen,1.0
Grim Saxeviks Veg 3A,1/73/0/29,2453000,70,320000,1397100,1.8,2514,Ingen,1.0
Grim Saxeviks Veg 3A,1/73/0/30,2617000,70,320000,1511900,1.8,2721,Ingen,1.0
Grim Saxeviks Veg 3B,1/73/0/31,2584000,70,320000,1488800,1.8,2679,Ingen,1.0
Grim Saxeviks Veg 3B,1/73/0/32,2649000,70,320000,1534300,1.8,2761,Ingen,1.0
Grim Saxeviks Veg 3B,1/73/0/33,2584000,70,320000,1488800,1.8,2679,Ingen,1.0
Grim Saxeviks Veg 3B,1/73/0/34,2453000,70,320000,1397100,1.8,2514,Ingen,1.0
Grim Saxeviks Veg 3B,1/73/0/35,2551000,70,320000,1465700,1.8,2638,Ingen,1.0
Grim Saxeviks Veg 3B,1/73/0/36,2319000,70,320000,1303300,1.8,2345,Ingen,1.0
Grim Saxeviks Veg 3C,1/73/0/37,2551000,70,320000,1465700,1.8,2638,Ingen,1.0
Grim Saxeviks Veg 3C,1/73/0/38,2453000,70,320000,1397100,1.8,2514,Ingen,1.0
Grim Saxeviks Veg 3C,1/73/0/39,2519000,70,320000,1443300,1.8,2597,Ingen,1.0
Grim Saxeviks Veg 3C,1/73/0/40,2453000,70,320000,1397100,1.8,2514,Ingen,1.0
Grim Saxeviks Veg 3C,1/73/0/41,2584000,70,320000,1488800,1.8,2679,Ingen,1.0
Grim Saxeviks Veg 3C,1/73/0/42,2453000,70,320000,1397100,1.8,2514,Ingen,1.0
Grim Saxeviks Veg 3D,1/73/0/43,2319000,70,320000,1303300,1.8,2345,Ingen,1.0
Grim Saxeviks Veg 3D,1/73/0/44,2584000,70,320000,1488800,1.8,2679,Ingen,1.0
Grim Saxeviks Veg 3D,1/73/0/45,2584000,70,320000,1488800,1.8,2679,Ingen,1.0
Grim Saxeviks Veg 3D,1/73/0/46,2453000,70,320000,1397100,1.8,2514,Ingen,1.0
Grim Saxeviks Veg 3D,1/73/0/47,2453000,70,320000,1397100,1.8,2514,Ingen,1.0
Grim Saxeviks Veg 3D,1/73/0/48,2453000,70,320000,1397100,1.8,2514,Ingen,1.0
Kongestien 16,1/74/0/0,3004000,70,320000,1782800,1.8,3209,Ingen,1.0
Olav Magnussons Veg 19,1/76/0/0,4450000,70,320000,2795000,1.8,5031,Ingen,1.0
Nordlistien 1,1/77/0/0,5707000,70,320000,3674900,1.8,6614,Ingen,1.0
Armfeldts Veg 2B,1/78/0/0,5108000,70,640000,2935600,1.8,5284,Ingen,2.0
Hundhammervegen 27,1/79/0/0,4525000,70,320000,2847500,1.8,5125,Ingen,1.0
Kongestien 3A,1/84/0/0,1329000,70,320000,610300,1.8,1098,Ingen,1.0
Livheim Ii 0,1/85/0/0,0,100,0,0,1.8,0,Ingen,1.0
Kongestien 5,1/86/0/0,4039000,70,320000,2507300,1.8,4513,Ingen,1.0
Hundhammer 0,1/88/0/0,38000,100,0,38000,1.8,68,Ingen,1.0
Skogbrynet Nr. 5 0,1/90/0/0,0,100,0,0,1.8,0,Ingen,1.0
Olav Magnussons Veg 14B,1/91/0/0,7677000,70,640000,4733900,1.8,8521,Ingen,2.0
Knausen 0,1/93/0/0,61000,100,0,61000,1.8,109,Ingen,1.0
Magnus Barfots Veg 20,1/94/0/0,5365000,70,320000,3435500,1.8,6183,Ingen,1.0
Rolia 0,1/95/0/0,0,100,0,0,1.8,0,Ingen,1.0
Nordlistien 2,1/96/0/0,4400000,70,320000,2760000,1.8,4968,Ingen,1.0
Olav Magnussons Veg 31,1/97/0/0,9793000,70,320000,6535100,1.8,11763,Ingen,1.0
Vidsjåvegen 8,1/98/0/0,11521000,70,320000,7744700,1.8,13940,Ingen,1.0
Olav Magnussons Veg 23A,1/99/0/0,4612000,70,320000,2908400,1.8,5235,Ingen,1.0
Olav Magnussons Veg 20,1/100/0/0,5819000,70,640000,3433300,1.8,6179,Ingen,2.0
Olav Magnussons Veg 16,1/103/0/0,4118000,70,320000,2562600,1.8,4612,Ingen,1.0
Magnus Barfots Veg 16A,1/104/0/0,4051000,70,320000,2515700,1.8,4528,Ingen,1.0
Olav Magnussons Veg 25,1/105/0/0,11160000,70,640000,7172000,1.8,12909,Ingen,2.0
Armfeldts Veg 1,1/106/0/1,4026000,100,0,4026000,4.0,16104,Ingen,1.0
Armfeldts Veg 1,1/106/0/2,2682000,70,320000,1557400,1.8,2803,Ingen,1.0
Armfeldts Veg 1,1/106/0/3,2551000,70,320000,1465700,1.8,2638,Ingen,1.0
Armfeldts Veg 1,1/106/0/4,2486000,70,320000,1420200,1.8,2556,Ingen,1.0
Armfeldts Veg 1,1/106/0/5,1352000,70,320000,626400,1.8,1127,Ingen,1.0
Armfeldts Veg 1,1/106/0/6,3252000,70,320000,1956400,1.8,3521,Ingen,1.0
Armfeldts Veg 2A,1/107/0/0,9795000,70,960000,5896500,1.8,10613,Ingen,3.0
Lassvebergvegen 13,1/108/0/0,4575000,70,320000,2882500,1.8,5188,Ingen,1.0
Olav Magnussons Veg 29,1/109/0/0,6344000,70,320000,4120800,1.8,7417,Ingen,1.0
Armfeldts Veg 10,1/110/0/0,4819000,70,320000,3053300,1.8,5495,Ingen,1.0
Armfeldts Veg 6A,1/111/0/0,5797000,70,320000,3737900,1.8,6728,Ingen,1.0
Armfeldts Veg 4A,1/112/0/1,6545000,70,320000,4261500,1.8,7670,Ingen,1.0
Armfeldts Veg 4B,1/112/0/2,8661000,70,320000,5742700,1.8,10336,Ingen,1.0
Armfeldts Veg 2C,1/113/0/0,4195000,70,320000,2616500,1.8,4709,Ingen,1.0
Olav Magnussons Veg 27,1/114/0/0,5503000,70,640000,3212100,1.8,5781,Ingen,2.0
Hundhammervegen 23B,1/115/0/0,5447000,70,640000,3172900,1.8,5711,Ingen,2.0
Olav Magnussons Veg 32,1/117/0/0,6128000,70,320000,3969600,1.8,7145,Ingen,1.0
Olav Magnussons Veg 21,1/118/0/0,4772000,70,320000,3020400,1.8,5436,Ingen,1.0
Olav Magnussons Veg 28,1/119/0/0,4638000,70,640000,2606600,1.8,4691,Ingen,2.0
Olav Magnussons Veg 30,1/120/0/0,4893000,70,320000,3105100,1.8,5589,Ingen,1.0
Olav Magnussons Veg 26,1/122/0/0,9190000,70,640000,5793000,1.8,10427,Ingen,2.0
Malvikvegen 35,1/123/0/0,4400000,70,320000,2760000,1.8,4968,Ingen,1.0
Malvikvegen 33,1/124/0/0,4893000,70,320000,3105100,1.8,5589,Ingen,1.0
Olav Magnussons Veg 33,1/125/0/0,3034000,70,320000,1803800,1.8,3246,Ingen,1.0
Tillegg Til Kvilheim 0,1/130/0/0,44000,100,0,44000,1.8,79,Ingen,1.0
Olav Magnussons Veg 38A,1/131/0/0,5132000,70,320000,3272400,1.8,5890,Ingen,1.0
Saxe Viks Veg 18B,1/132/0/0,4500000,70,320000,2830000,1.8,5094,Ingen,1.0
Saxe Viks Veg 20B,1/133/0/1,2908000,70,320000,1715600,1.8,3088,Ingen,1.0
Saxe Viks Veg 20B,1/133/0/2,2908000,70,320000,1715600,1.8,3088,Ingen,1.0
Olav Magnussons Veg 36,1/134/0/0,0,100,0,0,1.8,0,Ingen,1.0
Hundhammervegen 28,1/135/0/0,660000,70,320000,142000,1.8,255,Ingen,1.0
Malvikvegen 182,1/136/0/0,6725000,70,640000,4067500,1.8,7321,Ingen,2.0
Lassvebergvegen 29,1/137/0/0,4092000,70,320000,2544400,1.8,4579,Ingen,1.0
Malvikvegen 31,1/138/0/0,4772000,70,320000,3020400,1.8,5436,Ingen,1.0
Malvikvegen 37,1/139/0/0,3553000,70,320000,2167100,1.8,3900,Ingen,1.0
Grim Saxeviks Veg 42B,1/140/0/1,2776000,70,320000,1623200,1.8,2921,Ingen,1.0
Grim Saxeviks Veg 42B,1/140/0/2,3275000,70,320000,1972500,1.8,3550,Ingen,1.0
Grim Saxeviks Veg 42B,1/140/0/3,2776000,70,320000,1623200,1.8,2921,Ingen,1.0
Grim Saxeviks Veg 42B,1/140/0/4,3111000,70,320000,1857700,1.8,3343,Ingen,1.0
Grim Saxeviks Veg 42B,1/140/0/5,2776000,70,320000,1623200,1.8,2921,Ingen,1.0
Grim Saxeviks Veg 42B,1/140/0/6,3678000,70,320000,2254600,1.8,4058,Ingen,1.0
Trafo I 0,1/141/0/0,0,100,0,0,4.0,0,Ingen,1.0
Malvikvegen 171,1/142/0/0,5685000,70,640000,3339500,1.8,6011,Ingen,2.0
Olav Magnussons Veg 5,1/143/0/0,6301000,70,320000,4090700,1.8,7363,Ingen,1.0
Kongestien 10,1/144/0/0,5296000,70,320000,3387200,1.8,6096,Ingen,1.0
Olav Magnussons Veg 3,1/146/0/0,4821000,70,320000,3054700,1.8,5498,Ingen,1.0
Tillegg Til Sakslihaug 0,1/149/0/0,0,100,0,0,1.8,0,Ingen,1.0
Ole Hoels Veg 6,1/151/0/0,3853000,70,320000,2377100,1.8,4278,Ingen,1.0
Olav Magnussons Veg 18,1/152/0/0,5662000,70,320000,3643400,1.8,6558,Ingen,1.0
Jamthaugvegen 100,1/153/0/0,7951000,70,320000,5245700,1.8,9442,Ingen,1.0
Jamthaugvegen 98,1/154/0/0,5819000,70,640000,3433300,1.8,6179,Ingen,2.0
Jamthaugvegen 96,1/155/0/0,6870000,70,640000,4169000,1.8,7504,Ingen,2.0
Jamthaugvegen 94,1/156/0/0,5249000,70,320000,3354300,1.8,6037,Ingen,1.0
Olav Magnussons Veg 51,1/157/0/0,4144000,70,320000,2580800,1.8,4645,Ingen,1.0
Olav Magnussons Veg 53,1/158/0/0,3880000,70,320000,2396000,1.8,4312,Ingen,1.0
Olav Magnussons Veg 55,1/159/0/0,5319000,70,320000,3403300,1.8,6125,Ingen,1.0
Stibakken 2b,1/160/0/0,5572000,70,320000,3580400,1.8,6444,Ingen,1.0
Stibakken 10,1/161/0/0,6258000,70,320000,4060600,1.8,7309,Ingen,1.0
Saxe Viks Veg 14,1/162/0/0,6193000,70,320000,4015100,1.8,7227,Ingen,1.0
Trianglene 0,1/164/0/0,0,100,0,0,1.8,0,Ingen,1.0
Krokvegen 0,1/167/0/0,15000,100,0,15000,1.8,27,Ingen,1.0
Olav Magnussons Veg 45,1/168/0/0,3772000,70,320000,2320400,1.8,4176,Ingen,1.0
Nordlistien 8,1/170/0/0,4400000,70,320000,2760000,1.8,4968,Ingen,1.0
Stibakken 8,1/171/0/0,5342000,70,320000,3419400,1.8,6154,Ingen,1.0
Jamthaugvegen 49,1/172/0/0,5249000,70,320000,3354300,1.8,6037,Ingen,1.0
Stibakken 6,1/173/0/0,6040000,70,320000,3908000,1.8,7034,Ingen,1.0
Markavegen Ii 0,1/174/0/0,0,100,0,0,1.8,0,Ingen,1.0
Olav Magnussons Veg 1,1/175/0/0,4550000,70,320000,2865000,1.8,5157,Ingen,1.0
Saxe Viks Veg 16,1/176/0/0,4349000,70,320000,2724300,1.8,4903,Ingen,1.0
Magnus Barfots Veg 14A,1/177/0/0,4239000,70,320000,2647300,1.8,4765,Ingen,1.0
Haugen 0,1/178/0/0,0,100,0,0,1.8,0,Ingen,1.0
Magnus Barfots Veg 14B,1/179/0/0,4993000,70,320000,3175100,1.8,5715,Ingen,1.0
Ole Hoels Veg 5,1/180/0/0,4375000,70,320000,2742500,1.8,4936,Ingen,1.0
Magnus Barfots Veg 28,1/181/0/0,5013000,70,320000,3189100,1.8,5740,Ingen,1.0
Magnus Barfots Veg 18,1/182/0/0,4273000,70,320000,2671100,1.8,4807,Ingen,1.0
Malvikvegen 177,1/183/0/0,4699000,70,320000,2969300,1.8,5344,Ingen,1.0
Ole Hoels Veg 4,1/184/0/0,4525000,70,320000,2847500,1.8,5125,Ingen,1.0
Olav Magnussons Veg 22,1/185/0/0,5202000,70,320000,3321400,1.8,5978,Ingen,1.0
Olav Magnussons Veg 59,1/186/0/0,7096000,70,320000,4647200,1.8,8364,Ingen,1.0
Olav Magnussons Veg 65,1/187/0/0,6280000,70,320000,4076000,1.8,7336,Ingen,1.0
Olav Magnussons Veg 61,1/188/0/0,6246000,70,640000,3732200,1.8,6717,Ingen,2.0
Saksviklia 67,1/189/0/0,5480000,70,320000,3516000,1.8,6328,Ingen,1.0
Armfeldts Veg 7,1/190/0/0,5819000,70,320000,3753300,1.8,6755,Ingen,1.0
Olav Magnussons Veg 57,1/191/0/0,5594000,70,640000,3275800,1.8,5896,Ingen,2.0
Sigrid Saxedatters Veg 17,1/192/0/0,5365000,70,320000,3435500,1.8,6183,Ingen,1.0
Sigrid Saxedatters Veg 15,1/193/0/0,5435000,70,320000,3484500,1.8,6272,Ingen,1.0
Sigrid Saxedatters Veg 13,1/194/0/0,5594000,70,320000,3595800,1.8,6472,Ingen,1.0
Tillegg Til Solbu 0,1/195/0/0,0,100,0,0,1.8,0,Ingen,1.0
Jamthaugvegen 51,1/196/0/1,2947000,70,320000,1742900,1.8,3137,Ingen,1.0
Jamthaugvegen 51,1/196/0/2,4379000,70,320000,2745300,1.8,4941,Ingen,1.0
Saxe Østre 0,1/197/0/0,0,100,0,0,1.8,0,Ingen,1.0
Kongestien 4,1/198/0/0,4550000,70,640000,2545000,1.8,4581,Ingen,2.0
Bergheimkanten 0,1/200/0/0,0,100,0,0,1.8,0,Ingen,1.0
Olav Magnussons Veg 63,1/201/0/0,5249000,70,320000,3354300,1.8,6037,Ingen,1.0
Jamthaugvegen 47,1/202/0/0,6493000,70,320000,4225100,1.8,7605,Ingen,1.0
Armfeldts Veg 6B,1/203/0/0,3986000,70,320000,2470200,1.8,4446,Ingen,1.0
Malvikvegen 175,1/205/0/0,4013000,70,320000,2489100,1.8,4480,Ingen,1.0
Sakslundvegen 6A,1/206/0/0,5342000,70,320000,3419400,1.8,6154,Ingen,1.0
Malvikvegen 61,1/207/0/0,5842000,70,640000,3449400,1.8,6208,Ingen,2.0
Olav Magnussons Veg 47B,1/208/0/0,3290000,70,320000,1983000,1.8,3569,Ingen,1.0
Olav Magnussons Veg 49A,1/209/0/0,5949000,70,320000,3844300,1.8,6919,Ingen,1.0
Armfeldts Veg 2D,1/210/0/0,4625000,70,320000,2917500,1.8,5251,Ingen,1.0
Stibakken 4,1/212/0/0,6106000,70,320000,3954200,1.8,7117,Ingen,1.0
Tillegg Til Sollia 0,1/214/0/0,0,100,0,0,1.8,0,Ingen,1.0
Olav Magnussons Veg 52,1/215/0/0,7677000,70,320000,5053900,1.8,9097,Ingen,1.0
Olav Magnussons Veg 41,1/216/0/0,5594000,70,320000,3595800,1.8,6472,Ingen,1.0
Hundhammervegen 25,1/220/0/0,5108000,70,320000,3255600,1.8,5860,Ingen,1.0
Tillegg Ii Til Vesletun 0,1/221/0/0,0,100,0,0,1.8,0,Ingen,1.0
Olav Magnussons Veg 14C,1/222/0/0,7198000,70,640000,4398600,1.8,7917,Ingen,2.0
Magnus Barfots Veg 12C,1/223/0/0,6344000,70,640000,3800800,1.8,6841,Ingen,2.0
Olav Magnussons Veg 37,1/224/0/0,5108000,70,320000,3255600,1.8,5860,Ingen,1.0
Magnus Barfots Veg 20A,1/226/0/0,5412000,70,320000,3468400,1.8,6243,Ingen,1.0
Magnus Barfots Veg 12A,1/227/0/0,4845000,70,320000,3071500,1.8,5528,Ingen,1.0
Magnus Barfots Veg 12D,1/228/0/1,5410000,70,320000,3467000,1.8,6240,Ingen,1.0
Magnus Barfots Veg 12B,1/228/0/2,5988000,70,320000,3871600,1.8,6968,Ingen,1.0
Magnus Barfots Veg 12,1/229/0/0,6215000,70,320000,4030500,1.8,7254,Ingen,1.0
Magnus Barfots Veg 10,1/230/0/0,4650000,70,320000,2935000,1.8,5283,Ingen,1.0
Magnus Barfots Veg 8,1/231/0/0,5179000,70,320000,3305300,1.8,5949,Ingen,1.0
Magnus Barfots Veg 6,1/232/0/0,5249000,70,640000,3034300,1.8,5461,Ingen,2.0
Magnus Barfots Veg 4,1/233/0/0,5900000,70,640000,3490000,1.8,6282,Ingen,2.0
Magnus Barfots Veg 2,1/234/0/0,4600000,70,320000,2900000,1.8,5220,Ingen,1.0
Magnus Barfots Veg 10B,1/235/0/0,6255000,70,320000,4058500,1.8,7305,Ingen,1.0
Olav Magnussons Veg 14A,1/240/0/0,8625000,70,320000,5717500,1.8,10291,Ingen,1.0
Olav Magnussons Veg 23C,1/241/0/0,4625000,70,320000,2917500,1.8,5251,Ingen,1.0
Olav Magnussons Veg 39,1/242/0/0,4965000,70,320000,3155500,1.8,5679,Ingen,1.0
Olav Magnussons Veg 46,1/244/0/0,4375000,70,320000,2742500,1.8,4936,Ingen,1.0
Sakslundvegen 13B,1/245/0/0,3473000,70,320000,2111100,1.8,3799,Ingen,1.0
Sakslundvegen 13A,1/246/0/0,3424000,70,320000,2076800,1.8,3738,Ingen,1.0
Sakslundvegen 11B,1/247/0/0,3766000,70,320000,2316200,1.8,4169,Ingen,1.0
Sakslundvegen 11A,1/248/0/0,4051000,70,320000,2515700,1.8,4528,Ingen,1.0
Sakslundvegen 9B,1/249/0/0,3940000,70,320000,2438000,1.8,4388,Ingen,1.0
Sakslundvegen 9A,1/250/0/0,3391000,70,320000,2053700,1.8,3696,Ingen,1.0
Sakslundvegen 7B,1/251/0/0,3630000,70,320000,2221000,1.8,3997,Ingen,1.0
Sakslundvegen 7A,1/252/0/0,3391000,70,320000,2053700,1.8,3696,Ingen,1.0
Sakslundvegen 5B,1/253/0/0,3391000,70,320000,2053700,1.8,3696,Ingen,1.0
Sakslundvegen 5A,1/254/0/0,3552000,70,320000,2166400,1.8,3899,Ingen,1.0
Sakslundvegen 3B,1/255/0/0,3273000,70,320000,1971100,1.8,3547,Ingen,1.0
Sakslundvegen 3A,1/256/0/0,3391000,70,320000,2053700,1.8,3696,Ingen,1.0
Nordlistien 6,1/257/0/0,6472000,70,640000,3890400,1.8,7002,Ingen,2.0
Trafokiosk 0,1/259/0/0,0,100,0,0,4.0,0,Ingen,1.0
Magnus Barfots Veg 16B,1/260/0/0,4291000,70,320000,2683700,1.8,4830,Ingen,1.0
Armfeldts Veg 13,1/261/0/0,4170000,70,320000,2599000,1.8,4678,Ingen,1.0
Tillegg Til Knausen 0,1/262/0/0,105000,100,0,105000,1.8,189,Ingen,1.0
Åslyvegen 5,1/264/0/0,7231000,70,320000,4741700,1.8,8535,Ingen,1.0
Magnus Barfots Veg 18A,1/266/0/0,4699000,70,320000,2969300,1.8,5344,Ingen,1.0
Tillegg Til Rolia 0,1/267/0/0,0,100,0,0,1.8,0,Ingen,1.0
Nedre Stibakken 14,1/268/0/0,7775000,70,320000,5122500,1.8,9220,Ingen,1.0
Nedre Stibakken 7,1/269/0/0,5013000,70,640000,2869100,1.8,5164,Ingen,2.0
Nedre Stibakken 3,1/270/0/0,5037000,70,640000,2885900,1.8,5194,Ingen,2.0
Johan Ellingsens Veg 10,1/271/0/0,6171000,70,320000,3999700,1.8,7199,Ingen,1.0
Nedre Stibakken 5,1/272/0/0,5013000,70,320000,3189100,1.8,5740,Ingen,1.0
Nedre Stibakken 9,1/274/0/0,7198000,70,320000,4718600,1.8,8493,Ingen,1.0
Nedre Stibakken 11B,1/275/0/0,3706000,70,320000,2274200,1.8,4093,Ingen,1.0
Nedre Stibakken 15,1/276/0/0,5707000,70,320000,3674900,1.8,6614,Ingen,1.0
Sakslundvegen 18,1/277/0/0,4893000,70,320000,3105100,1.8,5589,Ingen,1.0
Nedre Stibakken 13,1/278/0/0,5819000,70,320000,3753300,1.8,6755,Ingen,1.0
Sakslundvegen 14,1/282/0/0,5132000,70,320000,3272400,1.8,5890,Ingen,1.0
Jervstien 6,1/286/0/0,5202000,70,320000,3321400,1.8,5978,Ingen,1.0
Sakslundvegen 16,1/287/0/0,5085000,70,320000,3239500,1.8,5831,Ingen,1.0
"Felles Garasjepl. Sakslundv.14, 0",1/288/0/0,228000,100,0,228000,1.8,410,Ingen,1.0
Jervstien 1,1/289/0/0,7178000,70,640000,4384600,1.8,7892,Ingen,2.0
Kongestien 2,1/291/0/0,4797000,70,320000,3037900,1.8,5468,Ingen,1.0
Bjørkly Ii 0,1/295/0/0,0,100,0,0,1.8,0,Ingen,1.0
Nedre Stibakken 11A,1/296/0/0,3646000,70,320000,2232200,1.8,4017,Ingen,1.0
Tillegg Til Røsthaug 0,1/297/0/0,48000,100,0,48000,1.8,86,Ingen,1.0
Olav Magnussons Veg 50,1/298/0/0,6128000,70,320000,3969600,1.8,7145,Ingen,1.0
Lassvebergvegen 13B,1/299/0/0,5819000,70,320000,3753300,1.8,6755,Ingen,1.0
Sakslundvegen 2,1/300/0/0,6365000,70,640000,3815500,1.8,6867,Ingen,2.0
Sakslundvegen 4,1/301/0/0,7096000,70,640000,4327200,1.8,7788,Ingen,2.0
Sakslundvegen 12,1/302/0/0,6171000,70,320000,3999700,1.8,7199,Ingen,1.0
Sakslundvegen 10,1/303/0/0,5202000,70,320000,3321400,1.8,5978,Ingen,1.0
Sakslundvegen 8,1/304/0/0,5365000,70,320000,3435500,1.8,6183,Ingen,1.0
Olav Magnussons Veg 38B,1/307/0/0,3221000,70,320000,1934700,1.8,3482,Ingen,1.0
N.S.B. Parsell 1 0,1/308/0/0,0,100,0,0,1.8,0,Ingen,1.0
Saxe Viks Veg 62,1/309/0/0,584000,70,320000,88800,1.8,159,Ingen,1.0
Hundhammervegen 24,1/310/0/0,3718000,70,320000,2282600,1.8,4108,Ingen,1.0
Hundhammervegen 15,1/311/0/0,4092000,70,320000,2544400,1.8,4579,Ingen,1.0
Kongestien 6,1/312/0/0,6258000,70,320000,4060600,1.8,7309,Ingen,1.0
Sakslundvegen 19,1/314/0/0,37000,100,0,37000,1.8,66,Ingen,1.0
Sakslundvegen 30,1/315/0/0,8298000,70,320000,5488600,1.8,9879,Ingen,1.0
Saxe Viks Veg 66,1/316/0/0,536000,70,320000,55200,1.8,99,Ingen,1.0
Grim Saxeviks Veg 2,1/317/0/0,3897000,70,320000,2407900,1.8,4334,Ingen,1.0
Grim Saxeviks Veg 4,1/318/0/0,3521000,70,320000,2144700,1.8,3860,Ingen,1.0
Grim Saxeviks Veg 6,1/319/0/0,3521000,70,320000,2144700,1.8,3860,Ingen,1.0
Grim Saxeviks Veg 8,1/320/0/0,3781000,70,320000,2326700,1.8,4188,Ingen,1.0
Grim Saxeviks Veg 10,1/321/0/0,3599000,70,320000,2199300,1.8,3958,Ingen,1.0
Grim Saxeviks Veg 12,1/322/0/0,3473000,70,320000,2111100,1.8,3799,Ingen,1.0
Grim Saxeviks Veg 14,1/323/0/0,3897000,70,320000,2407900,1.8,4334,Ingen,1.0
Grim Saxeviks Veg 16,1/324/0/0,3736000,70,320000,2295200,1.8,4131,Ingen,1.0
Grim Saxeviks Veg 18,1/325/0/0,3221000,70,320000,1934700,1.8,3482,Ingen,1.0
Grim Saxeviks Veg 20,1/326/0/0,3825000,70,320000,2357500,1.8,4243,Ingen,1.0
Grim Saxeviks Veg 22,1/327/0/0,3996000,70,320000,2477200,1.8,4458,Ingen,1.0
Grim Saxeviks Veg 24,1/328/0/0,3796000,70,320000,2337200,1.8,4206,Ingen,1.0
Grim Saxeviks Veg 26,1/329/0/0,3736000,70,320000,2295200,1.8,4131,Ingen,1.0
Grim Saxeviks Veg 28,1/330/0/0,3736000,70,320000,2295200,1.8,4131,Ingen,1.0
Grim Saxeviks Veg 30,1/331/0/0,3736000,70,320000,2295200,1.8,4131,Ingen,1.0
Grim Saxeviks Veg 32,1/332/0/0,3968000,70,320000,2457600,1.8,4423,Ingen,1.0
Grim Saxeviks Veg 34,1/333/0/0,3615000,70,320000,2210500,1.8,3978,Ingen,1.0
Grim Saxeviks Veg 36,1/334/0/0,3324000,70,320000,2006800,1.8,3612,Ingen,1.0
Grim Saxeviks Veg 38,1/335/0/0,3721000,70,320000,2284700,1.8,4112,Ingen,1.0
Grim Saxeviks Veg 40,1/336/0/0,3661000,70,320000,2242700,1.8,4036,Ingen,1.0
Grim Saxeviks Veg 42,1/337/0/0,3374000,70,320000,2041800,1.8,3675,Ingen,1.0
Jamthaugvegen 1,1/338/0/0,3630000,70,320000,2221000,1.8,3997,Ingen,1.0
Jamthaugvegen 3,1/339/0/0,4133000,70,320000,2573100,1.8,4631,Ingen,1.0
Jamthaugvegen 5,1/340/0/0,3751000,70,320000,2305700,1.8,4150,Ingen,1.0
Jamthaugvegen 7,1/341/0/0,4119000,70,320000,2563300,1.8,4613,Ingen,1.0
Jamthaugvegen 9,1/342/0/0,3751000,70,320000,2305700,1.8,4150,Ingen,1.0
Jamthaugvegen 11,1/343/0/0,3630000,70,320000,2221000,1.8,3997,Ingen,1.0
Jamthaugvegen 13,1/344/0/0,3868000,70,320000,2387600,1.8,4297,Ingen,1.0
Jamthaugvegen 15,1/345/0/0,3796000,70,320000,2337200,1.8,4206,Ingen,1.0
Jamthaugvegen 17,1/346/0/0,3781000,70,320000,2326700,1.8,4188,Ingen,1.0
Jamthaugvegen 19,1/347/0/0,3646000,70,320000,2232200,1.8,4017,Ingen,1.0
Jamthaugvegen 21,1/348/0/0,3868000,70,320000,2387600,1.8,4297,Ingen,1.0
Jamthaugvegen 23,1/349/0/0,3926000,70,320000,2428200,1.8,4370,Ingen,1.0
Jamthaugvegen 25,1/350/0/0,3646000,70,320000,2232200,1.8,4017,Ingen,1.0
Jamthaugvegen 27,1/351/0/0,3781000,70,320000,2326700,1.8,4188,Ingen,1.0
Jamthaugvegen 29,1/352/0/0,3706000,70,320000,2274200,1.8,4093,Ingen,1.0
Jamthaugvegen 31,1/353/0/0,4450000,70,320000,2795000,1.8,5031,Ingen,1.0
Jamthaugvegen 33,1/354/0/0,3706000,70,320000,2274200,1.8,4093,Ingen,1.0
Jamthaugvegen 35,1/355/0/0,3868000,70,320000,2387600,1.8,4297,Ingen,1.0
Jamthaugvegen 37,1/356/0/0,3706000,70,320000,2274200,1.8,4093,Ingen,1.0
Jamthaugvegen 39,1/357/0/0,3766000,70,320000,2316200,1.8,4169,Ingen,1.0
Jamthaugvegen 41,1/358/0/0,3706000,70,320000,2274200,1.8,4093,Ingen,1.0
Jamthaugvegen 43,1/359/0/0,3568000,70,320000,2177600,1.8,3919,Ingen,1.0
Jamthaugvegen 45,1/360/0/0,3706000,70,320000,2274200,1.8,4093,Ingen,1.0
Jamthaugvegen 2,1/361/0/0,3521000,70,320000,2144700,1.8,3860,Ingen,1.0
Jamthaugvegen 4,1/362/0/0,3537000,70,320000,2155900,1.8,3880,Ingen,1.0
Jamthaugvegen 6,1/363/0/0,3751000,70,320000,2305700,1.8,4150,Ingen,1.0
Jamthaugvegen 8,1/364/0/0,3552000,70,320000,2166400,1.8,3899,Ingen,1.0
Jamthaugvegen 10,1/365/0/0,4092000,70,320000,2544400,1.8,4579,Ingen,1.0
Jamthaugvegen 12,1/366/0/0,3324000,70,320000,2006800,1.8,3612,Ingen,1.0
Jamthaugvegen 14,1/367/0/0,3706000,70,320000,2274200,1.8,4093,Ingen,1.0
Jamthaugvegen 16,1/368/0/0,3691000,70,320000,2263700,1.8,4074,Ingen,1.0
Jamthaugvegen 18,1/369/0/0,4133000,70,320000,2573100,1.8,4631,Ingen,1.0
Jamthaugvegen 20,1/370/0/0,3584000,70,320000,2188800,1.8,3939,Ingen,1.0
Jamthaugvegen 22,1/371/0/0,3751000,70,320000,2305700,1.8,4150,Ingen,1.0
Jamthaugvegen 24,1/372/0/0,3537000,70,320000,2155900,1.8,3880,Ingen,1.0
Jamthaugvegen 26,1/373/0/0,3521000,70,320000,2144700,1.8,3860,Ingen,1.0
Jamthaugvegen 28,1/374/0/0,3630000,70,320000,2221000,1.8,3997,Ingen,1.0
Jamthaugvegen 30,1/375/0/0,3552000,70,320000,2166400,1.8,3899,Ingen,1.0
Jamthaugvegen 32,1/376/0/0,3706000,70,320000,2274200,1.8,4093,Ingen,1.0
Jamthaugvegen 34,1/377/0/0,3537000,70,320000,2155900,1.8,3880,Ingen,1.0
Jamthaugvegen 36,1/378/0/0,3615000,70,320000,2210500,1.8,3978,Ingen,1.0
Jamthaugvegen 38,1/379/0/0,3424000,70,320000,2076800,1.8,3738,Ingen,1.0
Jamthaugvegen 40,1/380/0/0,3203000,70,320000,1922100,1.8,3459,Ingen,1.0
Jamthaugvegen 42,1/381/0/0,3552000,70,320000,2166400,1.8,3899,Ingen,1.0
Jamthaugvegen 44,1/382/0/0,3473000,70,320000,2111100,1.8,3799,Ingen,1.0
Jamthaugvegen 46,1/383/0/0,3630000,70,320000,2221000,1.8,3997,Ingen,1.0
Jamthaugvegen 48,1/384/0/0,3489000,70,320000,2122300,1.8,3820,Ingen,1.0
Jamthaugvegen 50,1/385/0/0,3489000,70,320000,2122300,1.8,3820,Ingen,1.0
Jamthaugvegen 52,1/386/0/0,3630000,70,320000,2221000,1.8,3997,Ingen,1.0
Jamthaugvegen 54,1/387/0/0,3766000,70,320000,2316200,1.8,4169,Ingen,1.0
Jamthaugvegen 56,1/388/0/0,3537000,70,320000,2155900,1.8,3880,Ingen,1.0
Jamthaugvegen 58,1/389/0/0,3854000,70,320000,2377800,1.8,4280,Ingen,1.0
Jamthaugvegen 60,1/390/0/0,3537000,70,320000,2155900,1.8,3880,Ingen,1.0
Jamthaugvegen 62,1/391/0/0,4387000,70,320000,2750900,1.8,4951,Ingen,1.0
Jamthaugvegen 64,1/392/0/0,3537000,70,320000,2155900,1.8,3880,Ingen,1.0
Jamthaugvegen 66,1/393/0/0,3584000,70,320000,2188800,1.8,3939,Ingen,1.0
Jamthaugvegen 68,1/394/0/0,3537000,70,320000,2155900,1.8,3880,Ingen,1.0
Jamthaugvegen 70,1/395/0/0,3646000,70,320000,2232200,1.8,4017,Ingen,1.0
Jamthaugvegen 72,1/396/0/0,3537000,70,320000,2155900,1.8,3880,Ingen,1.0
Jamthaugvegen 74,1/397/0/0,3825000,70,320000,2357500,1.8,4243,Ingen,1.0
Jamthaugvegen 76,1/398/0/0,3552000,70,320000,2166400,1.8,3899,Ingen,1.0
Jamthaugvegen 78,1/399/0/0,3537000,70,320000,2155900,1.8,3880,Ingen,1.0
Jamthaugvegen 80,1/400/0/0,3706000,70,320000,2274200,1.8,4093,Ingen,1.0
Jamthaugvegen 82,1/401/0/0,3599000,70,320000,2199300,1.8,3958,Ingen,1.0
Jamthaugvegen 84,1/402/0/0,3537000,70,320000,2155900,1.8,3880,Ingen,1.0
Jamthaugvegen 86,1/403/0/0,3897000,70,320000,2407900,1.8,4334,Ingen,1.0
Jamthaugvegen 88,1/404/0/0,3505000,70,320000,2133500,1.8,3840,Ingen,1.0
Jamthaugvegen 90,1/405/0/0,3825000,70,320000,2357500,1.8,4243,Ingen,1.0
Jamthaugvegen 92,1/406/0/0,3440000,70,320000,2088000,1.8,3758,Ingen,1.0
Hundhammervegen 13A,1/407/0/1,4717000,70,320000,2981900,1.8,5367,Ingen,1.0
Hundhammervegen 13B,1/407/0/2,4214000,70,320000,2629800,1.8,4733,Ingen,1.0
Armfeldts Veg 8,1/410/0/0,6912000,70,320000,4518400,1.8,8133,Ingen,1.0
Åslyvegen 1,1/413/0/0,4772000,70,320000,3020400,1.8,5436,Ingen,1.0
Åslyvegen 2,1/414/0/0,4530000,70,320000,2851000,1.8,5131,Ingen,1.0
Åslyvegen 4,1/415/0/0,4226000,70,320000,2638200,1.8,4748,Ingen,1.0
Lassvebergvegen 6,1/416/0/0,5842000,70,320000,3769400,1.8,6784,Ingen,1.0
Olav Magnussons Veg 32B,1/426/0/0,5037000,70,320000,3205900,1.8,5770,Ingen,1.0
Saksviklia 73,1/427/0/0,5526000,70,320000,3548200,1.8,6386,Ingen,1.0
Saksviklia 77,1/428/0/0,6515000,70,320000,4240500,1.8,7632,Ingen,1.0
Saksviklia 75,1/429/0/0,5908000,70,320000,3815600,1.8,6868,Ingen,1.0
Saksviklia 71,1/430/0/0,5526000,70,320000,3548200,1.8,6386,Ingen,1.0
Lassvebergvegen 23,1/431/0/0,5886000,70,320000,3800200,1.8,6840,Ingen,1.0
Jamthaugvegen 94B,1/440/0/0,4400000,70,320000,2760000,1.8,4968,Ingen,1.0
Nordlistien 4,1/442/0/0,5775000,70,320000,3722500,1.8,6700,Ingen,1.0
Sakslundvegen 23,1/452/0/0,6724000,70,320000,4386800,1.8,7896,Ingen,1.0
Olav Magnussons Veg 57B,1/453/0/0,4092000,70,320000,2544400,1.8,4579,Ingen,1.0
Magnus Barfots Veg 28C,1/454/0/0,6344000,70,320000,4120800,1.8,7417,Ingen,1.0
Olav Magnussons Veg 23B,1/456/0/0,6669000,70,320000,4348300,1.8,7826,Ingen,1.0
Åslyvegen 6,1/459/0/0,6255000,70,320000,4058500,1.8,7305,Ingen,1.0
Åslyvegen 8,1/460/0/0,7178000,70,320000,4704600,1.8,8468,Ingen,1.0
Åslyvegen 10,1/461/0/0,7924000,70,320000,5226800,1.8,9408,Ingen,1.0
Tillegg Til 2/268 0,1/462/0/0,0,100,0,0,1.8,0,Ingen,1.0
Sakslundvegen 27,1/463/0/0,5944000,70,320000,3840800,1.8,6913,Ingen,1.0
Ole Hoels Veg 2A,1/464/0/0,5477000,70,320000,3513900,1.8,6325,Ingen,1.0
Sakslundvegen 36,1/465/0/0,5176000,70,640000,2983200,1.8,5369,Ingen,2.0
Veggrunn Av Utsikten 0,1/466/0/0,0,100,0,0,4.0,0,Ingen,1.0
Sjølystvegen 66A,1/467/0/0,4067000,70,320000,2526900,1.8,4548,Ingen,1.0
Sjølystvegen 64,1/468/0/0,5857000,70,320000,3779900,1.8,6803,Ingen,1.0
Sjølystvegen 62,1/469/0/0,6171000,70,320000,3999700,1.8,7199,Ingen,1.0
Sjølystvegen 60,1/470/0/0,5566000,70,320000,3576200,1.8,6437,Ingen,1.0
Sjølystvegen 58,1/471/0/0,7283000,70,320000,4778100,1.8,8600,Ingen,1.0
Sjølystvegen 50,1/472/0/0,8000000,70,320000,5280000,1.8,9504,Ingen,1.0
Sjølystvegen 54,1/473/0/0,6859000,70,320000,4481300,1.8,8066,Ingen,1.0
Sjølystvegen 56,1/474/0/0,6422000,70,320000,4175400,1.8,7515,Ingen,1.0
Sjølystvegen 48,1/475/0/0,6227000,70,320000,4038900,1.8,7270,Ingen,1.0
Sjølystvegen 68,1/476/0/0,6642000,70,320000,4329400,1.8,7792,Ingen,1.0
Sjølystvegen 74,1/477/0/0,4396000,70,320000,2757200,1.8,4962,Ingen,1.0
Sjølystvegen 76,1/478/0/0,4575000,70,320000,2882500,1.8,5188,Ingen,1.0
Sjølystvegen 78,1/479/0/0,4244000,70,320000,2650800,1.8,4771,Ingen,1.0
Sjølystvegen 80,1/480/0/0,4868000,70,320000,3087600,1.8,5557,Ingen,1.0
Sjølystvegen 82,1/481/0/0,4429000,70,320000,2780300,1.8,5004,Ingen,1.0
Sjølystvegen 84,1/482/0/0,3627000,70,320000,2218900,1.8,3994,Ingen,1.0
Sjølystvegen 86,1/483/0/0,4478000,70,320000,2814600,1.8,5066,Ingen,1.0
Sjølystvegen 88,1/484/0/0,4139000,70,320000,2577300,1.8,4639,Ingen,1.0
Sjølystvegen 90,1/485/0/0,3901000,70,320000,2410700,1.8,4339,Ingen,1.0
Sjølystvegen 92,1/486/0/0,5053000,70,320000,3217100,1.8,5790,Ingen,1.0
Sjølystvegen 94,1/487/0/0,4685000,70,320000,2959500,1.8,5327,Ingen,1.0
Sjølystvegen 26,1/488/0/0,4103000,70,320000,2552100,1.8,4593,Ingen,1.0
Sjølystvegen 28,1/489/0/0,4192000,70,320000,2614400,1.8,4705,Ingen,1.0
Sjølystvegen 30,1/490/0/0,4244000,70,320000,2650800,1.8,4771,Ingen,1.0
Sjølystvegen 32,1/491/0/0,4396000,70,320000,2757200,1.8,4962,Ingen,1.0
Sjølystvegen 34,1/492/0/0,4778000,70,320000,3024600,1.8,5444,Ingen,1.0
Sjølystvegen 36,1/493/0/0,4732000,70,320000,2992400,1.8,5386,Ingen,1.0
Sjølystvegen 38,1/494/0/0,4607000,70,320000,2904900,1.8,5228,Ingen,1.0
Sjølystvegen 40,1/495/0/0,5365000,70,320000,3435500,1.8,6183,Ingen,1.0
Sjølystvegen 42,1/496/0/0,7465000,70,640000,4585500,1.8,8253,Ingen,2.0
Sjølystvegen 44,1/497/0/0,6422000,70,640000,3855400,1.8,6939,Ingen,2.0
Sjølystvegen 46,1/498/0/0,4548000,70,320000,2863600,1.8,5154,Ingen,1.0
Sjølystvegen 52,1/499/0/0,6805000,70,320000,4443500,1.8,7998,Ingen,1.0
Sjølystvegen 72,1/500/0/0,8224000,70,640000,5116800,1.8,9210,Ingen,2.0
Sjølystvegen 70,1/501/0/0,6912000,70,320000,4518400,1.8,8133,Ingen,1.0
Sjølystvegen 39B,1/502/0/1,2885000,70,320000,1699500,1.8,3059,Ingen,1.0
Sjølystvegen 39A,1/502/0/2,2953000,70,320000,1747100,1.8,3144,Ingen,1.0
Sjølystvegen 39D,1/502/0/3,3021000,70,320000,1794700,1.8,3230,Ingen,1.0
Sjølystvegen 39C,1/502/0/4,3055000,70,320000,1818500,1.8,3273,Ingen,1.0
Sjølystvegen 27B,1/506/0/0,6450000,70,320000,4195000,1.8,7551,Ingen,1.0
Sjølystvegen 25A,1/507/0/1,5432000,70,320000,3482400,1.8,6268,Ingen,1.0
Sjølystvegen 25B,1/507/0/2,4413000,70,320000,2769100,1.8,4984,Ingen,1.0
Sjølystvegen 23B,1/508/0/1,4446000,70,320000,2792200,1.8,5025,Ingen,1.0
Sjølystvegen 23A,1/508/0/2,4716000,70,320000,2981200,1.8,5366,Ingen,1.0
Sjølystvegen 21B,1/509/0/1,4244000,70,320000,2650800,1.8,4771,Ingen,1.0
Sjølystvegen 21A,1/509/0/2,4838000,70,320000,3066600,1.8,5519,Ingen,1.0
Sjølystvegen 69,1/510/0/0,6001000,70,320000,3880700,1.8,6985,Ingen,1.0
Sjølystvegen 67,1/511/0/0,8125000,70,320000,5367500,1.8,9661,Ingen,1.0
Sjølystvegen 71,1/512/0/0,3994000,70,320000,2475800,1.8,4456,Ingen,1.0
Sjølystvegen 65,1/513/0/0,6912000,70,640000,4198400,1.8,7557,Ingen,2.0
Sjølystvegen 63,1/514/0/0,6283000,70,320000,4078100,1.8,7340,Ingen,1.0
Sjølystvegen 61,1/515/0/0,5800000,70,320000,3740000,1.8,6732,Ingen,1.0
Sjølystvegen 73,1/516/0/0,4067000,70,320000,2526900,1.8,4548,Ingen,1.0
Sjølystvegen 77,1/517/0/0,4960000,70,320000,3152000,1.8,5673,Ingen,1.0
Sjølystvegen 79,1/518/0/0,4835000,70,320000,3064500,1.8,5516,Ingen,1.0
Sjølystvegen 81,1/519/0/0,4016000,70,320000,2491200,1.8,4484,Ingen,1.0
Sjølystvegen 83,1/520/0/0,5084000,70,320000,3238800,1.8,5829,Ingen,1.0
Sjølystvegen 85,1/521/0/0,4067000,70,320000,2526900,1.8,4548,Ingen,1.0
Sjølystvegen 87,1/522/0/0,3844000,70,320000,2370800,1.8,4267,Ingen,1.0
Sjølystvegen 89,1/523/0/0,3939000,70,320000,2437300,1.8,4387,Ingen,1.0
Sjølystvegen 47,1/524/0/0,6642000,70,320000,4329400,1.8,7792,Ingen,1.0
Sjølystvegen 49,1/525/0/0,7099000,70,640000,4329300,1.8,7792,Ingen,2.0
Sjølystvegen 51,1/526/0/0,8298000,70,640000,5168600,1.8,9303,Ingen,2.0
Sjølystvegen 53,1/527/0/0,5857000,70,320000,3779900,1.8,6803,Ingen,1.0
Sjølystvegen 55,1/528/0/0,6001000,70,320000,3880700,1.8,6985,Ingen,1.0
Sjølystvegen 57,1/529/0/0,6778000,70,640000,4104600,1.8,7388,Ingen,2.0
Sjølystvegen 59,1/530/0/0,6450000,70,320000,4195000,1.8,7551,Ingen,1.0
Hundhammervegen 26,1/531/0/0,7892000,70,320000,5204400,1.8,9367,Ingen,1.0
Sjølystvegen 31,1/532/0/0,6084000,70,320000,3938800,1.8,7089,Ingen,1.0
Sjølystvegen 75,1/533/0/0,5506000,70,320000,3534200,1.8,6361,Ingen,1.0
Sjølystvegen 91,1/534/0/0,4483000,70,320000,2818100,1.8,5072,Ingen,1.0
Sjølystvegen 93,1/535/0/0,4866000,70,320000,3086200,1.8,5555,Ingen,1.0
Sjølystvegen 16,1/536/0/0,6420000,70,320000,4174000,1.8,7513,Ingen,1.0
Sjølystvegen 14,1/537/0/0,2695000,100,0,2695000,4.0,10780,Ingen,1.0
Sjølystvegen 27A,1/538/0/0,6115000,70,320000,3960500,1.8,7128,Ingen,1.0
Sjølystvegen 66B,1/539/0/0,3994000,70,320000,2475800,1.8,4456,Ingen,1.0
Hundhammervegen 30,1/540/0/0,0,100,0,0,1.8,0,Ingen,1.0
Hundhammervegen 32A,1/542/0/0,6588000,70,320000,4291600,1.8,7724,Ingen,1.0
Hundhammervegen 24B,1/543/0/0,0,100,0,0,1.8,0,Ingen,1.0
Johan Ellingsens Veg 20,1/544/0/0,9197000,70,640000,5797900,1.8,10436,Ingen,2.0
Sjølystvegen 24,1/545/0/0,4346000,70,320000,2722200,1.8,4899,Ingen,1.0
Sjølystvegen 12,1/547/0/0,21256000,100,0,21256000,4.0,85024,Ingen,1.0
Saxe Viks Veg 2J,1/548/0/1,4895000,70,320000,3106500,1.8,5591,Ingen,1.0
Saxe Viks Veg 2K,1/548/0/2,4376000,70,320000,2743200,1.8,4937,Ingen,1.0
Saxe Viks Veg 2L,1/548/0/3,3638000,70,320000,2226600,1.8,4007,Ingen,1.0
Saxe Viks Veg 2M,1/548/0/4,4376000,70,320000,2743200,1.8,4937,Ingen,1.0
Saxe Viks Veg 2N,1/548/0/5,4376000,70,320000,2743200,1.8,4937,Ingen,1.0
Saxe Viks Veg 2P,1/548/0/6,3939000,70,320000,2437300,1.8,4387,Ingen,1.0
Saxe Viks Veg 2R,1/548/0/7,4942000,70,320000,3139400,1.8,5650,Ingen,1.0
Saxe Viks Veg 2R,1/548/0/8,4942000,70,320000,3139400,1.8,5650,Ingen,1.0
Saxe Viks Veg 2R,1/548/0/9,4376000,70,320000,2743200,1.8,4937,Ingen,1.0
Saxe Viks Veg 2R,1/548/0/10,3638000,70,320000,2226600,1.8,4007,Ingen,1.0
Saxe Viks Veg 2R,1/548/0/11,3638000,70,320000,2226600,1.8,4007,Ingen,1.0
Saxe Viks Veg 2R,1/548/0/12,3939000,70,320000,2437300,1.8,4387,Ingen,1.0
Saxe Viks Veg 2R,1/548/0/13,4849000,70,320000,3074300,1.8,5533,Ingen,1.0
Saxe Viks Veg 2R,1/548/0/14,5015000,70,320000,3190500,1.8,5742,Ingen,1.0
Saxe Viks Veg 2R,1/548/0/15,4942000,70,320000,3139400,1.8,5650,Ingen,1.0
Saxe Viks Veg 2R,1/548/0/16,4830000,70,320000,3061000,1.8,5509,Ingen,1.0
Saxe Viks Veg 2B,1/548/0/17,4423000,70,320000,2776100,1.8,4996,Ingen,1.0
Saxe Viks Veg 2C,1/548/0/18,3288000,70,320000,1981600,1.8,3566,Ingen,1.0
Saxe Viks Veg 2D,1/548/0/19,3288000,70,320000,1981600,1.8,3566,Ingen,1.0
Saxe Viks Veg 2E,1/548/0/20,3288000,70,320000,1981600,1.8,3566,Ingen,1.0
Saxe Viks Veg 2F,1/548/0/21,3288000,70,320000,1981600,1.8,3566,Ingen,1.0
Saxe Viks Veg 2G,1/548/0/22,4942000,70,320000,3139400,1.8,5650,Ingen,1.0
Saxe Viks Veg 2A,1/548/0/23,3507000,70,320000,2134900,1.8,3842,Ingen,1.0
Saxe Viks Veg 2A,1/548/0/24,3288000,70,320000,1981600,1.8,3566,Ingen,1.0
Saxe Viks Veg 2A,1/548/0/25,2950000,70,320000,1745000,1.8,3141,Ingen,1.0
Saxe Viks Veg 2A,1/548/0/26,3288000,70,320000,1981600,1.8,3566,Ingen,1.0
Saxe Viks Veg 2A,1/548/0/27,2818000,70,320000,1652600,1.8,2974,Ingen,1.0
Saxe Viks Veg 2A,1/548/0/28,3355000,70,320000,2028500,1.8,3651,Ingen,1.0
Saxe Viks Veg 2A,1/548/0/29,4895000,70,320000,3106500,1.8,5591,Ingen,1.0
Saxe Viks Veg 2A,1/548/0/30,3288000,70,320000,1981600,1.8,3566,Ingen,1.0
Saxe Viks Veg 2A,1/548/0/31,3288000,70,320000,1981600,1.8,3566,Ingen,1.0
Saxe Viks Veg 2A,1/548/0/32,2818000,70,320000,1652600,1.8,2974,Ingen,1.0
Saxe Viks Veg 2A,1/548/0/33,3288000,70,320000,1981600,1.8,3566,Ingen,1.0
Saxe Viks Veg 2A,1/548/0/34,4070000,70,320000,2529000,1.8,4552,Ingen,1.0
Saxe Viks Veg 2H,1/548/0/35,2944000,70,320000,1740800,1.8,3133,Ingen,1.0
Saxe Viks Veg 2R,1/548/0/36,2733000,70,320000,1593100,1.8,2867,Ingen,1.0
Saxe Viks Veg 2R,1/548/0/37,2107000,70,320000,1154900,1.8,2078,Ingen,1.0
Saxe Viks Veg 2R,1/548/0/38,2861000,70,320000,1682700,1.8,3028,Ingen,1.0
Saxe Viks Veg 2R,1/548/0/39,3800000,70,320000,2340000,1.8,4212,Ingen,1.0
Saksviktrøa 1,1/549/0/0,6199000,70,320000,4019300,1.8,7234,Ingen,1.0
Saksviktrøa 3,1/550/0/0,6143000,70,320000,3980100,1.8,7164,Ingen,1.0
Saksviktrøa 5,1/551/0/0,5857000,70,320000,3779900,1.8,6803,Ingen,1.0
Saksviktrøa 7,1/552/0/0,5857000,70,320000,3779900,1.8,6803,Ingen,1.0
Saksviktrøa 9,1/553/0/0,6283000,70,320000,4078100,1.8,7340,Ingen,1.0
Saksviktrøa 11,1/554/0/0,6029000,70,320000,3900300,1.8,7020,Ingen,1.0
Saksviktrøa 13,1/555/0/0,5566000,70,320000,3576200,1.8,6437,Ingen,1.0
Saksviktrøa 15,1/556/0/0,5915000,70,320000,3820500,1.8,6876,Ingen,1.0
Saksviktrøa 17,1/557/0/0,6199000,70,320000,4019300,1.8,7234,Ingen,1.0
Saksviktrøa 19,1/558/0/0,6001000,70,320000,3880700,1.8,6985,Ingen,1.0
Saksviktrøa 21,1/559/0/0,6143000,70,320000,3980100,1.8,7164,Ingen,1.0
Saksviktrøa 6,1/560/0/0,4866000,70,320000,3086200,1.8,5555,Ingen,1.0
Saksviktrøa 8,1/561/0/0,4960000,70,320000,3152000,1.8,5673,Ingen,1.0
Saksviktrøa 10,1/562/0/0,4960000,70,320000,3152000,1.8,5673,Ingen,1.0
Saksviktrøa 12,1/563/0/0,6505000,70,320000,4233500,1.8,7620,Ingen,1.0
Saksviktrøa 14,1/564/0/0,4960000,70,320000,3152000,1.8,5673,Ingen,1.0
Saksviktrøa 16,1/565/0/0,4835000,70,320000,3064500,1.8,5516,Ingen,1.0
Saksviktrøa 18,1/566/0/0,4960000,70,320000,3152000,1.8,5673,Ingen,1.0
Saksviktrøa 20,1/567/0/0,4960000,70,320000,3152000,1.8,5673,Ingen,1.0
Saksviktrøa 22,1/568/0/0,4960000,70,320000,3152000,1.8,5673,Ingen,1.0
Saksviktrøa 24,1/569/0/0,4772000,70,320000,3020400,1.8,5436,Ingen,1.0
Saksviktrøa 26,1/570/0/0,7257000,70,320000,4759900,1.8,8567,Ingen,1.0
Saksviktrøa 28,1/571/0/0,5022000,70,320000,3195400,1.8,5751,Ingen,1.0
Saksviktrøa 30,1/572/0/0,4644000,70,320000,2930800,1.8,5275,Ingen,1.0
Saksviktrøa 32,1/573/0/0,4960000,70,320000,3152000,1.8,5673,Ingen,1.0
Saksviktrøa 34,1/574/0/0,4835000,70,320000,3064500,1.8,5516,Ingen,1.0
Åslyvegen 3,1/575/0/0,6966000,70,320000,4556200,1.8,8201,Ingen,1.0
Sjølystvegen 20A,1/576/0/1,4801000,70,320000,3040700,1.8,5473,Ingen,1.0
Sjølystvegen 20B,1/576/0/2,4915000,70,320000,3120500,1.8,5616,Ingen,1.0
Sjølystvegen 20C,1/576/0/3,4623000,70,320000,2916100,1.8,5248,Ingen,1.0
Sjølystvegen 20D,1/576/0/4,3152000,70,320000,1886400,1.8,3395,Ingen,1.0
Sjølystvegen 20E,1/576/0/5,3193000,70,320000,1915100,1.8,3447,Ingen,1.0
Sjølystvegen 20F,1/576/0/6,3464000,70,320000,2104800,1.8,3788,Ingen,1.0
Sjølystvegen 33,1/578/0/0,7439000,70,640000,4567300,1.8,8221,Ingen,2.0
Sjølystvegen 35,1/579/0/0,5695000,70,640000,3346500,1.8,6023,Ingen,2.0
Sjølystvegen 37,1/580/0/0,7231000,70,640000,4421700,1.8,7959,Ingen,2.0
Hundhammervegen 19B,1/581/0/0,5085000,70,320000,3239500,1.8,5831,Ingen,1.0
Saxe Viks Veg 12,1/582/0/1,2642000,70,320000,1529400,1.8,2752,Ingen,1.0
Saxe Viks Veg 12,1/582/0/2,2642000,70,320000,1529400,1.8,2752,Ingen,1.0
Saxe Viks Veg 12,1/582/0/3,2607000,70,320000,1504900,1.8,2708,Ingen,1.0
Saxe Viks Veg 12,1/582/0/4,2321000,70,320000,1304700,1.8,2348,Ingen,1.0
Saxe Viks Veg 12,1/582/0/5,2607000,70,320000,1504900,1.8,2708,Ingen,1.0
Saxe Viks Veg 12,1/582/0/6,2607000,70,320000,1504900,1.8,2708,Ingen,1.0
Saxe Viks Veg 10,1/582/0/7,1771000,70,320000,919700,1.8,1655,Ingen,1.0
Saxe Viks Veg 10,1/582/0/8,2536000,70,320000,1455200,1.8,2619,Ingen,1.0
Saxe Viks Veg 10,1/582/0/9,2500000,70,320000,1430000,1.8,2574,Ingen,1.0
Saxe Viks Veg 10,1/582/0/10,2951000,70,320000,1745700,1.8,3142,Ingen,1.0
Saxe Viks Veg 10,1/582/0/11,3717000,70,320000,2281900,1.8,4107,Ingen,1.0
Saxe Viks Veg 10,1/582/0/12,3522000,70,320000,2145400,1.8,3861,Ingen,1.0
Saxe Viks Veg 8,1/582/0/13,2500000,70,320000,1430000,1.8,2574,Ingen,1.0
Saxe Viks Veg 8,1/582/0/14,2607000,70,320000,1504900,1.8,2708,Ingen,1.0
Saxe Viks Veg 8,1/582/0/15,2536000,70,320000,1455200,1.8,2619,Ingen,1.0
Saxe Viks Veg 8,1/582/0/16,2677000,70,320000,1553900,1.8,2797,Ingen,1.0
Saxe Viks Veg 8,1/582/0/17,2393000,70,320000,1355100,1.8,2439,Ingen,1.0
Saxe Viks Veg 6,1/582/0/18,3489000,70,320000,2122300,1.8,3820,Ingen,1.0
Saxe Viks Veg 6,1/582/0/19,3522000,70,320000,2145400,1.8,3861,Ingen,1.0
Saxe Viks Veg 6,1/582/0/20,2607000,70,320000,1504900,1.8,2708,Ingen,1.0
Saxe Viks Veg 6,1/582/0/21,2500000,70,320000,1430000,1.8,2574,Ingen,1.0
Saxe Viks Veg 6,1/582/0/22,2642000,70,320000,1529400,1.8,2752,Ingen,1.0
Saxe Viks Veg 6,1/582/0/23,2500000,70,320000,1430000,1.8,2574,Ingen,1.0
Saxe Viks Veg 8,1/582/0/24,2536000,70,320000,1455200,1.8,2619,Ingen,1.0
Parsell B Av 1/1 0,1/583/0/0,0,100,0,0,1.8,0,Ingen,1.0
Lassvebergvegen 9A,1/585/0/0,7099000,70,640000,4329300,1.8,7792,Ingen,2.0
Lassvebergvegen 9B,1/586/0/0,7231000,70,640000,4421700,1.8,7959,Ingen,2.0
Lassvebergvegen 9D,1/587/0/0,7231000,70,640000,4421700,1.8,7959,Ingen,2.0
Lassvebergvegen 9C,1/588/0/0,7568000,70,640000,4657600,1.8,8383,Ingen,2.0
Tillegg Til Olav Magnusv. 29 0,1/589/0/0,0,100,0,0,1.8,0,Ingen,1.0
Saksviklia 52,1/590/0/0,8249000,70,320000,5454300,1.8,9817,Ingen,1.0
Saksviklia 65,1/591/0/0,7361000,70,640000,4512700,1.8,8122,Ingen,2.0
Saxe Viks Veg 64,1/592/0/0,1017000,70,320000,391900,1.8,705,Ingen,1.0
Saksviklia 50,1/593/0/0,7773000,70,640000,4801100,1.8,8641,Ingen,2.0
Saksviklia 48,1/594/0/0,7874000,70,640000,4871800,1.8,8769,Ingen,2.0
Saksviklia 46,1/595/0/0,7361000,70,320000,4832700,1.8,8698,Ingen,1.0
Saksviklia 44,1/596/0/0,7413000,70,640000,4549100,1.8,8188,Ingen,2.0
Saksviklia 42,1/597/0/0,7491000,70,640000,4603700,1.8,8286,Ingen,2.0
Saksviklia 40,1/598/0/0,7696000,70,320000,5067200,1.8,9120,Ingen,1.0
Saksviklia 61,1/599/0/0,7561000,70,320000,4972700,1.8,8950,Ingen,1.0
Saksviklia 57,1/600/0/0,8000000,70,640000,4960000,1.8,8928,Ingen,2.0
Saksviklia 53,1/601/0/0,5829000,70,320000,3760300,1.8,6768,Ingen,1.0
Saksviklia 49,1/602/0/0,8025000,70,320000,5297500,1.8,9535,Ingen,1.0
Saksviklia 45,1/603/0/1,4868000,70,320000,3087600,1.8,5557,Ingen,1.0
Saksviklia 47,1/603/0/2,3157000,70,320000,1889900,1.8,3401,Ingen,1.0
Saksviklia 41,1/604/0/0,6422000,70,320000,4175400,1.8,7515,Ingen,1.0
Saksviklia 69,1/605/0/0,9908000,70,640000,6295600,1.8,11332,Ingen,2.0
Grim Saxeviks Veg 44,1/606/0/0,4869000,70,320000,3088300,1.8,5558,Ingen,1.0
Grim Saxeviks Veg 46,1/607/0/0,4869000,70,640000,2768300,1.8,4982,Ingen,2.0
Grim Saxeviks Veg 50,1/608/0/0,5707000,70,320000,3674900,1.8,6614,Ingen,1.0
Grim Saxeviks Veg 52,1/609/0/0,6451000,70,640000,3875700,1.8,6976,Ingen,2.0
Sakslundvegen 6B,1/610/0/0,7212000,70,320000,4728400,1.8,8511,Ingen,1.0
Sakslundvegen 6C,1/611/0/0,6966000,70,320000,4556200,1.8,8201,Ingen,1.0
Olav Magnussons Veg 24,1/613/0/0,7019000,70,320000,4593300,1.8,8267,Ingen,1.0
Saxe Viks Veg 60,1/614/0/0,1045000,70,320000,411500,1.8,740,Ingen,1.0
Sjølystvegen 22,1/616/0/1,2858000,70,320000,1680600,1.8,3025,Ingen,1.0
Sjølystvegen 22,1/616/0/2,3911000,70,320000,2417700,1.8,4351,Ingen,1.0
Sjølystvegen 22,1/616/0/3,3911000,70,320000,2417700,1.8,4351,Ingen,1.0
Sjølystvegen 22,1/616/0/4,2499000,70,320000,1429300,1.8,2572,Ingen,1.0
Grim Saxeviks Veg 48,1/618/0/0,47527000,70,4800000,28468900,1.8,51244,Ingen,15.0
Olav Magnussons Veg 17,1/619/0/0,7231000,70,640000,4421700,1.8,7959,Ingen,2.0
Olav Magnussons Veg 15,1/620/0/0,6912000,70,640000,4198400,1.8,7557,Ingen,2.0
Olav Magnussons Veg 13,1/621/0/0,7620000,70,640000,4694000,1.8,8449,Ingen,2.0
Lassvebergvegen 11A,1/622/0/0,8249000,70,640000,5134300,1.8,9241,Ingen,2.0
Åslyvegen 12,1/623/0/0,8689000,70,640000,5442300,1.8,9796,Ingen,2.0
Saxe Viks Veg 18A,1/624/0/0,11588000,70,320000,7791600,1.8,14024,Ingen,1.0
Vidsjåvegen 23,1/625/0/0,0,100,0,0,1.8,0,Ingen,1.0
Vidsjåvegen 21,1/626/0/0,0,100,0,0,1.8,0,Ingen,1.0
Vidsjåvegen 19,1/627/0/0,0,100,0,0,1.8,0,Ingen,1.0
Vidsjåvegen 17,1/628/0/0,7912000,70,320000,5218400,1.8,9393,Ingen,1.0
Vidsjåvegen 15,1/629/0/0,10131000,70,320000,6771700,1.8,12189,Ingen,1.0
Hundhammervegen 19C,1/630/0/0,7673000,70,640000,4731100,1.8,8515,Ingen,2.0
Hundhammervegen 19D,1/631/0/0,11407000,70,640000,7344900,1.8,13220,Ingen,2.0
Saxe Viks Veg 20A,1/632/0/0,11048000,70,640000,7093600,1.8,12768,Ingen,2.0
Hundhammervegen 27A,1/633/0/0,84000,100,0,84000,1.8,151,Ingen,1.0
Åslyvegen 9,1/634/0/0,11686000,70,960000,7220200,1.8,12996,Ingen,3.0
1/635/0/0 0,1/635/0/0,0,100,0,0,1.8,0,Ingen,1.0
Saxe Viks Veg 28B,1/636/0/0,8648000,70,640000,5413600,1.8,9744,Ingen,2.0
Armfeldts Veg 5,1/637/0/0,5132000,70,640000,2952400,1.8,5314,Ingen,2.0
Olav Magnussons Veg 43,1/638/0/0,6280000,70,640000,3756000,1.8,6760,Ingen,2.0
Armfeldts Veg 9,1/639/0/0,5132000,70,320000,3272400,1.8,5890,Ingen,1.0
Armfeldts Veg 16,1/640/0/0,3880000,70,320000,2396000,1.8,4312,Ingen,1.0
Armfeldts Veg 14,1/641/0/0,5503000,70,320000,3532100,1.8,6357,Ingen,1.0
Armfeldts Veg 11,1/642/0/0,4730000,70,320000,2991000,1.8,5383,Ingen,1.0
Olav Magnussons Veg 35,1/643/0/0,3772000,70,320000,2320400,1.8,4176,Ingen,1.0
Armfeldts Veg 12,1/644/0/0,6150000,70,640000,3665000,1.8,6597,Ingen,2.0
Olav Magnussons Veg 47A,1/645/0/0,4456000,70,320000,2799200,1.8,5038,Ingen,1.0
Jamthaugvegen 53,1/646/0/0,6683000,70,640000,4038100,1.8,7268,Ingen,2.0
Olav Magnussons Veg 48,1/647/0/0,1318000,70,320000,602600,1.8,1084,Ingen,1.0
Armfeldts Veg 12A,1/648/0/0,4821000,70,320000,3054700,1.8,5498,Ingen,1.0
Olav Magnussons Veg 40,1/650/0/0,5975000,70,320000,3862500,1.8,6952,Ingen,1.0
1/651/0/0 0,1/651/0/0,0,100,0,0,4.0,0,Ingen,1.0
Jamthaugvegen 102,1/652/0/0,5085000,70,320000,3239500,1.8,5831,Ingen,1.0
1/653/0/0 0,1/653/0/0,0,100,0,0,4.0,0,Ingen,1.0
1/655/0/0 0,1/655/0/0,0,100,0,0,1.8,0,Ingen,1.0
Saxe Viks Veg 15,1/656/0/1,1635000,70,320000,824500,1.8,1484,Ingen,1.0
Saxe Viks Veg 17,1/656/0/2,1187000,70,320000,510900,1.8,919,Ingen,1.0
Saxe Viks Veg 19,1/656/0/3,2146000,70,320000,1182200,1.8,2127,Ingen,1.0
Saxe Viks Veg 21,1/656/0/4,2604000,70,320000,1502800,1.8,2705,Ingen,1.0
Saxe Viks Veg 23,1/656/0/5,2550000,70,320000,1465000,1.8,2637,Ingen,1.0
Saxe Viks Veg 25,1/656/0/6,2441000,70,320000,1388700,1.8,2499,Ingen,1.0
Saxe Viks Veg 27,1/656/0/7,2169000,70,320000,1198300,1.8,2156,Ingen,1.0
Saxe Viks Veg 29,1/656/0/8,2550000,70,320000,1465000,1.8,2637,Ingen,1.0
Saxe Viks Veg 31,1/656/0/9,2150000,70,320000,1185000,1.8,2133,Ingen,1.0
Saxe Viks Veg 33,1/656/0/10,2918000,70,320000,1722600,1.8,3100,Ingen,1.0
Saxe Viks Veg 33,1/656/0/11,1891000,70,320000,1003700,1.8,1806,Ingen,1.0
Saxe Viks Veg 33,1/656/0/12,3542000,70,320000,2159400,1.8,3886,Ingen,1.0
Saxe Viks Veg 33,1/656/0/13,3390000,70,320000,2053000,1.8,3695,Ingen,1.0
Saxe Viks Veg 33,1/656/0/14,3190000,70,320000,1913000,1.8,3443,Ingen,1.0
Saxe Viks Veg 33,1/656/0/15,3491000,70,320000,2123700,1.8,3822,Ingen,1.0
Saxe Viks Veg 33,1/656/0/16,1891000,70,320000,1003700,1.8,1806,Ingen,1.0
Saxe Viks Veg 33,1/656/0/17,1891000,70,320000,1003700,1.8,1806,Ingen,1.0
Saxe Viks Veg 35,1/656/0/18,1603000,70,320000,802100,1.8,1443,Ingen,1.0
Saxe Viks Veg 37,1/656/0/19,1603000,70,320000,802100,1.8,1443,Ingen,1.0
Saxe Viks Veg 39,1/656/0/20,2771000,70,320000,1619700,1.8,2915,Ingen,1.0
Saxe Viks Veg 41,1/656/0/21,2924000,70,320000,1726800,1.8,3108,Ingen,1.0
Saxe Viks Veg 43,1/656/0/22,2641000,70,320000,1528700,1.8,2751,Ingen,1.0
Saxe Viks Veg 45,1/656/0/23,2673000,70,320000,1551100,1.8,2791,Ingen,1.0
Saxe Viks Veg 45,1/656/0/24,2637000,70,320000,1525900,1.8,2746,Ingen,1.0
Saxe Viks Veg 45,1/656/0/25,3491000,70,320000,2123700,1.8,3822,Ingen,1.0
Saxe Viks Veg 47,1/656/0/26,3206000,70,320000,1924200,1.8,3463,Ingen,1.0
Saxe Viks Veg 45,1/656/0/27,1603000,70,320000,802100,1.8,1443,Ingen,1.0
Saxe Viks Veg 45,1/656/0/28,2744000,70,320000,1600800,1.8,2881,Ingen,1.0
Saxe Viks Veg 45,1/656/0/29,2977000,70,320000,1763900,1.8,3175,Ingen,1.0
Saxe Viks Veg 45,1/656/0/30,2924000,70,320000,1726800,1.8,3108,Ingen,1.0
Saxe Viks Veg 45,1/656/0/31,4661000,70,320000,2942700,1.8,5296,Ingen,1.0
Saxe Viks Veg 45,1/656/0/32,5265000,70,320000,3365500,1.8,6057,Ingen,1.0
Saxe Viks Veg 45,1/656/0/33,2602000,70,320000,1501400,1.8,2702,Ingen,1.0
Saxe Viks Veg 45,1/656/0/34,3206000,70,320000,1924200,1.8,3463,Ingen,1.0
Saxe Viks Veg 45,1/656/0/35,4237000,70,320000,2645900,1.8,4762,Ingen,1.0
Saxe Viks Veg 45,1/656/0/36,4237000,70,320000,2645900,1.8,4762,Ingen,1.0
Saxe Viks Veg 45,1/656/0/37,4755000,70,320000,3008500,1.8,5415,Ingen,1.0
Saxe Viks Veg 45,1/656/0/38,6906000,70,320000,4514200,1.8,8125,Ingen,1.0
Saxe Viks Veg 45,1/656/0/39,3091000,70,320000,1843700,1.8,3318,Ingen,1.0
Saxe Viks Veg 45,1/656/0/40,3976000,70,320000,2463200,1.8,4433,Ingen,1.0
Saxe Viks Veg 1,1/656/0/41,6121000,70,320000,3964700,1.8,7136,Ingen,1.0
Saxe Viks Veg 3,1/656/0/42,4913000,70,320000,3119100,1.8,5614,Ingen,1.0
Saxe Viks Veg 5,1/656/0/43,4869000,70,320000,3088300,1.8,5558,Ingen,1.0
Saxe Viks Veg 7,1/656/0/44,4857000,70,320000,3079900,1.8,5543,Ingen,1.0
Saxe Viks Veg 9,1/656/0/45,4741000,70,320000,2998700,1.8,5397,Ingen,1.0
Saxe Viks Veg 11,1/656/0/46,3032000,70,320000,1802400,1.8,3244,Ingen,1.0
Saxe Viks Veg 13,1/656/0/47,4844000,70,320000,3070800,1.8,5527,Ingen,1.0
Sakslundvegen 34,1/658/0/0,9175000,70,640000,5782500,1.8,10408,Ingen,2.0
Lassvebergvegen 18,1/659/0/0,11795000,70,640000,7616500,1.8,13709,Ingen,2.0
Saxe Viks Veg 28,1/660/0/0,4450000,70,320000,2795000,1.8,5031,Ingen,1.0
Lassvebergvegen 2D,1/661/0/0,8406000,70,320000,5564200,1.8,10015,Ingen,1.0
Lassvebergvegen 2B,1/662/0/0,8073000,70,320000,5331100,1.8,9595,Ingen,1.0
Lassvebergvegen 2A,1/663/0/1,5490000,70,320000,3523000,1.8,6341,Ingen,1.0
Lassvebergvegen 2A,1/663/0/2,5357000,70,320000,3429900,1.8,6173,Ingen,1.0
Lassvebergvegen 2A,1/663/0/3,6604000,70,320000,4302800,1.8,7745,Ingen,1.0
Lassvebergvegen 2A,1/663/0/4,5854000,70,320000,3777800,1.8,6800,Ingen,1.0
Lassvebergvegen 2A,1/663/0/5,6385000,70,320000,4149500,1.8,7469,Ingen,1.0
Lassvebergvegen 2A,1/663/0/6,5854000,70,320000,3777800,1.8,6800,Ingen,1.0
Lassvebergvegen 4A,1/664/0/0,8333000,70,320000,5513100,1.8,9923,Ingen,1.0
Lassvebergvegen 4B,1/666/0/0,7814000,70,320000,5149800,1.8,9269,Ingen,1.0
Jamthaugvegen 47B,1/669/0/0,6004000,70,320000,3882800,1.8,6989,Ingen,1.0
Lassvebergvegen 2E,1/670/0/0,8000000,70,320000,5280000,1.8,9504,Ingen,1.0
Lassvebergvegen 2C,1/671/0/0,8406000,70,320000,5564200,1.8,10015,Ingen,1.0
Sakslundvegen 15,1/672/0/1,7291000,70,320000,4783700,1.8,8610,Ingen,1.0
Sakslundvegen 15,1/672/0/2,6500000,70,320000,4230000,1.8,7614,Ingen,1.0
Sakslundvegen 15,1/672/0/3,6077000,70,320000,3933900,1.8,7081,Ingen,1.0
Sakslundvegen 15,1/672/0/4,7035000,70,320000,4604500,1.8,8288,Ingen,1.0
Sakslundvegen 15,1/672/0/5,5584000,70,320000,3588800,1.8,6459,Ingen,1.0
Sakslundvegen 15,1/672/0/6,6032000,70,320000,3902400,1.8,7024,Ingen,1.0
Sakslundvegen 15,1/672/0/7,6863000,70,320000,4484100,1.8,8071,Ingen,1.0
Sakslundvegen 15,1/672/0/8,7503000,70,320000,4932100,1.8,8877,Ingen,1.0
Sakslundvegen 15,1/672/0/9,6298000,70,320000,4088600,1.8,7359,Ingen,1.0
Sakslundvegen 15,1/672/0/10,6517000,70,320000,4241900,1.8,7635,Ingen,1.0
Sakslundvegen 15,1/672/0/11,5357000,70,320000,3429900,1.8,6173,Ingen,1.0
Sakslundvegen 15,1/672/0/12,5357000,70,320000,3429900,1.8,6173,Ingen,1.0
Johan Ellingsens Veg 2,1/673/0/0,9020000,70,320000,5994000,1.8,10789,Ingen,1.0
Johan Ellingsens Veg 4A,1/674/0/1,5370000,70,320000,3439000,1.8,6190,Ingen,1.0
Johan Ellingsens Veg 4B,1/674/0/2,5370000,70,320000,3439000,1.8,6190,Ingen,1.0
Johan Ellingsens Veg 6A,1/675/0/1,4692000,70,320000,2964400,1.8,5335,Ingen,1.0
Johan Ellingsens Veg 6B,1/675/0/2,4692000,70,320000,2964400,1.8,5335,Ingen,1.0
Johan Ellingsens Veg 8A,1/676/0/1,5910000,70,320000,3817000,1.8,6870,Ingen,1.0
Johan Ellingsens Veg 8B,1/676/0/2,5870000,70,320000,3789000,1.8,6820,Ingen,1.0
Johan Ellingsens Veg 5,1/679/0/0,7270000,70,320000,4769000,1.8,8584,Ingen,1.0
Johan Ellingsens Veg 7,1/680/0/0,13080000,70,320000,8836000,1.8,15904,Ingen,1.0
Johan Ellingsens Veg 9A,1/681/0/1,4889000,70,320000,3102300,1.8,5584,Ingen,1.0
Johan Ellingsens Veg 9B,1/681/0/2,4865000,70,320000,3085500,1.8,5553,Ingen,1.0
Johan Ellingsens Veg 11A,1/682/0/1,4865000,70,320000,3085500,1.8,5553,Ingen,1.0
Johan Ellingsens Veg 11B,1/682/0/2,4865000,70,320000,3085500,1.8,5553,Ingen,1.0
Johan Ellingsens Veg 12,1/683/0/0,8661000,70,320000,5742700,1.8,10336,Ingen,1.0
Johan Ellingsens veg 14,1/684/0/0,5264000,70,320000,3364800,1.8,6056,Ingen,1.0
Johan Ellingsens Veg 16,1/685/0/0,11053000,70,640000,7097100,1.8,12774,Ingen,2.0
Johan Ellingsens Veg 18A,1/686/0/1,10429000,70,320000,6980300,1.8,12564,Ingen,1.0
Johan Ellingsens Veg 18B,1/686/0/2,4361000,70,320000,2732700,1.8,4918,Ingen,1.0
Olav Magnussons Veg 49B,1/690/0/0,3897000,70,320000,2407900,1.8,4334,Ingen,1.0
Sakslundvegen 20,1/693/0/0,7716000,70,320000,5081200,1.8,9146,Ingen,1.0
Armfeldts Veg 4C,1/694/0/1,6123000,70,320000,3966100,1.8,7138,Ingen,1.0
Armfeldts Veg 4D,1/694/0/2,8369000,70,320000,5538300,1.8,9968,Ingen,1.0
Malvikvegen 173,1/695/0/0,5061000,70,320000,3222700,1.8,5800,Ingen,1.0
Saxe Viks Veg 51,2/1/0/0,1936000,70,960000,395200,1.8,711,§ 5 h delvis,3.0
Saxe Viks Veg 51,2/1/0/0,3400000,100,0,3400000,4.0,13600,§ 5 h delvis,1.0
Saksvikrydningen 0,2/2/0/0,88000,100,0,88000,1.8,158,Ingen,1.0
Markabygdvegen 34,2/3/0/0,4065000,70,960000,1885500,1.8,3393,§ 5 h delvis,3.0
Sjøvegen 10,2/4/0/0,10450000,70,640000,6675000,1.8,12015,Ingen,2.0
Rikkas Veg 5,2/5/0/0,6787000,70,960000,3790900,1.8,6823,Ingen,3.0
Ekornvegen 1,2/7/0/0,5365000,70,640000,3115500,1.8,5607,Ingen,2.0
Rønningsvegen 23,2/8/0/0,5480000,70,320000,3516000,1.8,6328,Ingen,1.0
Rønningsvegen 21A,2/10/0/1,4199000,70,320000,2619300,1.8,4714,Ingen,1.0
Rønningsvegen 21B,2/10/0/2,3423000,70,320000,2076100,1.8,3736,Ingen,1.0
Rønningsvegen 21C,2/10/0/3,3620000,70,320000,2214000,1.8,3985,Ingen,1.0
Rønningsvegen 21D,2/10/0/4,3555000,70,320000,2168500,1.8,3903,Ingen,1.0
Rønningsvegen 19B,2/11/0/0,5389000,70,320000,3452300,1.8,6214,Ingen,1.0
Ekornvegen 42,2/14/0/0,5819000,70,640000,3433300,1.8,6179,Ingen,2.0
Troldhaugen 0,2/15/0/0,0,100,0,0,1.8,0,Ingen,1.0
Olav Magnussons Veg 6A,2/16/0/0,5249000,70,320000,3354300,1.8,6037,Ingen,1.0
Skogvilla 0,2/17/0/0,12000,100,0,12000,1.8,21,Ingen,1.0
Vidsjaa 0,2/18/0/0,0,100,0,0,1.8,0,Ingen,1.0
Lassvebergvegen 3,2/19/0/0,4144000,70,320000,2580800,1.8,4645,Ingen,1.0
Rikkas Veg 1,2/20/0/0,5819000,70,640000,3433300,1.8,6179,Ingen,2.0
Florabakken 4,2/22/0/0,4893000,70,320000,3105100,1.8,5589,Ingen,1.0
Vidsjåvegen 5,2/23/0/0,5952000,70,320000,3846400,1.8,6923,Ingen,1.0
Saxe Viks Veg 54,2/24/0/0,4092000,70,320000,2544400,1.8,4579,Ingen,1.0
Saxe Viks Veg 32,2/25/0/0,4845000,70,320000,3071500,1.8,5528,Ingen,1.0
Vidsjåvegen 1,2/26/0/0,6683000,70,320000,4358100,1.8,7844,Ingen,1.0
Ekornvegen 7A,2/27/0/0,5775000,70,320000,3722500,1.8,6700,Ingen,1.0
Skogstien 15A,2/29/0/1,3396000,70,320000,2057200,1.8,3702,Ingen,1.0
Skogstien 15B,2/29/0/2,3439000,70,320000,2087300,1.8,3757,Ingen,1.0
Skogstien 17A,2/29/0/3,3330000,70,320000,2011000,1.8,3619,Ingen,1.0
Skogstien 17B,2/29/0/4,3157000,70,320000,1889900,1.8,3401,Ingen,1.0
Skogstien 19A,2/29/0/5,3439000,70,320000,2087300,1.8,3757,Ingen,1.0
Skogstien 19B,2/29/0/6,3566000,70,320000,2176200,1.8,3917,Ingen,1.0
Skogstien 21A,2/29/0/7,3439000,70,320000,2087300,1.8,3757,Ingen,1.0
Skogstien 21B,2/29/0/8,3224000,70,320000,1936800,1.8,3486,Ingen,1.0
Rådyrvegen 5,2/30/0/0,5617000,70,320000,3611900,1.8,6501,Ingen,1.0
Rådyrvegen 10,2/31/0/0,7931000,70,320000,5231700,1.8,9417,Ingen,1.0
Rådyrvegen 9B,2/32/0/1,5647000,70,320000,3632900,1.8,6539,Ingen,1.0
Rådyrvegen 9A,2/32/0/2,5647000,70,320000,3632900,1.8,6539,Ingen,1.0
Rådyrvegen 4,2/33/0/0,4723000,70,320000,2986100,1.8,5374,Ingen,1.0
Rådyrvegen 15,2/35/0/0,4307000,70,320000,2694900,1.8,4850,Ingen,1.0
Gullhaugvegen 20B,2/36/0/0,7716000,70,640000,4761200,1.8,8570,Ingen,2.0
Rådyrvegen 11B,2/37/0/1,5502000,70,320000,3531400,1.8,6356,Ingen,1.0
Rådyrvegen 11A,2/37/0/2,5569000,70,320000,3578300,1.8,6440,Ingen,1.0
Gullhaugvegen 26,2/38/0/0,6787000,70,320000,4430900,1.8,7975,Ingen,1.0
Rydheim 0,2/41/0/0,0,100,0,0,1.8,0,Ingen,1.0
Rådyrvegen 6A,2/42/0/1,3882000,70,320000,2397400,1.8,4315,Ingen,1.0
Rådyrvegen 6B,2/42/0/2,4495000,70,320000,2826500,1.8,5087,Ingen,1.0
Rådyrvegen 6C,2/42/0/3,4329000,70,320000,2710300,1.8,4878,Ingen,1.0
Rådyrvegen 6D,2/42/0/4,4329000,70,320000,2710300,1.8,4878,Ingen,1.0
Rådyrvegen 6E,2/42/0/5,4363000,70,320000,2734100,1.8,4921,Ingen,1.0
Rådyrvegen 6F,2/42/0/6,4261000,70,320000,2662700,1.8,4792,Ingen,1.0
Gullhaugvegen 10,2/45/0/0,5730000,70,640000,3371000,1.8,6067,Ingen,2.0
Lillesjøvegen 2,2/46/0/0,3799000,70,320000,2339300,1.8,4210,Ingen,1.0
Lillesjøvegen 3,2/48/0/0,5997000,70,320000,3877900,1.8,6980,Ingen,1.0
Saxeborgvegen 7,2/49/0/0,4989000,70,320000,3172300,1.8,5710,Ingen,1.0
Fjordglimt 0,2/50/0/0,0,100,0,0,4.0,0,Ingen,1.0
Sjøvegen 12,2/51/0/0,0,70,640000,0,1.8,0,Ingen,2.0
Gullhaugvegen 24,2/53/0/0,4349000,70,320000,2724300,1.8,4903,Ingen,1.0
Gullhaugvegen 22,2/54/0/0,6599000,70,320000,4299300,1.8,7738,Ingen,1.0
Elgstien 1,2/55/0/0,5908000,70,320000,3815600,1.8,6868,Ingen,1.0
Gullhaugvegen 10B,2/56/0/0,9284000,70,640000,5858800,1.8,10545,Ingen,2.0
Haugli 0,2/57/0/0,114000,100,0,114000,1.8,205,Ingen,1.0
Åsheim 0,2/59/0/0,43000,100,0,43000,1.8,77,Ingen,1.0
Markabygdvegen 60,2/61/0/0,5508000,70,320000,3535600,1.8,6364,Ingen,1.0
Markabygdvegen 58,2/62/0/0,11851000,70,320000,7975700,1.8,14356,Ingen,1.0
Kåre Kongsbrors Veg 4,2/63/0/0,12121000,70,640000,7844700,1.8,14120,Ingen,2.0
Saxeborgvegen 17,2/64/0/0,0,100,0,0,1.8,0,Ingen,1.0
Magnus Barfots Veg 5,2/65/0/0,7178000,70,320000,4704600,1.8,8468,Ingen,1.0
Markabygdvegen 31,2/67/0/0,2159000,70,320000,1191300,1.8,2144,Ingen,1.0
Markabygdvegen 33,2/68/0/0,1258000,70,320000,560600,1.8,1009,Ingen,1.0
Saxe Viks Veg 38,2/69/0/0,6258000,70,320000,4060600,1.8,7309,Ingen,1.0
Rådyrvegen 17,2/70/0/0,4600000,70,320000,2900000,1.8,5220,Ingen,1.0
Markabygdvegen 25,2/71/0/0,3391000,70,320000,2053700,1.8,3696,Ingen,1.0
Rådyrvegen 2,2/72/0/0,4400000,70,320000,2760000,1.8,4968,Ingen,1.0
Saksvikkorsen 3,2/73/0/0,3525000,70,640000,1827500,1.8,3289,Ingen,2.0
Rådyrvegen 1,2/74/0/0,6040000,70,640000,3588000,1.8,6458,Ingen,2.0
Skogstien 10,2/75/0/0,4748000,70,320000,3003600,1.8,5406,Ingen,1.0
Skogstien 8,2/76/0/0,6047000,70,320000,3912900,1.8,7043,Ingen,1.0
Saxeborgvegen 8,2/78/0/0,9236000,70,640000,5825200,1.8,10485,Ingen,2.0
Lillesjøvegen 5,2/80/0/0,4989000,70,320000,3172300,1.8,5710,Ingen,1.0
Lillesjøvegen 8,2/81/0/0,5061000,70,320000,3222700,1.8,5800,Ingen,1.0
Saxe Viks Veg 73,2/82/0/0,3745000,70,320000,2301500,1.8,4142,Ingen,1.0
Malvikvegen 181,2/83/0/0,6725000,70,640000,4067500,1.8,7321,Ingen,2.0
Olav Magnussons Veg 10B,2/84/0/0,6500000,70,640000,3910000,1.8,7038,Ingen,2.0
Hyggen 0,2/87/0/0,50000,100,0,50000,1.8,90,Ingen,1.0
Saxeborgvegen 15,2/88/0/0,6641000,70,320000,4328700,1.8,7791,Ingen,1.0
Kåre Kongsbrors Veg 4B,2/89/0/0,8648000,70,320000,5733600,1.8,10320,Ingen,1.0
Magnus Barfots Veg 3,2/90/0/0,5365000,70,640000,3115500,1.8,5607,Ingen,2.0
Olav Magnussons Veg 4,2/91/0/0,2787000,70,320000,1630900,1.8,2935,Ingen,1.0
Nordbakk 0,2/92/0/0,0,100,0,0,1.8,0,Ingen,1.0
Kåre Kongsbrors Veg 9,2/93/0/0,8728000,70,320000,5789600,1.8,10421,Ingen,1.0
Lillesjøvegen 11,2/94/0/0,0,100,0,0,1.8,0,Ingen,1.0
Saxeborgvegen 19,2/96/0/1,4492000,70,320000,2824400,1.8,5083,Ingen,1.0
Saxeborgvegen 21,2/96/0/2,8110000,70,320000,5357000,1.8,9642,Ingen,1.0
Lillesjøvegen 9,2/97/0/0,5365000,70,320000,3435500,1.8,6183,Ingen,1.0
Duevegen 3A,2/98/0/0,6150000,70,640000,3665000,1.8,6597,Ingen,2.0
Magnus Barfots Veg 9A,2/99/0/0,3996000,70,320000,2477200,1.8,4458,Ingen,1.0
Gullhaugvegen 2A,2/101/0/0,5226000,70,320000,3338200,1.8,6008,Ingen,1.0
Saxe Viks Veg 67,2/104/0/0,4273000,70,320000,2671100,1.8,4807,Ingen,1.0
Duevegen 1B,2/105/0/0,5132000,70,320000,3272400,1.8,5890,Ingen,1.0
Lillesjøvegen 4A,2/106/0/0,6106000,70,320000,3954200,1.8,7117,Ingen,1.0
Saxe Viks Veg 52,2/107/0/0,5617000,70,320000,3611900,1.8,6501,Ingen,1.0
Saxe Viks Veg 69,2/108/0/0,3580000,70,320000,2186000,1.8,3934,Ingen,1.0
Duevegen 6,2/109/0/0,3123000,70,320000,1866100,1.8,3358,Ingen,1.0
Kåre Kongsbrors Veg 19D,2/110/0/0,712000,100,0,712000,1.8,1281,Ingen,1.0
Saxe Viks Veg 56,2/112/0/0,5997000,70,320000,3877900,1.8,6980,Ingen,1.0
Kåre Kongsbrors Veg 14,2/114/0/0,10548000,70,320000,7063600,1.8,12714,Ingen,1.0
Sjøvegen 4,2/115/0/0,8005000,70,640000,4963500,1.8,8934,Ingen,2.0
Sigrid Saxedatters Veg 10,2/119/0/0,6683000,70,640000,4038100,1.8,7268,Ingen,2.0
Kåre Kongsbrors Veg 19C,2/120/0/1,5618000,70,320000,3612600,1.8,6502,Ingen,1.0
Kåre Kongsbrors Veg 19B,2/120/0/2,3826000,70,320000,2358200,1.8,4244,Ingen,1.0
Markabygdvegen 27,2/121/0/0,3071000,70,320000,1829700,1.8,3293,Ingen,1.0
Kåre Kongsbrors Veg 19,2/122/0/0,6683000,70,320000,4358100,1.8,7844,Ingen,1.0
Jervstien 5,2/123/0/0,3960000,70,320000,2452000,1.8,4413,Ingen,1.0
Kåre Kongsbrors Veg 15,2/125/0/0,5085000,70,320000,3239500,1.8,5831,Ingen,1.0
Skogstien 2,2/126/0/0,5819000,70,320000,3753300,1.8,6755,Ingen,1.0
Kåre Kongsbrors Veg 5,2/127/0/0,6040000,70,320000,3908000,1.8,7034,Ingen,1.0
Tillegg Til Sletta 0,2/130/0/0,0,100,0,0,1.8,0,Ingen,1.0
Lillesjøvegen 6,2/131/0/0,4941000,70,320000,3138700,1.8,5649,Ingen,1.0
Tillegg Til Fjelheim 0,2/132/0/0,0,100,0,0,1.8,0,Ingen,1.0
Saxe Viks Veg 71,2/133/0/0,4144000,70,320000,2580800,1.8,4645,Ingen,1.0
Markabygdvegen 66,2/134/0/0,0,70,320000,0,1.8,0,Ingen,1.0
Saxeborgvegen 5A,2/135/0/0,6427000,70,640000,3858900,1.8,6946,Ingen,2.0
Saxe Viks Veg 63,2/136/0/1,3374000,70,320000,2041800,1.8,3675,Ingen,1.0
Saxe Viks Veg 65,2/136/0/2,3290000,70,320000,1983000,1.8,3569,Ingen,1.0
Saxe Viks Veg 59,2/137/0/0,5502000,70,640000,3211400,1.8,5780,Ingen,2.0
Saxe Viks Veg 61,2/139/0/0,3663000,70,320000,2244100,1.8,4039,Ingen,1.0
Markabygdvegen 64,2/142/0/0,2569000,70,320000,1478300,1.8,2660,Ingen,1.0
Kåre Kongsbrors Veg 13,2/143/0/0,5249000,70,320000,3354300,1.8,6037,Ingen,1.0
Magnus Barfots Veg 17B,2/144/0/1,4146000,70,320000,2582200,1.8,4647,Ingen,1.0
Magnus Barfots Veg 17A,2/144/0/2,4146000,70,320000,2582200,1.8,4647,Ingen,1.0
Olav Magnussons Veg 12B,2/145/0/0,7279000,70,320000,4775300,1.8,8595,Ingen,1.0
Duevegen 12,2/147/0/0,6128000,70,320000,3969600,1.8,7145,Ingen,1.0
Kåre Kongsbrors Veg 7,2/148/0/0,5132000,70,320000,3272400,1.8,5890,Ingen,1.0
Kåre Kongsbrors Veg 8,2/149/0/0,3853000,70,320000,2377100,1.8,4278,Ingen,1.0
Ekornvegen 20D,2/150/0/0,6106000,70,320000,3954200,1.8,7117,Ingen,1.0
Kåre Kongsbrors Veg 2,2/151/0/0,5930000,70,320000,3831000,1.8,6895,Ingen,1.0
Kåre Kongsbrors Veg 6,2/152/0/0,3880000,70,320000,2396000,1.8,4312,Ingen,1.0
Kåre Kongsbrors Veg 10,2/153/0/0,3960000,70,320000,2452000,1.8,4413,Ingen,1.0
Sjøvegen 6,2/154/0/0,6787000,70,320000,4430900,1.8,7975,Ingen,1.0
Kåre Kongsbrors Veg 17B,2/155/0/0,6311000,70,640000,3777700,1.8,6799,Ingen,2.0
Olav Magnussons Veg 34,2/157/0/0,3933000,70,320000,2433100,1.8,4379,Ingen,1.0
Kåre Kongsbrors Veg 17A,2/158/0/0,6299000,70,320000,4089300,1.8,7360,Ingen,1.0
Duevegen 14,2/159/0/0,2974000,70,320000,1761800,1.8,3171,Ingen,1.0
Kåre Kongsbrors Veg 23,2/160/0/0,43000,100,0,43000,1.8,77,Ingen,1.0
Kåre Kongsbrors Veg 21,2/161/0/0,6430000,70,640000,3861000,1.8,6949,Ingen,2.0
Kåre Kongsbrors Veg 15B,2/162/0/0,5997000,70,640000,3557900,1.8,6404,Ingen,2.0
Olav Magnussons Veg 44,2/163/0/0,4349000,70,320000,2724300,1.8,4903,Ingen,1.0
Olav Magnussons Veg 42A,2/164/0/0,4893000,70,320000,3105100,1.8,5589,Ingen,1.0
Olav Magnussons Veg 42B,2/165/0/0,5179000,70,320000,3305300,1.8,5949,Ingen,1.0
Sigrid Saxedatters Veg 4,2/166/0/0,4600000,70,320000,2900000,1.8,5220,Ingen,1.0
Sigrid Saxedatters Veg 6,2/167/0/1,5091000,70,320000,3243700,1.8,5838,Ingen,1.0
Sigrid Saxedatters Veg 6,2/167/0/2,3528000,70,320000,2149600,1.8,3869,Ingen,1.0
Sigrid Saxedatters Veg 3,2/169/0/0,4575000,70,320000,2882500,1.8,5188,Ingen,1.0
Sigrid Saxedatters Veg 8,2/170/0/0,3384000,70,320000,2048800,1.8,3687,Ingen,1.0
Kåre Kongsbrors Veg 12B,2/172/0/0,4446000,70,320000,2792200,1.8,5025,Ingen,1.0
Sigrid Saxedatters Veg 1A,2/173/0/1,2464000,70,320000,1404800,1.8,2528,Ingen,1.0
Sigrid Saxedatters Veg 1B,2/173/0/2,3256000,70,320000,1959200,1.8,3526,Ingen,1.0
Sigrid Saxedatters Veg 1A,2/173/0/3,2889000,70,320000,1702300,1.8,3064,Ingen,1.0
Duevegen 7,2/174/0/0,6040000,70,320000,3908000,1.8,7034,Ingen,1.0
Olav Magnussons Veg 69B,2/175/0/0,4298000,70,320000,2688600,1.8,4839,Ingen,1.0
Olav Magnussons Veg 69A,2/176/0/0,5594000,70,320000,3595800,1.8,6472,Ingen,1.0
Olsheim 0,2/177/0/0,0,100,0,0,1.8,0,Ingen,1.0
Tillegg Til Laupbakken 0,2/180/0/0,171000,100,0,171000,1.8,307,Ingen,1.0
Duevegen 10,2/181/0/0,4600000,70,320000,2900000,1.8,5220,Ingen,1.0
Saksvikkorsen 4,2/183/0/0,5797000,70,320000,3737900,1.8,6728,Ingen,1.0
Duevegen 5,2/185/0/0,4349000,70,320000,2724300,1.8,4903,Ingen,1.0
Kåre Kongsbrors Veg 16,2/187/0/0,5997000,70,320000,3877900,1.8,6980,Ingen,1.0
Kåre Kongsbrors Veg 18B,2/188/0/0,3646000,70,320000,2232200,1.8,4017,Ingen,1.0
Kåre Kongsbrors Veg 20,2/189/0/0,0,100,0,0,1.8,0,Ingen,1.0
Kåre Kongsbrors Veg 25,2/190/0/0,6387000,70,320000,4150900,1.8,7471,Ingen,1.0
Kåre Kongsbrors Veg 27,2/191/0/0,7137000,70,320000,4675900,1.8,8416,Ingen,1.0
Den Regulerte Del Av Sakshaug 0,2/194/0/0,0,100,0,0,1.8,0,Ingen,1.0
Saksvikkorsen 2,2/195/0/0,4195000,70,320000,2616500,1.8,4709,Ingen,1.0
Markabygdvegen 62,2/196/0/0,4065000,70,640000,2205500,1.8,3969,Ingen,2.0
Saxe Viks Veg 49C,2/197/0/0,5163000,70,320000,3294100,1.8,5929,Ingen,1.0
Tillegg Til Orholt 0,2/199/0/0,0,100,0,0,1.8,0,Ingen,1.0
Stibakken 3,2/201/0/0,5730000,70,320000,3691000,1.8,6643,Ingen,1.0
Saxeborgvegen 12,2/203/0/0,4772000,70,320000,3020400,1.8,5436,Ingen,1.0
Stibakken 1,2/204/0/0,6215000,70,640000,3710500,1.8,6678,Ingen,2.0
Duevegen 2,2/205/0/0,3440000,70,320000,2088000,1.8,3758,Ingen,1.0
Olav Magnussons Veg 54,2/207/0/0,4375000,70,320000,2742500,1.8,4936,Ingen,1.0
Sigurd Slembes Veg 2,2/208/0/0,6472000,70,320000,4210400,1.8,7578,Ingen,1.0
Sigurd Slembes Veg 1,2/209/0/0,4525000,70,320000,2847500,1.8,5125,Ingen,1.0
Tora Saxedatters Veg 2,2/210/0/0,4273000,70,320000,2671100,1.8,4807,Ingen,1.0
Tora Saxedatters Veg 1,2/211/0/0,3772000,70,320000,2320400,1.8,4176,Ingen,1.0
Olav Magnussons Veg 56,2/212/0/0,5819000,70,320000,3753300,1.8,6755,Ingen,1.0
Olav Magnussons Veg 58,2/213/0/0,4247000,70,320000,2652900,1.8,4775,Ingen,1.0
Olav Magnussons Veg 60,2/214/0/0,8277000,70,320000,5473900,1.8,9853,Ingen,1.0
Olav Magnussons Veg 62,2/215/0/0,5108000,70,640000,2935600,1.8,5284,Ingen,2.0
Olav Magnussons Veg 64,2/216/0/0,4989000,70,320000,3172300,1.8,5710,Ingen,1.0
Tora Saxedatters Veg 3,2/217/0/0,4699000,70,640000,2649300,1.8,4768,Ingen,2.0
Tora Saxedatters Veg 5,2/218/0/0,3718000,70,320000,2282600,1.8,4108,Ingen,1.0
Sigrid Saxedatters Veg 5A,2/219/0/0,3646000,70,640000,1912200,1.8,3441,Ingen,2.0
Sigrid Saxedatters Veg 5B,2/220/0/0,3238000,70,320000,1946600,1.8,3503,Ingen,1.0
Tora Saxedatters Veg 7,2/221/0/0,4575000,70,320000,2882500,1.8,5188,Ingen,1.0
Tora Saxedatters Veg 9,2/222/0/0,6258000,70,320000,4060600,1.8,7309,Ingen,1.0
Tora Saxedatters Veg 4,2/223/0/0,4400000,70,320000,2760000,1.8,4968,Ingen,1.0
Sigurd Slembes Veg 4,2/224/0/0,5458000,70,320000,3500600,1.8,6301,Ingen,1.0
Sigurd Slembes Veg 6,2/225/0/0,3691000,70,640000,1943700,1.8,3498,Ingen,2.0
Sigurd Slembes Veg 8A,2/226/0/1,4714000,70,320000,2979800,1.8,5363,Ingen,1.0
Sigurd Slembes Veg 8B,2/226/0/2,5870000,70,320000,3789000,1.8,6820,Ingen,1.0
Sigurd Slembes Veg 10,2/227/0/0,4772000,70,320000,3020400,1.8,5436,Ingen,1.0
Sigurd Slembes Veg 12,2/228/0/0,5365000,70,320000,3435500,1.8,6183,Ingen,1.0
Sigurd Slembes Veg 14,2/229/0/0,4699000,70,320000,2969300,1.8,5344,Ingen,1.0
Sigurd Slembes Veg 16,2/230/0/0,5594000,70,320000,3595800,1.8,6472,Ingen,1.0
Sigrid Saxedatters Veg 7,2/231/0/0,4144000,70,320000,2580800,1.8,4645,Ingen,1.0
Sigrid Saxedatters Veg 9,2/232/0/0,4723000,70,320000,2986100,1.8,5374,Ingen,1.0
Sigrid Saxedatters Veg 11,2/233/0/0,5930000,70,320000,3831000,1.8,6895,Ingen,1.0
Magnus Barfots Veg 19,2/234/0/0,4748000,70,320000,3003600,1.8,5406,Ingen,1.0
Magnus Barfots Veg 21B,2/235/0/0,5219000,70,640000,3013300,1.8,5423,Ingen,2.0
Magnus Barfots Veg 23,2/236/0/0,4092000,70,320000,2544400,1.8,4579,Ingen,1.0
Magnus Barfots Veg 22,2/237/0/0,4821000,70,320000,3054700,1.8,5498,Ingen,1.0
Magnus Barfots Veg 24,2/238/0/0,4893000,70,320000,3105100,1.8,5589,Ingen,1.0
Magnus Barfots Veg 26,2/239/0/0,4065000,70,320000,2525500,1.8,4545,Ingen,1.0
Kåre Kongsbrors Veg 22,2/240/0/0,1532000,70,320000,752400,1.8,1354,Ingen,1.0
Sigurd Slembes Veg 15,2/241/0/0,8047000,70,640000,4992900,1.8,8987,Ingen,2.0
Sigurd Slembes Veg 17,2/242/0/0,5296000,70,640000,3067200,1.8,5520,Ingen,2.0
Sigurd Slembes Veg 19,2/243/0/0,4400000,70,640000,2440000,1.8,4392,Ingen,2.0
Sigurd Slembes Veg 21,2/244/0/0,5662000,70,320000,3643400,1.8,6558,Ingen,1.0
Rønningsvegen 19C,2/245/0/0,9197000,70,320000,6117900,1.8,11012,Ingen,1.0
Granly 0,2/247/0/0,0,100,0,0,1.8,0,Ingen,1.0
Markavegen Iii 0,2/248/0/0,0,100,0,0,1.8,0,Ingen,1.0
Trekanten 0,2/250/0/0,0,100,0,0,1.8,0,Ingen,1.0
Saxeborgvegen 10,2/251/0/0,6215000,70,320000,4030500,1.8,7254,Ingen,1.0
Duevegen 4,2/252/0/0,5685000,70,320000,3659500,1.8,6587,Ingen,1.0
270685l 2 Av Saksvik Nedre 0,2/253/0/0,0,100,0,0,1.8,0,Ingen,1.0
Falkvegen 7,2/254/0/0,3933000,70,320000,2433100,1.8,4379,Ingen,1.0
Stibakken 5,2/255/0/0,8277000,70,320000,5473900,1.8,9853,Ingen,1.0
Sigurd Slembes Veg 22,2/257/0/0,13230000,70,640000,8621000,1.8,15517,Ingen,2.0
Saxe Viks Veg 30,2/258/0/0,5179000,70,320000,3305300,1.8,5949,Ingen,1.0
Magnus Barfots Veg 1,2/259/0/0,4247000,70,320000,2652900,1.8,4775,Ingen,1.0
Sigurd Slembes Veg 20,2/260/0/0,4869000,70,320000,3088300,1.8,5558,Ingen,1.0
Olav Magnussons Veg 12,2/261/0/0,4349000,70,320000,2724300,1.8,4903,Ingen,1.0
Stibakken 7,2/263/0/0,6040000,70,320000,3908000,1.8,7034,Ingen,1.0
Falkvegen 5,2/264/0/0,0,100,0,0,1.8,0,Ingen,1.0
Falkvegen 3,2/265/0/0,5685000,70,320000,3659500,1.8,6587,Ingen,1.0
Falkvegen 1,2/266/0/0,4170000,70,320000,2599000,1.8,4678,Ingen,1.0
Olav Magnussons Veg 67A,2/268/0/0,4273000,70,320000,2671100,1.8,4807,Ingen,1.0
Sigurd Slembes Veg 18A,2/269/0/0,4119000,70,320000,2563300,1.8,4613,Ingen,1.0
Sigurd Slembes Veg 24B,2/270/0/0,12839000,70,640000,8347300,1.8,15025,Ingen,2.0
Sigurd Slembes Veg 26,2/271/0/0,3580000,70,320000,2186000,1.8,3934,Ingen,1.0
Sigurd Slembes Veg 28,2/272/0/0,5249000,70,320000,3354300,1.8,6037,Ingen,1.0
Trekanten 0,2/273/0/0,98000,100,0,98000,1.8,176,Ingen,1.0
Stibakken 9,2/274/0/0,5662000,70,320000,3643400,1.8,6558,Ingen,1.0
Tillegg Til Solhaug 0,2/275/0/0,0,100,0,0,1.8,0,Ingen,1.0
Kåre Kongsbrors Veg 11,2/278/0/0,6683000,70,640000,4038100,1.8,7268,Ingen,2.0
Falkvegen 4,2/280/0/0,6599000,70,320000,4299300,1.8,7738,Ingen,1.0
Falkvegen 2B,2/281/0/0,4927000,70,320000,3128900,1.8,5632,Ingen,1.0
Olav Magnussons Veg 66,2/282/0/0,3880000,70,320000,2396000,1.8,4312,Ingen,1.0
Falkvegen 6,2/283/0/0,4941000,70,320000,3138700,1.8,5649,Ingen,1.0
Haukvegen 1,2/284/0/0,4709000,70,320000,2976300,1.8,5357,Ingen,1.0
Lillesjøvegen 1,2/285/0/0,5108000,70,320000,3255600,1.8,5860,Ingen,1.0
Sigurd Slembes Veg 18B,2/286/0/0,4468000,70,320000,2807600,1.8,5053,Ingen,1.0
Saxe Viks Veg 22,2/287/0/0,6019000,70,640000,3573300,1.8,6431,Ingen,2.0
Duevegen 8,2/288/0/0,4118000,70,320000,2562600,1.8,4612,Ingen,1.0
Haukvegen 4,2/290/0/0,5365000,70,320000,3435500,1.8,6183,Ingen,1.0
Haukvegen 2,2/291/0/0,5365000,70,320000,3435500,1.8,6183,Ingen,1.0
Hammertun 0,2/292/0/0,44000,100,0,44000,1.8,79,Ingen,1.0
Tillegg Til Bårdshaug 0,2/293/0/0,0,100,0,0,1.8,0,Ingen,1.0
Tillegg Til Sommervold 0,2/294/0/0,0,100,0,0,1.8,0,Ingen,1.0
Lassvebergvegen 7,2/297/0/0,6193000,70,960000,3375100,1.8,6075,Ingen,3.0
Stibakken 13,2/298/0/0,4106000,70,320000,2554200,1.8,4597,Ingen,1.0
Stibakken 11A,2/300/0/0,5037000,70,320000,3205900,1.8,5770,Ingen,1.0
Duevegen 1A,2/301/0/0,4065000,70,320000,2525500,1.8,4545,Ingen,1.0
Tillegg Til Enerhaugen 0,2/302/0/0,0,100,0,0,1.8,0,Ingen,1.0
Duevegen 9,2/304/0/0,5108000,70,320000,3255600,1.8,5860,Ingen,1.0
Kåre Kongsbrors Veg 18A,2/306/0/0,5282000,70,320000,3377400,1.8,6079,Ingen,1.0
Stibakken 12,2/307/0/0,5503000,70,320000,3532100,1.8,6357,Ingen,1.0
Rådyrvegen 13,2/308/0/0,4893000,70,320000,3105100,1.8,5589,Ingen,1.0
Stibakken 14,2/309/0/0,3880000,70,320000,2396000,1.8,4312,Ingen,1.0
Haukvegen 6,2/310/0/0,4625000,70,320000,2917500,1.8,5251,Ingen,1.0
Rådyrvegen 7,2/311/0/0,5640000,70,320000,3628000,1.8,6530,Ingen,1.0
Haukvegen 7,2/312/0/0,7598000,70,640000,4678600,1.8,8421,Ingen,2.0
Haukvegen 9,2/313/0/0,5842000,70,640000,3449400,1.8,6208,Ingen,2.0
Haukvegen 11,2/314/0/0,6280000,70,640000,3756000,1.8,6760,Ingen,2.0
Haukvegen 13,2/315/0/0,5013000,70,640000,2869100,1.8,5164,Ingen,2.0
Haukvegen 8,2/316/0/0,6150000,70,640000,3665000,1.8,6597,Ingen,2.0
Vidsjåvegen 3,2/317/0/0,4324000,70,320000,2706800,1.8,4872,Ingen,1.0
Villa Skansekullen 0,2/318/0/0,0,100,0,0,1.8,0,Ingen,1.0
Sjøvegen 8,2/319/0/0,3826000,70,320000,2358200,1.8,4244,Ingen,1.0
Haukvegen 5,2/320/0/0,6829000,70,640000,4140300,1.8,7452,Ingen,2.0
Stibakken 15,2/322/0/0,3736000,70,320000,2295200,1.8,4131,Ingen,1.0
Magnus Barfots Veg 9B,2/323/0/0,3996000,70,320000,2477200,1.8,4458,Ingen,1.0
Lassvebergvegen 1,2/324/0/0,5013000,70,320000,3189100,1.8,5740,Ingen,1.0
Haukvegen 3,2/326/0/0,6832000,70,640000,4142400,1.8,7456,Ingen,2.0
Tillegg Til Lunheim 0,2/327/0/0,0,100,0,0,1.8,0,Ingen,1.0
Rådyrvegen 3,2/328/0/0,6515000,70,640000,3920500,1.8,7056,Ingen,2.0
Stibakken 2A,2/329/0/0,6850000,70,320000,4475000,1.8,8055,Ingen,1.0
Granlia Ii 0,2/330/0/0,0,100,0,0,1.8,0,Ingen,1.0
Saxe Viks Veg 36,2/331/0/0,5685000,70,320000,3659500,1.8,6587,Ingen,1.0
Lillesjøvegen 4B,2/332/0/0,5389000,70,320000,3452300,1.8,6214,Ingen,1.0
Veggrunn Av Lunheim 0,2/333/0/0,0,100,0,0,1.8,0,Ingen,1.0
Tillegg Til Vårli 0,2/334/0/0,0,100,0,0,1.8,0,Ingen,1.0
Tillegg Til Solheim 0,2/335/0/0,0,100,0,0,1.8,0,Ingen,1.0
Tillegg Til Grantun 0,2/337/0/0,120000,100,0,120000,1.8,216,Ingen,1.0
Tillegg Til Grantun 0,2/338/0/0,0,100,0,0,1.8,0,Ingen,1.0
Florabakken 2,2/341/0/0,5685000,70,320000,3659500,1.8,6587,Ingen,1.0
Kåre Kongsbrors Veg 12A,2/342/0/0,4627000,70,320000,2918900,1.8,5254,Ingen,1.0
Tillegg Til Knausen 0,2/343/0/0,0,100,0,0,1.8,0,Ingen,1.0
Magnus Barfots Veg 27,2/344/0/0,5132000,70,320000,3272400,1.8,5890,Ingen,1.0
Magnus Barfots Veg 28B,2/345/0/0,5908000,70,320000,3815600,1.8,6868,Ingen,1.0
Magnus Barfots Veg 30,2/346/0/0,4375000,70,320000,2742500,1.8,4936,Ingen,1.0
Tillegg Til Parsell 39 0,2/347/0/0,64000,100,0,64000,1.8,115,Ingen,1.0
Magnus Barfots Veg 25,2/348/0/0,4941000,70,320000,3138700,1.8,5649,Ingen,1.0
Magnus Barfots Veg 29,2/349/0/0,6301000,70,320000,4090700,1.8,7363,Ingen,1.0
Magnus Barfots Veg 32,2/350/0/0,4650000,70,320000,2935000,1.8,5283,Ingen,1.0
Saxe Viks Veg 77,2/353/0/0,4638000,70,320000,2926600,1.8,5267,Ingen,1.0
Saxe Viks Veg 79,2/354/0/0,4443000,70,320000,2790100,1.8,5022,Ingen,1.0
Saxe Viks Veg 81,2/355/0/0,4265000,70,320000,2665500,1.8,4797,Ingen,1.0
Saxe Viks Veg 83,2/356/0/0,4252000,70,320000,2656400,1.8,4781,Ingen,1.0
Tillegg Til Solstua 0,2/357/0/0,0,100,0,0,1.8,0,Ingen,1.0
Magnus Barfots Veg 31,2/358/0/0,6683000,70,320000,4358100,1.8,7844,Ingen,1.0
Rikkas Veg 2,2/359/0/0,5249000,70,320000,3354300,1.8,6037,Ingen,1.0
Tillegg Til Trollhaugen 0,2/360/0/0,0,100,0,0,1.8,0,Ingen,1.0
Nedre Stibakken 17A,2/364/0/0,4133000,70,320000,2573100,1.8,4631,Ingen,1.0
Nedre Stibakken 25B,2/365/0/0,5102000,70,640000,2931400,1.8,5276,Ingen,2.0
Skogstien 5,2/369/0/0,5458000,70,320000,3500600,1.8,6301,Ingen,1.0
Nedre Stibakken 22,2/370/0/0,5273000,70,640000,3051100,1.8,5491,Ingen,2.0
Nedre Stibakken 23,2/371/0/0,7638000,70,320000,5026600,1.8,9047,Ingen,1.0
Nedre Stibakken 27,2/372/0/0,4893000,70,320000,3105100,1.8,5589,Ingen,1.0
Nedre Stibakken 29A,2/373/0/0,4304000,70,320000,2692800,1.8,4847,Ingen,1.0
Nedre Stibakken 21A,2/374/0/1,5810000,70,320000,3747000,1.8,6744,Ingen,1.0
Nedre Stibakken 21B,2/374/0/2,5830000,70,320000,3761000,1.8,6769,Ingen,1.0
Skogstien 3,2/375/0/0,6578000,70,640000,3964600,1.8,7136,Ingen,2.0
Tillegg Til Korsvegen 18 0,2/376/0/0,0,100,0,0,1.8,0,Ingen,1.0
Falkvegen 10,2/377/0/0,5640000,70,640000,3308000,1.8,5954,Ingen,2.0
Tillegg Ii Til Knutbakken 0,2/379/0/0,0,100,0,0,1.8,0,Ingen,1.0
Solhammer Ii 0,2/380/0/0,0,100,0,0,1.8,0,Ingen,1.0
Tillegg Til Brattås 0,2/381/0/0,0,100,0,0,1.8,0,Ingen,1.0
Tillegg Til Markavegen 60 0,2/384/0/0,0,100,0,0,1.8,0,Ingen,1.0
Nedre Stibakken 19B,2/385/0/0,5132000,70,320000,3272400,1.8,5890,Ingen,1.0
Skogstien 7,2/386/0/0,6746000,70,640000,4082200,1.8,7347,Ingen,2.0
Skogstien 9,2/388/0/0,6620000,70,320000,4314000,1.8,7765,Ingen,1.0
Skogstien 1,2/389/0/0,6040000,70,320000,3908000,1.8,7034,Ingen,1.0
Ekornvegen 24,2/390/0/0,5930000,70,320000,3831000,1.8,6895,Ingen,1.0
Ekornvegen 28,2/391/0/0,7087000,70,320000,4640900,1.8,8353,Ingen,1.0
Nedre Stibakken 20,2/392/0/0,6258000,70,640000,3740600,1.8,6733,Ingen,2.0
Lassvebergvegen 5,2/393/0/0,5819000,70,320000,3753300,1.8,6755,Ingen,1.0
Ekornvegen 9,2/394/0/0,6472000,70,320000,4210400,1.8,7578,Ingen,1.0
Ekornvegen 30,2/395/0/0,7339000,70,320000,4817300,1.8,8671,Ingen,1.0
Ekornvegen 35,2/396/0/0,8009000,70,640000,4966300,1.8,8939,Ingen,2.0
Tilleg Til Parsell Nr 1 0,2/397/0/0,0,100,0,0,1.8,0,Ingen,1.0
Ekornvegen 22,2/398/0/0,7198000,70,320000,4718600,1.8,8493,Ingen,1.0
Lauglobuen 14,2/400/0/0,5202000,70,320000,3321400,1.8,5978,Ingen,1.0
Lauglobuen 16A,2/401/0/0,4278000,70,320000,2674600,1.8,4814,Ingen,1.0
Lauglobuen 3,2/402/0/0,6430000,70,320000,4181000,1.8,7525,Ingen,1.0
Lauglobuen 5,2/403/0/0,7568000,70,640000,4657600,1.8,8383,Ingen,2.0
Lauglobuen 7A,2/404/0/1,4575000,70,320000,2882500,1.8,5188,Ingen,1.0
Lauglobuen 7B,2/404/0/2,4591000,70,320000,2893700,1.8,5208,Ingen,1.0
Lauglobuen 9A,2/405/0/1,4575000,70,320000,2882500,1.8,5188,Ingen,1.0
Lauglobuen 9B,2/405/0/2,4543000,70,320000,2860100,1.8,5148,Ingen,1.0
Saxeborgvegen 11,2/407/0/0,5108000,70,320000,3255600,1.8,5860,Ingen,1.0
Nedre Stibakken 25A,2/408/0/0,6193000,70,320000,4015100,1.8,7227,Ingen,1.0
Stibakken 11B,2/409/0/0,6150000,70,320000,3985000,1.8,7173,Ingen,1.0
Ekornvegen 26,2/410/0/0,7736000,70,320000,5095200,1.8,9171,Ingen,1.0
Stibakken Iv 0,2/411/0/0,0,100,0,0,1.8,0,Ingen,1.0
Stibakken Iii 0,2/412/0/0,0,100,0,0,1.8,0,Ingen,1.0
Lauglobuen 10,2/413/0/0,5412000,70,640000,3148400,1.8,5667,Ingen,2.0
Lauglobuen 8,2/414/0/0,6808000,70,320000,4445600,1.8,8002,Ingen,1.0
Lauglobuen 6,2/415/0/0,6704000,70,640000,4052800,1.8,7295,Ingen,2.0
Lauglobuen 4,2/416/0/0,5975000,70,320000,3862500,1.8,6952,Ingen,1.0
Lauglobuen 2,2/417/0/0,5617000,70,320000,3611900,1.8,6501,Ingen,1.0
Olav Magnussons Veg 6B,2/420/0/0,5594000,70,320000,3595800,1.8,6472,Ingen,1.0
Sigurd Slembes Veg 25,2/422/0/0,6128000,70,320000,3969600,1.8,7145,Ingen,1.0
Nedre Stibakken 29B,2/425/0/0,4406000,70,320000,2764200,1.8,4975,Ingen,1.0
Nedre Stibakken 19A,2/426/0/0,6974000,70,320000,4561800,1.8,8211,Ingen,1.0
Ekornvegen 32,2/428/0/0,5970000,70,640000,3539000,1.8,6370,Ingen,2.0
Ekornvegen 34,2/429/0/1,8028000,70,320000,5299600,1.8,9539,Ingen,1.0
Ekornvegen 34,2/429/0/2,1925000,70,320000,1027500,1.8,1849,Ingen,1.0
Nedre Stibakken 17B,2/431/0/0,4051000,70,320000,2515700,1.8,4528,Ingen,1.0
Ekornvegen 40,2/432/0/0,5628000,70,640000,3299600,1.8,5939,Ingen,2.0
Tillegg Til Granly 0,2/433/0/0,0,100,0,0,1.8,0,Ingen,1.0
Ekornvegen 38,2/434/0/0,5775000,70,320000,3722500,1.8,6700,Ingen,1.0
Magnus Barfots Veg 7A,2/435/0/0,4965000,70,320000,3155500,1.8,5679,Ingen,1.0
Haukvegen 14,2/436/0/0,6040000,70,320000,3908000,1.8,7034,Ingen,1.0
Bjørkly Iii 0,2/437/0/0,0,100,0,0,1.8,0,Ingen,1.0
Tillegg Til Granly 0,2/439/0/0,0,100,0,0,1.8,0,Ingen,1.0
Haukvegen 10,2/440/0/0,6578000,70,640000,3964600,1.8,7136,Ingen,2.0
Haukvegen 16,2/441/0/0,7892000,70,640000,4884400,1.8,8791,Ingen,2.0
Haukvegen 18,2/442/0/0,5797000,70,320000,3737900,1.8,6728,Ingen,1.0
Ekornvegen 36,2/443/0/0,6472000,70,320000,4210400,1.8,7578,Ingen,1.0
Magnus Barfots Veg 7B,2/444/0/0,4797000,70,320000,3037900,1.8,5468,Ingen,1.0
Bautavegen 18B,2/445/0/0,4993000,70,640000,2855100,1.8,5139,Ingen,2.0
Bautavegen 16,2/446/0/0,5555000,70,640000,3248500,1.8,5847,Ingen,2.0
Bautavegen 2,2/447/0/0,5952000,70,960000,3206400,1.8,5771,Ingen,3.0
Bautavegen 4,2/448/0/0,6472000,70,320000,4210400,1.8,7578,Ingen,1.0
Bautavegen 6,2/449/0/0,6301000,70,640000,3770700,1.8,6787,Ingen,2.0
Bautavegen 8,2/450/0/0,6472000,70,320000,4210400,1.8,7578,Ingen,1.0
Bautavegen 10,2/451/0/0,7499000,70,320000,4929300,1.8,8872,Ingen,1.0
Bautavegen 12,2/452/0/0,6430000,70,640000,3861000,1.8,6949,Ingen,2.0
Bautavegen 14,2/453/0/0,6891000,70,320000,4503700,1.8,8106,Ingen,1.0
Gullhaugvegen 6,2/454/0/0,6387000,70,640000,3830900,1.8,6895,Ingen,2.0
Gullhaugvegen 8,2/455/0/0,5296000,70,320000,3387200,1.8,6096,Ingen,1.0
Bautavegen 20,2/456/0/0,5864000,70,320000,3784800,1.8,6812,Ingen,1.0
Bautavegen 22,2/457/0/0,5707000,70,320000,3674900,1.8,6614,Ingen,1.0
Bautavegen 1,2/458/0/0,7339000,70,640000,4497300,1.8,8095,Ingen,2.0
Bautavegen 3,2/459/0/0,5342000,70,320000,3419400,1.8,6154,Ingen,1.0
Bautavegen 5,2/460/0/0,4821000,70,320000,3054700,1.8,5498,Ingen,1.0
Bautavegen 7,2/461/0/0,6215000,70,640000,3710500,1.8,6678,Ingen,2.0
Bautavegen 9,2/462/0/0,6215000,70,320000,4030500,1.8,7254,Ingen,1.0
Bautavegen 11,2/463/0/0,5365000,70,320000,3435500,1.8,6183,Ingen,1.0
Bautavegen 13,2/464/0/0,6599000,70,320000,4299300,1.8,7738,Ingen,1.0
Bautavegen 15,2/465/0/0,6787000,70,320000,4430900,1.8,7975,Ingen,1.0
Bautavegen 17,2/466/0/0,6599000,70,640000,3979300,1.8,7162,Ingen,2.0
Gullhaugvegen 4A,2/467/0/0,6365000,70,640000,3815500,1.8,6867,Ingen,2.0
Gullhaugvegen 4B,2/468/0/0,5707000,70,320000,3674900,1.8,6614,Ingen,1.0
Saxeborgvegen 13,2/469/0/0,5777000,70,640000,3403900,1.8,6127,Ingen,2.0
Ekornvegen 37,2/470/0/0,8105000,70,320000,5353500,1.8,9636,Ingen,1.0
Tillegg Til Magnus Barfots Veg 0,2/472/0/0,0,100,0,0,1.8,0,Ingen,1.0
Jervstien 3,2/474/0/0,8372000,70,640000,5220400,1.8,9396,Ingen,2.0
Rønningsvegen 34,2/476/0/0,5500000,70,640000,3210000,1.8,5778,Ingen,2.0
Ekornvegen 3B,2/478/0/0,5046000,70,320000,3212200,1.8,5781,Ingen,1.0
Veggrunn Einbakken 0,2/482/0/0,0,100,0,0,4.0,0,Ingen,1.0
Rikkas Veg 6,2/483/0/0,9476000,70,640000,5993200,1.8,10787,Ingen,2.0
Tillegg Til Parsell 54 0,2/484/0/0,0,100,0,0,1.8,0,Ingen,1.0
Rønningsvegen 19A,2/485/0/0,6704000,70,320000,4372800,1.8,7871,Ingen,1.0
Saxe Viks Veg 24,2/487/0/0,5179000,70,320000,3305300,1.8,5949,Ingen,1.0
Saxe Viks Veg 34,2/488/0/0,4723000,70,320000,2986100,1.8,5374,Ingen,1.0
Sjøvegen 4B,2/491/0/0,6255000,70,320000,4058500,1.8,7305,Ingen,1.0
Skogstien 6,2/492/0/0,7419000,70,320000,4873300,1.8,8771,Ingen,1.0
Skogstien 13,2/493/0/0,6236000,70,320000,4045200,1.8,7281,Ingen,1.0
Skogstien 11,2/494/0/0,5930000,70,320000,3831000,1.8,6895,Ingen,1.0
Tillegg Til Bautavegen 12 0,2/497/0/0,0,100,0,0,1.8,0,Ingen,1.0
Rikkas Veg 4,2/498/0/0,8765000,70,320000,5815500,1.8,10467,Ingen,1.0
Saxe Viks Veg 75,2/499/0/0,4941000,70,320000,3138700,1.8,5649,Ingen,1.0
Veggrunn Skogstien 0,2/500/0/0,0,100,0,0,1.8,0,Ingen,1.0
Veggrunn Sigurd Slembes Veg 0,2/501/0/0,0,100,0,0,4.0,0,Ingen,1.0
Gullhaugvegen 2D,2/502/0/0,8841000,70,320000,5868700,1.8,10563,Ingen,1.0
Ekornvegen 7B,2/504/0/0,5594000,70,640000,3275800,1.8,5896,Ingen,2.0
Rikkasveg 3 0,2/505/0/0,0,100,0,0,1.8,0,Ingen,1.0
Bautavegen 18A,2/510/0/0,4779000,70,320000,3025300,1.8,5445,Ingen,1.0
Rådyrvegen 4B,2/511/0/0,9026000,70,320000,5998200,1.8,10796,Ingen,1.0
Tillegg Til Ekornvegen 37 0,2/513/0/0,0,100,0,0,1.8,0,Ingen,1.0
Olav Magnussons Veg 10A,2/515/0/0,6886000,70,640000,4180200,1.8,7524,Ingen,2.0
Saxe Viks Veg 40,2/516/0/0,5267000,70,320000,3366900,1.8,6060,Ingen,1.0
Saxe Viks Veg 42,2/517/0/0,5267000,70,320000,3366900,1.8,6060,Ingen,1.0
Olav Magnussons Veg 12C,2/518/0/0,4990000,70,320000,3173000,1.8,5711,Ingen,1.0
Tillegg Til Gnr 2 Bnr 162 0,2/521/0/0,0,100,0,0,1.8,0,Ingen,1.0
Rønningsvegen 25B,2/522/0/1,5503000,70,320000,3532100,1.8,6357,Ingen,1.0
Rønningsvegen 25A,2/522/0/2,5206000,70,320000,3324200,1.8,5983,Ingen,1.0
Rønningsvegen 29,2/524/0/0,6832000,70,640000,4142400,1.8,7456,Ingen,2.0
Ekornvegen 20A,2/525/0/0,4139000,70,320000,2577300,1.8,4639,Ingen,1.0
Ekornvegen 20B,2/526/0/0,4139000,70,320000,2577300,1.8,4639,Ingen,1.0
Ekornvegen 20C,2/527/0/0,4067000,70,320000,2526900,1.8,4548,Ingen,1.0
Saxe Viks Veg 58,2/529/0/0,84000,100,0,84000,1.8,151,Ingen,1.0
Haukvegen 12,2/530/0/0,3265000,70,640000,1645500,1.8,2961,Ingen,2.0
Tillegg 2 Til 2/2 0,2/531/0/0,0,100,0,0,1.8,0,Ingen,1.0
Saksvikkorsen 0,2/533/0/0,0,100,0,0,4.0,0,Ingen,1.0
Rønningsvegen 20,2/536/0/0,3507000,70,320000,2134900,1.8,3842,Ingen,1.0
Rønningsvegen 28,2/540/0/0,6642000,70,640000,4009400,1.8,7216,Ingen,2.0
Saxe Viks Veg 44,2/541/0/0,6697000,70,320000,4367900,1.8,7862,Ingen,1.0
Pumpestasjon Stibakken 0,2/544/0/0,0,100,0,0,1.8,0,Ingen,1.0
Rønningsvegen 24,2/545/0/0,6058000,70,320000,3920600,1.8,7057,Ingen,1.0
Rønningsvegen 30,2/546/0/0,7773000,70,640000,4801100,1.8,8641,Ingen,2.0
Lillesjøvegen 10,2/547/0/0,6615000,70,640000,3990500,1.8,7182,Ingen,2.0
Lillesjøvegen 12,2/548/0/0,12148000,70,960000,7543600,1.8,13578,Ingen,3.0
Lillesjøvegen 14,2/549/0/0,8427000,70,640000,5258900,1.8,9466,Ingen,2.0
Lillesjøvegen 13,2/550/0/0,8648000,70,640000,5413600,1.8,9744,Ingen,2.0
Rønningsvegen 32,2/551/0/0,5000000,70,640000,2860000,1.8,5148,Ingen,2.0
Rønningsvegen 23A,2/553/0/0,3400000,70,320000,2060000,1.8,3708,Ingen,1.0
Rønningsvegen 26,2/554/0/0,0,100,0,0,1.8,0,Ingen,1.0
Lauglobuen 16B,2/555/0/0,4278000,70,320000,2674600,1.8,4814,Ingen,1.0
Falkvegen 8,2/556/0/0,5401000,70,320000,3460700,1.8,6229,Ingen,1.0
Tillegg Til Gnr. 2 Bnr. 80 0,2/557/0/0,0,100,0,0,1.8,0,Ingen,1.0
Malvikvegen 179,2/558/0/0,0,100,0,0,1.8,0,Ingen,1.0
Skogstien 4,2/559/0/0,8000000,70,640000,4960000,1.8,8928,Ingen,2.0
Saxe Viks Veg 57,2/560/0/0,5502000,70,640000,3211400,1.8,5780,Ingen,2.0
Saxeborgvegen 2A,2/561/0/1,6473000,70,320000,4211100,1.8,7579,Ingen,1.0
Saxeborgvegen 2B,2/561/0/2,5370000,70,320000,3439000,1.8,6190,Ingen,1.0
Saxeborgvegen 4,2/562/0/0,6669000,70,320000,4348300,1.8,7826,Ingen,1.0
Saxeborgvegen 6,2/563/0/0,10392000,70,640000,6634400,1.8,11941,Ingen,2.0
Saxeborgvegen 1,2/564/0/0,6859000,70,640000,4161300,1.8,7490,Ingen,2.0
Saxeborgvegen 3B,2/565/0/1,7771000,70,320000,5119700,1.8,9215,Ingen,1.0
Saxeborgvegen 3A,2/565/0/2,7771000,70,320000,5119700,1.8,9215,Ingen,1.0
Sigurd Slembes Veg 30,2/569/0/0,5455000,70,320000,3498500,1.8,6297,Ingen,1.0
Adkomstv 0,2/570/0/0,0,100,0,0,1.8,0,Ingen,1.0
Saxeborgvegen 5B,2/571/0/0,7283000,70,320000,4778100,1.8,8600,Ingen,1.0
Elgstien 2,2/572/0/0,7076000,70,320000,4633200,1.8,8339,Ingen,1.0
Elgstien 4,2/573/0/0,5297000,70,320000,3387900,1.8,6098,Ingen,1.0
Elgstien 6,2/574/0/0,5102000,70,320000,3251400,1.8,5852,Ingen,1.0
Elgstien 8,2/575/0/0,6832000,70,320000,4462400,1.8,8032,Ingen,1.0
Elgstien 10,2/576/0/0,5655000,70,320000,3638500,1.8,6549,Ingen,1.0
2/577/0/0 0,2/577/0/0,182000,100,0,182000,1.8,327,Ingen,1.0
2/578/0/0 0,2/578/0/0,0,100,0,0,1.8,0,Ingen,1.0
Rønningsvegen 22,2/579/0/0,6912000,70,640000,4198400,1.8,7557,Ingen,2.0
2/580/0/0 0,2/580/0/0,0,100,0,0,1.8,0,Ingen,1.0
Duevegen 3B,2/581/0/0,5061000,70,640000,2902700,1.8,5224,Ingen,2.0
Vidsjåvegen 11,2/583/0/0,8648000,70,640000,5413600,1.8,9744,Ingen,2.0
Vidsjåvegen 9,2/584/0/0,8929000,70,640000,5610300,1.8,10098,Ingen,2.0
Vidsjåvegen 13,2/585/0/0,10131000,70,320000,6771700,1.8,12189,Ingen,1.0
Vidsjåvegen 7,2/586/0/0,10305000,70,320000,6893500,1.8,12408,Ingen,1.0
Vidsjåvegen 4,2/587/0/0,7912000,70,640000,4898400,1.8,8817,Ingen,2.0
Vidsjåvegen 2,2/588/0/0,10189000,70,320000,6812300,1.8,12262,Ingen,1.0
Ekornvegen 3A,2/589/0/0,5009000,70,320000,3186300,1.8,5735,Ingen,1.0
Gullhaugvegen 20A,2/590/0/0,6641000,70,640000,4008700,1.8,7215,Ingen,2.0
Magnus Barfots Veg 3A,2/592/0/0,8648000,70,320000,5733600,1.8,10320,Ingen,1.0
2/593/0/0 0,2/593/0/0,0,100,0,0,1.8,0,Ingen,1.0
2/594/0/0 0,2/594/0/0,0,100,0,0,1.8,0,Ingen,1.0
Sjøvegen 8B,2/602/0/0,7885000,70,320000,5199500,1.8,9359,Ingen,1.0
Gullhaugvegen 2B,2/603/0/1,4344000,70,320000,2720800,1.8,4897,Ingen,1.0
Gullhaugvegen 2C,2/603/0/2,3730000,70,320000,2291000,1.8,4123,Ingen,1.0
Sigurd Slembes Veg 24A,2/606/0/0,11977000,70,320000,8063900,1.8,14515,Ingen,1.0
Saxe Viks veg 49A,2/610/0/0,4855000,70,320000,3078500,1.8,5541,Ingen,1.0
Saxe Viks Veg 49B,2/611/0/0,5112000,70,320000,3258400,1.8,5865,Ingen,1.0
Rønningsvegen 16,3/2/0/0,5132000,70,320000,3272400,1.8,5890,Ingen,1.0
Sjøvegen 11,3/5/0/0,3182000,70,320000,1907400,1.8,3433,Ingen,1.0
Sjøvegen 13,3/8/0/0,5930000,70,640000,3511000,1.8,6319,Ingen,2.0
Sjøvegen 9A,3/11/0/0,9787000,70,320000,6530900,1.8,11755,Ingen,1.0
Rønningsvegen 18B,3/14/0/0,5132000,70,320000,3272400,1.8,5890,Ingen,1.0
Vikastrand 0,3/15/0/0,0,100,0,0,1.8,0,Ingen,1.0
Sjøvegen 7B,3/16/0/0,4330000,70,320000,2711000,1.8,4879,Ingen,1.0
Sjøvegen 21,3/17/0/0,5572000,70,320000,3580400,1.8,6444,Ingen,1.0
Kongshaugvegen 8,3/19/0/0,4400000,70,320000,2760000,1.8,4968,Ingen,1.0
Rønningsvegen 14,3/22/0/0,3826000,70,320000,2358200,1.8,4244,Ingen,1.0
Rønningsvegen 17,3/23/0/0,6323000,70,640000,3786100,1.8,6814,Ingen,2.0
Rønningsvegen 15,3/24/0/0,6515000,70,320000,4240500,1.8,7632,Ingen,1.0
Sjøvegen 3,3/25/0/0,5480000,70,320000,3516000,1.8,6328,Ingen,1.0
Adkomsten 0,3/26/0/0,0,100,0,0,1.8,0,Ingen,1.0
Sjøvegen 7A,3/27/0/0,3854000,70,320000,2377800,1.8,4280,Ingen,1.0
Sjøvegen 23,3/28/0/0,7519000,70,320000,4943300,1.8,8897,Ingen,1.0
Sjøvegen 5,3/29/0/0,3580000,70,320000,2186000,1.8,3934,Ingen,1.0
Kongshaugvegen 6,3/31/0/0,5549000,70,320000,3564300,1.8,6415,Ingen,1.0
Sjøvegen 15,3/32/0/0,5061000,70,320000,3222700,1.8,5800,Ingen,1.0
Rønningsvegen 9,3/55/0/0,9862000,70,640000,6263400,1.8,11274,Ingen,2.0
Sjøvegen 17,3/56/0/0,0,100,0,0,1.8,0,Ingen,1.0
Tillegg Til Vik 0,3/57/0/0,0,100,0,0,1.8,0,Ingen,1.0
Sjøvegen 19C,3/58/0/0,4898000,70,320000,3108600,1.8,5595,Ingen,1.0
3/61/0/1 0,3/61/0/1,5269000,100,0,5269000,4.0,21076,Ingen,1.0
3/61/0/2 0,3/61/0/2,5943000,100,0,5943000,4.0,23772,Ingen,1.0
Stasjonsvegen 3,3/65/0/0,124368000,70,11840000,75217600,1.8,135391,Ingen,37.0
Rønningsvegen 7,3/66/0/0,6533000,70,320000,4253100,1.8,7655,Ingen,1.0
Rønningsvegen 13,3/67/0/0,6430000,70,640000,3861000,1.8,6949,Ingen,2.0
Rønningsvegen 11,3/68/0/0,3553000,70,320000,2167100,1.8,3900,Ingen,1.0
Rønningsvegen 12,3/69/0/0,6365000,70,640000,3815500,1.8,6867,Ingen,2.0
Rønningsvegen 10,3/70/0/0,5108000,70,320000,3255600,1.8,5860,Ingen,1.0
Stasjonsvegen 1,3/71/0/0,19455000,100,0,19455000,4.0,77820,Ingen,1.0
Sjøvegen 19A,3/72/0/0,8421000,70,320000,5574700,1.8,10034,Ingen,1.0
Sjøvegen 19B,3/73/0/0,0,100,0,0,1.8,0,Ingen,1.0
Sjøvegen 17 B. 0,3/74/0/0,0,100,0,0,1.8,0,Ingen,1.0
Rønningsvegen 18A,3/76/0/0,6450000,70,320000,4195000,1.8,7551,Ingen,1.0
Rønningsvegen 8,3/77/0/0,9568000,70,960000,5737600,1.8,10327,Ingen,3.0
3/79/0/0 0,3/79/0/0,168000,100,0,168000,1.8,302,Ingen,1.0
Sjøvegen 9B,3/81/0/0,8841000,70,320000,5868700,1.8,10563,Ingen,1.0
Malvikvegen 300,4/1/0/0,1770000,70,960000,279000,1.8,502,§ 5 h delvis,3.0
Ålivegen 2B,4/2/0/0,4349000,70,320000,2724300,1.8,4903,Ingen,1.0
Granholtvegen 14,4/3/0/0,5061000,70,640000,2902700,1.8,5224,Ingen,2.0
Ekornvegen 4,4/4/0/0,7645000,70,320000,5031500,1.8,9056,Ingen,1.0
Ålivegen 14,4/5/0/0,6493000,70,640000,3905100,1.8,7029,Ingen,2.0
Granholtvegen 4,4/6/0/1,5081000,70,320000,3236700,1.8,5826,Ingen,1.0
Granholtvegen 4,4/6/0/2,5035000,70,320000,3204500,1.8,5768,Ingen,1.0
Granholtvegen 4,4/6/0/3,5081000,70,320000,3236700,1.8,5826,Ingen,1.0
Granholtvegen 4,4/6/0/4,4755000,70,320000,3008500,1.8,5415,Ingen,1.0
Granholtvegen 4,4/6/0/5,5035000,70,320000,3204500,1.8,5768,Ingen,1.0
Granholtvegen 4,4/6/0/6,4755000,70,320000,3008500,1.8,5415,Ingen,1.0
Ålivegen 8,4/7/0/0,5319000,70,320000,3403300,1.8,6125,Ingen,1.0
Ekornvegen 6,4/8/0/0,1298000,70,320000,588600,1.8,1059,Ingen,1.0
Ålivegen 3,4/9/0/0,6270000,70,640000,3749000,1.8,6748,Ingen,2.0
Kongshaugvegen 2,4/10/0/0,4802000,100,0,4802000,4.0,19208,Ingen,1.0
Gullhaugvegen 1B,4/11/0/0,1399000,70,320000,659300,1.8,1186,§ 5 h delvis,1.0
Gullhaugvegen 1C,4/11/0/0,2548000,100,0,2548000,4.0,10192,§ 5 h delvis,1.0
Kongshaugvegen 1B,4/12/0/0,7096000,70,320000,4647200,1.8,8364,Ingen,1.0
Vikhammerdalen 6,4/13/0/0,5013000,70,320000,3189100,1.8,5740,Ingen,1.0
Kongshaugvegen 14,4/14/0/0,1350000,70,320000,625000,1.8,1125,Ingen,1.0
Ålivegen 9,4/15/0/0,5365000,70,320000,3435500,1.8,6183,Ingen,1.0
Granholtvegen 10,4/16/0/0,5179000,70,320000,3305300,1.8,5949,Ingen,1.0
Malvikvegen 310,4/17/0/0,5132000,70,640000,2952400,1.8,5314,Ingen,2.0
Kongshaugfjæra 5,4/19/0/0,840000,70,320000,268000,1.8,482,Ingen,1.0
Asplundvegen 11,4/20/0/0,3211000,70,320000,1927700,1.8,3469,Ingen,1.0
Asplundvegen 5,4/21/0/0,5342000,70,320000,3419400,1.8,6154,Ingen,1.0
Granholtvegen 1,4/22/0/0,10947000,70,320000,7342900,1.8,13217,Ingen,1.0
Ekornvegen 2A,4/23/0/0,5085000,70,320000,3239500,1.8,5831,Ingen,1.0
Kongshaugvegen 10,4/25/0/0,5819000,70,640000,3433300,1.8,6179,Ingen,2.0
Kongshaugvegen 12,4/26/0/0,5219000,70,640000,3013300,1.8,5423,Ingen,2.0
Kongshaugfjæra 1,4/27/0/0,963000,70,320000,354100,1.8,637,Ingen,1.0
Ekornvegen 2B,4/29/0/0,9770000,70,640000,6199000,1.8,11158,Ingen,2.0
Granholtvegen 5,4/30/0/0,3525000,70,320000,2147500,1.8,3865,Ingen,1.0
Granholtvegen 3,4/31/0/1,1850000,70,320000,975000,1.8,1755,Ingen,1.0
Granholtvegen 3,4/31/0/2,3127000,70,320000,1868900,1.8,3364,Ingen,1.0
Granholtvegen 3,4/31/0/3,4100000,70,320000,2550000,1.8,4590,Ingen,1.0
Asplundvegen 13,4/33/0/0,3608000,70,320000,2205600,1.8,3970,Ingen,1.0
Asplundvegen 9,4/34/0/0,4600000,70,320000,2900000,1.8,5220,Ingen,1.0
Kongshaugfjæra 7,4/35/0/0,1240000,70,320000,548000,1.8,986,Ingen,1.0
Kongshaugfjæra 9,4/36/0/0,426000,70,320000,0,1.8,0,Ingen,1.0
Malvikvegen 316,4/37/0/0,767000,70,320000,216900,1.8,390,Ingen,1.0
Ålivegen 10,4/38/0/0,6578000,70,640000,3964600,1.8,7136,Ingen,2.0
Tillegg Til Knausen 0,4/40/0/0,0,100,0,0,1.8,0,Ingen,1.0
Vikhammerdalen 4,4/41/0/0,7697000,70,640000,4747900,1.8,8546,Ingen,2.0
Ålivegen 16,4/42/0/0,5155000,70,320000,3288500,1.8,5919,Ingen,1.0
Tillegg Til Roa 0,4/43/0/0,0,100,0,0,1.8,0,Ingen,1.0
Ålivegen 13,4/44/0/0,7677000,70,640000,4733900,1.8,8521,Ingen,2.0
Ålivegen 11A,4/45/0/0,7387000,70,640000,4530900,1.8,8155,Ingen,2.0
Kongshaugvegen 3,4/46/0/0,4625000,70,320000,2917500,1.8,5251,Ingen,1.0
Granholtvegen 2,4/48/0/0,6641000,70,320000,4328700,1.8,7791,Ingen,1.0
Asplundvegen 17,4/50/0/0,4578000,70,640000,2564600,1.8,4616,Ingen,2.0
Vesletun 0,4/51/0/0,0,100,0,0,1.8,0,Ingen,1.0
Ålivegen 18,4/52/0/0,5132000,70,320000,3272400,1.8,5890,Ingen,1.0
Ålivegen 20,4/54/0/0,5653000,70,640000,3317100,1.8,5970,Ingen,2.0
Asplundvegen 19,4/55/0/0,6408000,70,640000,3845600,1.8,6922,Ingen,2.0
Asplundvegen 15,4/58/0/0,5685000,70,320000,3659500,1.8,6587,Ingen,1.0
Seljevegen 5,4/60/0/0,4625000,70,320000,2917500,1.8,5251,Ingen,1.0
Seljevegen 3,4/61/0/0,4092000,70,640000,2224400,1.8,4003,Ingen,2.0
Seljevegen 1,4/62/0/0,5503000,70,320000,3532100,1.8,6357,Ingen,1.0
Seljevegen 6,4/63/0/0,5952000,70,320000,3846400,1.8,6923,Ingen,1.0
Seljevegen 4,4/64/0/0,6472000,70,640000,3890400,1.8,7002,Ingen,2.0
Seljevegen 2,4/65/0/0,6468000,70,640000,3887600,1.8,6997,Ingen,2.0
Heggvegen 3,4/66/0/0,3691000,70,320000,2263700,1.8,4074,Ingen,1.0
Heggvegen 1,4/67/0/0,7035000,70,640000,4284500,1.8,7712,Ingen,2.0
Ålivegen 4,4/68/0/0,3525000,70,320000,2147500,1.8,3865,Ingen,1.0
Tillegg Til Heimstad 0,4/69/0/0,0,100,0,0,1.8,0,Ingen,1.0
Tillegg Til Solstua 0,4/70/0/0,44000,100,0,44000,1.8,79,Ingen,1.0
Kongshaugvegen 1,4/72/0/0,6891000,70,640000,4183700,1.8,7530,Ingen,2.0
Granholtvegen 9,4/73/0/0,4195000,70,320000,2616500,1.8,4709,Ingen,1.0
Granholtvegen 11,4/74/0/0,5037000,70,320000,3205900,1.8,5770,Ingen,1.0
Malvikvegen 314,4/75/0/0,2944000,70,640000,1420800,1.8,2557,Ingen,2.0
Kongshaugfjæra 3,4/76/0/0,732000,70,320000,192400,1.8,346,Ingen,1.0
Ålivegen 12,4/77/0/0,3778000,70,320000,2324600,1.8,4184,Ingen,1.0
Kongshaugvegen 5,4/80/0/0,5819000,70,320000,3753300,1.8,6755,Ingen,1.0
Kongshaugvegen 7,4/81/0/0,5132000,70,320000,3272400,1.8,5890,Ingen,1.0
Heggvegen 2,4/82/0/0,6280000,70,320000,4076000,1.8,7336,Ingen,1.0
Skarpsno Ii 0,4/83/0/0,0,100,0,0,1.8,0,Ingen,1.0
Ekornvegen 10A,4/84/0/1,3996000,70,320000,2477200,1.8,4458,Ingen,1.0
Ekornvegen 10B,4/84/0/2,3982000,70,320000,2467400,1.8,4441,Ingen,1.0
Granholtvegen 12,4/85/0/0,4600000,70,320000,2900000,1.8,5220,Ingen,1.0
Ålivegen 6,4/87/0/0,6150000,70,640000,3665000,1.8,6597,Ingen,2.0
Ålivegen 6B,4/88/0/0,4400000,70,640000,2440000,1.8,4392,Ingen,2.0
Ålivegen 6C,4/89/0/0,4144000,70,320000,2580800,1.8,4645,Ingen,1.0
Ekornvegen 18,4/90/0/0,7035000,70,640000,4284500,1.8,7712,Ingen,2.0
Asplundvegen 4,4/91/0/0,5132000,70,320000,3272400,1.8,5890,Ingen,1.0
Asplundvegen 6B,4/93/0/0,0,100,0,0,1.8,0,Ingen,1.0
Asplundvegen 2,4/94/0/0,5819000,70,320000,3753300,1.8,6755,Ingen,1.0
Granholtvegen 8,4/95/0/0,5480000,70,640000,3196000,1.8,5752,Ingen,2.0
Ålivegen 6D,4/96/0/0,5132000,70,320000,3272400,1.8,5890,Ingen,1.0
Ålivegen 6A,4/97/0/0,5202000,70,320000,3321400,1.8,5978,Ingen,1.0
Sporforlengelse Iii 0,4/102/0/0,0,100,0,0,1.8,0,Ingen,1.0
Ekornvegen 2,4/105/0/0,5707000,70,320000,3674900,1.8,6614,Ingen,1.0
Asplundvegen 7,4/107/0/0,5435000,70,320000,3484500,1.8,6272,Ingen,1.0
Ekornvegen 12,4/108/0/0,5249000,70,320000,3354300,1.8,6037,Ingen,1.0
Tillegg Til Helgemo 0,4/110/0/0,0,100,0,0,1.8,0,Ingen,1.0
Ekornvegen 16,4/111/0/0,7035000,70,320000,4604500,1.8,8288,Ingen,1.0
Ekornvegen 14 0,4/112/0/0,0,100,0,0,1.8,0,Ingen,1.0
Ekornvegen 14C,4/113/0/1,3000000,70,320000,1780000,1.8,3204,Ingen,1.0
Ekornvegen 14A,4/113/0/2,3559000,70,640000,1851300,1.8,3332,Ingen,2.0
Ekornvegen 14B,4/113/0/3,3559000,70,320000,2171300,1.8,3908,Ingen,1.0
Asplundvegen 8B,4/114/0/0,5022000,70,320000,3195400,1.8,5751,Ingen,1.0
Asplundvegen 8A,4/116/0/0,6062000,70,320000,3923400,1.8,7062,Ingen,1.0
Malvikvegen 312,4/117/0/0,4400000,70,320000,2760000,1.8,4968,Ingen,1.0
Ekornvegen 8,4/118/0/0,5908000,70,320000,3815600,1.8,6868,Ingen,1.0
Tillegg Til Ekornvegen 8 0,4/119/0/0,0,100,0,0,1.8,0,Ingen,1.0
Kongshaugvegen 4,4/120/0/0,5572000,70,320000,3580400,1.8,6444,Ingen,1.0
Gullhaugvegen 3A,4/129/0/0,7056000,70,640000,4299200,1.8,7738,Ingen,2.0
Gullhaugvegen 3B,4/130/0/0,6106000,70,320000,3954200,1.8,7117,Ingen,1.0
Svarttrostvegen 1,4/131/0/0,5392000,70,320000,3454400,1.8,6217,Ingen,1.0
Svarttrostvegen 3,4/132/0/0,4845000,70,320000,3071500,1.8,5528,Ingen,1.0
Svarttrostvegen 5,4/133/0/0,4425000,70,320000,2777500,1.8,4999,Ingen,1.0
Svarttrostvegen 7,4/134/0/0,7950000,70,960000,4605000,1.8,8289,Ingen,3.0
Svarttrostvegen 9,4/135/0/0,5108000,70,320000,3255600,1.8,5860,Ingen,1.0
Svarttrostvegen 11,4/136/0/0,7035000,70,640000,4284500,1.8,7712,Ingen,2.0
Svarttrostvegen 13,4/137/0/0,6850000,70,320000,4475000,1.8,8055,Ingen,1.0
Svarttrostvegen 15,4/138/0/0,5594000,70,320000,3595800,1.8,6472,Ingen,1.0
Svarttrostvegen 2,4/139/0/0,6215000,70,320000,4030500,1.8,7254,Ingen,1.0
Svarttrostvegen 4,4/140/0/0,6344000,70,640000,3800800,1.8,6841,Ingen,2.0
Svarttrostvegen 6,4/141/0/0,5365000,70,320000,3435500,1.8,6183,Ingen,1.0
Svarttrostvegen 8,4/142/0/0,6150000,70,640000,3665000,1.8,6597,Ingen,2.0
Svarttrostvegen 10,4/143/0/0,6932000,70,320000,4532400,1.8,8158,Ingen,1.0
Svarttrostvegen 12,4/144/0/0,6128000,70,320000,3969600,1.8,7145,Ingen,1.0
Svarttrostvegen 14,4/145/0/0,6365000,70,320000,4135500,1.8,7443,Ingen,1.0
Svarttrostvegen 16,4/146/0/0,6040000,70,320000,3908000,1.8,7034,Ingen,1.0
Gullhaugvegen 5,4/147/0/0,7775000,70,640000,4802500,1.8,8644,Ingen,2.0
Gullhaugvegen 7,4/148/0/0,7499000,70,320000,4929300,1.8,8872,Ingen,1.0
Gullhaugvegen 9,4/149/0/0,4941000,70,320000,3138700,1.8,5649,Ingen,1.0
Gullhaugvegen 11,4/150/0/0,5061000,70,320000,3222700,1.8,5800,Ingen,1.0
Gullhaugvegen 15,4/151/0/0,6040000,70,320000,3908000,1.8,7034,Ingen,1.0
Gullhaugvegen 21,4/152/0/0,5365000,70,320000,3435500,1.8,6183,Ingen,1.0
Gullhaugvegen 23,4/153/0/0,6258000,70,320000,4060600,1.8,7309,Ingen,1.0
Gullhaugvegen 25,4/154/0/0,6062000,70,320000,3923400,1.8,7062,Ingen,1.0
Gullhaugvegen 27,4/155/0/0,6323000,70,640000,3786100,1.8,6814,Ingen,2.0
Gullhaugvegen 12A,4/156/0/0,4431000,70,320000,2781700,1.8,5007,Ingen,1.0
Gullhaugvegen 14,4/157/0/0,7096000,70,320000,4647200,1.8,8364,Ingen,1.0
Gullhaugvegen 16,4/158/0/0,7419000,70,320000,4873300,1.8,8771,Ingen,1.0
Gullhaugvegen 18,4/159/0/0,5365000,70,320000,3435500,1.8,6183,Ingen,1.0
Gullhaugvegen 28,4/160/0/0,6215000,70,640000,3710500,1.8,6678,Ingen,2.0
Gullhaugvegen 30,4/161/0/0,5594000,70,320000,3595800,1.8,6472,Ingen,1.0
Gullhaugvegen 32,4/162/0/0,6280000,70,320000,4076000,1.8,7336,Ingen,1.0
Gullhaugvegen 34,4/163/0/0,6344000,70,320000,4120800,1.8,7417,Ingen,1.0
Gullhaugvegen 36,4/164/0/0,6746000,70,640000,4082200,1.8,7347,Ingen,2.0
Gullhaugvegen 38,4/165/0/0,6193000,70,320000,4015100,1.8,7227,Ingen,1.0
Gullhaugvegen 40,4/166/0/0,6365000,70,320000,4135500,1.8,7443,Ingen,1.0
Gullhaugvegen 42,4/167/0/0,4674000,70,320000,2951800,1.8,5313,Ingen,1.0
Gullhaugvegen 44,4/168/0/0,6084000,70,320000,3938800,1.8,7089,Ingen,1.0
Gullhaugvegen 46,4/169/0/0,6974000,70,640000,4241800,1.8,7635,Ingen,2.0
Gullhaugvegen 48,4/170/0/0,7479000,70,320000,4915300,1.8,8847,Ingen,1.0
Gullhaugvegen 50,4/171/0/0,5132000,70,320000,3272400,1.8,5890,Ingen,1.0
Ålivegen 1,4/173/0/0,8713000,70,640000,5459100,1.8,9826,Ingen,2.0
Asplundvegen 12,4/174/0/0,4525000,70,320000,2847500,1.8,5125,Ingen,1.0
Asplundvegen 10,4/175/0/0,5662000,70,320000,3643400,1.8,6558,Ingen,1.0
Kongshaugvegen 1 C 0,4/178/0/0,78000,100,0,78000,1.8,140,Ingen,1.0
Tillegg Til 4/84 0,4/180/0/0,0,100,0,0,1.8,0,Ingen,1.0
Veggrunn Av Roa 0,4/181/0/0,0,100,0,0,4.0,0,Ingen,1.0
Gullhaugvegen 19,4/183/0/0,7015000,70,320000,4590500,1.8,8262,Ingen,1.0
Ålivegen 11B,4/184/0/0,5267000,70,320000,3366900,1.8,6060,Ingen,1.0
Ålivegen 16B,4/185/0/0,6966000,70,320000,4556200,1.8,8201,Ingen,1.0
Gullhaugvegen 12B,4/186/0/0,4226000,70,320000,2638200,1.8,4748,Ingen,1.0
Tillegg Til 1/114 0,4/188/0/0,0,100,0,0,1.8,0,Ingen,1.0
Gullhaugvegen 17,4/189/0/0,7361000,70,320000,4832700,1.8,8698,Ingen,1.0
Ålivegen 2C,4/190/0/0,7773000,70,320000,5121100,1.8,9217,Ingen,1.0
Gullhaugvegen 1A,4/191/0/0,4319000,70,320000,2703300,1.8,4865,Ingen,1.0
Granholtvegen 6D,4/192/0/1,4521000,70,320000,2844700,1.8,5120,Ingen,1.0
Granholtvegen 6C,4/192/0/2,4396000,70,320000,2757200,1.8,4962,Ingen,1.0
Granholtvegen 6B,4/192/0/3,4396000,70,320000,2757200,1.8,4962,Ingen,1.0
Granholtvegen 6A,4/192/0/4,4417000,70,320000,2771900,1.8,4989,Ingen,1.0
Malvikvegen 308,4/193/0/0,9266000,70,640000,5846200,1.8,10523,Ingen,2.0
Asplundvegen 8C,4/194/0/0,9787000,70,320000,6530900,1.8,11755,Ingen,1.0
Rognvegen 22,4/200/0/0,8949000,70,320000,5944300,1.8,10699,Ingen,1.0
Rognvegen 20,4/201/0/0,7900000,70,320000,5210000,1.8,9378,Ingen,1.0
Rognvegen 18,4/202/0/0,9337000,70,320000,6215900,1.8,11188,Ingen,1.0
Rognvegen 16,4/203/0/0,8877000,70,320000,5893900,1.8,10609,Ingen,1.0
Rognvegen 14,4/204/0/0,8949000,70,320000,5944300,1.8,10699,Ingen,1.0
Lerkvegen 33,4/205/0/1,2977000,70,320000,1763900,1.8,3175,Ingen,1.0
Lerkvegen 31,4/205/0/2,3133000,70,320000,1873100,1.8,3371,Ingen,1.0
Lerkvegen 31,4/205/0/3,3491000,70,320000,2123700,1.8,3822,Ingen,1.0
Lerkvegen 31,4/205/0/4,2872000,70,320000,1690400,1.8,3042,Ingen,1.0
Lerkvegen 31,4/205/0/6,5629000,70,320000,3620300,1.8,6516,Ingen,1.0
Lerkvegen 31,4/205/0/7,3642000,70,320000,2229400,1.8,4012,Ingen,1.0
Lerkvegen 31,4/205/0/8,2872000,70,320000,1690400,1.8,3042,Ingen,1.0
Lerkvegen 31,4/205/0/9,2819000,70,320000,1653300,1.8,2975,Ingen,1.0
Lerkvegen 31,4/205/0/10,5494000,70,320000,3525800,1.8,6346,Ingen,1.0
Lerkvegen 31,4/205/0/11,3491000,70,320000,2123700,1.8,3822,Ingen,1.0
Lerkvegen 31,4/205/0/12,2872000,70,320000,1690400,1.8,3042,Ingen,1.0
Lerkvegen 31,4/205/0/13,2819000,70,320000,1653300,1.8,2975,Ingen,1.0
Lerkvegen 31,4/205/0/14,5584000,70,320000,3588800,1.8,6459,Ingen,1.0
Lerkvegen 31,4/205/0/15,3692000,70,320000,2264400,1.8,4075,Ingen,1.0
Lerkvegen 31,4/205/0/16,2924000,70,320000,1726800,1.8,3108,Ingen,1.0
Lerkvegen 31,4/205/0/17,2977000,70,320000,1763900,1.8,3175,Ingen,1.0
Lerkvegen 31,4/205/0/18,6385000,70,320000,4149500,1.8,7469,Ingen,1.0
Lerkvegen 31,4/205/0/19,5127000,70,320000,3268900,1.8,5884,Ingen,1.0
Lerkvegen 27,4/205/0/21,2977000,70,320000,1763900,1.8,3175,Ingen,1.0
Lerkvegen 25,4/205/0/22,4135000,70,320000,2574500,1.8,4634,Ingen,1.0
Lerkvegen 23,4/205/0/23,5035000,70,320000,3204500,1.8,5768,Ingen,1.0
Lerkvegen 29,4/205/0/24,3692000,70,320000,2264400,1.8,4075,Ingen,1.0
Lerkvegen 29,4/205/0/25,2924000,70,320000,1726800,1.8,3108,Ingen,1.0
Lerkvegen 29,4/205/0/26,4086000,70,320000,2540200,1.8,4572,Ingen,1.0
Lerkvegen 29,4/205/0/27,5220000,70,320000,3334000,1.8,6001,Ingen,1.0
Lerkvegen 29,4/205/0/28,2097000,70,320000,1147900,1.8,2066,Ingen,1.0
Lerkvegen 29,4/205/0/29,2766000,70,320000,1616200,1.8,2909,Ingen,1.0
Lerkvegen 29,4/205/0/30,4376000,70,320000,2743200,1.8,4937,Ingen,1.0
Lerkvegen 29,4/205/0/31,5035000,70,320000,3204500,1.8,5768,Ingen,1.0
Lerkvegen 29,4/205/0/32,3642000,70,320000,2229400,1.8,4012,Ingen,1.0
Lerkvegen 29,4/205/0/33,1609000,70,320000,806300,1.8,1451,Ingen,1.0
Lerkvegen 29,4/205/0/34,4376000,70,320000,2743200,1.8,4937,Ingen,1.0
Lerkvegen 29,4/205/0/35,5081000,70,320000,3236700,1.8,5826,Ingen,1.0
Lerkvegen 29,4/205/0/36,6473000,70,320000,4211100,1.8,7579,Ingen,1.0
Rognvegen 10,4/205/0/38,2766000,70,320000,1616200,1.8,2909,Ingen,1.0
Rognvegen 12,4/205/0/40,2766000,70,320000,1616200,1.8,2909,Ingen,1.0
Rognvegen 12,4/205/0/41,3592000,70,320000,2194400,1.8,3949,Ingen,1.0
Rognvegen 12,4/205/0/42,4566000,70,320000,2876200,1.8,5177,Ingen,1.0
Rognvegen 12,4/205/0/43,4614000,70,320000,2909800,1.8,5237,Ingen,1.0
Rognvegen 12,4/205/0/44,2712000,70,320000,1578400,1.8,2841,Ingen,1.0
Rognvegen 12,4/205/0/45,3692000,70,320000,2264400,1.8,4075,Ingen,1.0
Rognvegen 12,4/205/0/46,4328000,70,320000,2709600,1.8,4877,Ingen,1.0
Rognvegen 12,4/205/0/47,4849000,70,320000,3074300,1.8,5533,Ingen,1.0
Rognvegen 12,4/205/0/48,2658000,70,320000,1540600,1.8,2773,Ingen,1.0
Rognvegen 12,4/205/0/49,3791000,70,320000,2333700,1.8,4200,Ingen,1.0
Rognvegen 12,4/205/0/50,4328000,70,320000,2709600,1.8,4877,Ingen,1.0
Rognvegen 12,4/205/0/51,6121000,70,320000,3964700,1.8,7136,Ingen,1.0
Rognvegen 12,4/205/0/52,6121000,70,320000,3964700,1.8,7136,Ingen,1.0
Lerkvegen 55,4/207/0/0,5349000,70,320000,3424300,1.8,6163,Ingen,1.0
Lerkvegen 53,4/208/0/0,4792000,70,320000,3034400,1.8,5461,Ingen,1.0
Lerkvegen 51,4/209/0/0,4792000,70,320000,3034400,1.8,5461,Ingen,1.0
Lerkvegen 49,4/210/0/0,4792000,70,320000,3034400,1.8,5461,Ingen,1.0
Lerkvegen 47,4/211/0/0,4816000,70,320000,3051200,1.8,5492,Ingen,1.0
Lerkvegen 45,4/212/0/0,4889000,70,320000,3102300,1.8,5584,Ingen,1.0
Lerkvegen 43,4/213/0/0,5238000,70,320000,3346600,1.8,6023,Ingen,1.0
Lerkvegen 41,4/214/0/0,5238000,70,320000,3346600,1.8,6023,Ingen,1.0
Lerkvegen 39,4/215/0/0,5929000,70,320000,3830300,1.8,6894,Ingen,1.0
Lerkvegen 37,4/216/0/0,5193000,70,320000,3315100,1.8,5967,Ingen,1.0
Lerkvegen 35,4/217/0/0,5414000,70,320000,3469800,1.8,6245,Ingen,1.0
Lerkvegen 19,4/219/0/1,3193000,70,320000,1915100,1.8,3447,Ingen,1.0
Lerkvegen 17,4/219/0/2,2924000,70,320000,1726800,1.8,3108,Ingen,1.0
Lerkvegen 15,4/219/0/3,3939000,70,320000,2437300,1.8,4387,Ingen,1.0
Lerkvegen 13,4/219/0/4,3988000,70,320000,2471600,1.8,4448,Ingen,1.0
Lerkvegen 13,4/219/0/5,5873000,70,320000,3791100,1.8,6823,Ingen,1.0
Lerkvegen 13,4/219/0/6,3193000,70,320000,1915100,1.8,3447,Ingen,1.0
Lerkvegen 13,4/219/0/7,2872000,70,320000,1690400,1.8,3042,Ingen,1.0
Lerkvegen 13,4/219/0/8,2291000,70,320000,1283700,1.8,2310,Ingen,1.0
Lerkvegen 13,4/219/0/9,2305000,70,320000,1293500,1.8,2328,Ingen,1.0
Lerkvegen 13,4/219/0/10,5809000,70,320000,3746300,1.8,6743,Ingen,1.0
Lerkvegen 13,4/219/0/11,3193000,70,320000,1915100,1.8,3447,Ingen,1.0
Lerkvegen 13,4/219/0/12,2924000,70,320000,1726800,1.8,3108,Ingen,1.0
Lerkvegen 13,4/219/0/13,2291000,70,320000,1283700,1.8,2310,Ingen,1.0
Lerkvegen 13,4/219/0/14,4086000,70,320000,2540200,1.8,4572,Ingen,1.0
Lerkvegen 13,4/219/0/15,5629000,70,320000,3620300,1.8,6516,Ingen,1.0
Lerkvegen 13,4/219/0/16,3193000,70,320000,1915100,1.8,3447,Ingen,1.0
Lerkvegen 13,4/219/0/17,2924000,70,320000,1726800,1.8,3108,Ingen,1.0
Lerkvegen 13,4/219/0/18,2291000,70,320000,1283700,1.8,2310,Ingen,1.0
Lerkvegen 13,4/219/0/19,3988000,70,320000,2471600,1.8,4448,Ingen,1.0
Lerkvegen 13,4/219/0/20,5674000,70,320000,3651800,1.8,6573,Ingen,1.0
Lerkvegen 13,4/219/0/21,6077000,70,320000,3933900,1.8,7081,Ingen,1.0
Lerkvegen 13,4/219/0/22,3692000,70,320000,2264400,1.8,4075,Ingen,1.0
Lerkvegen 13,4/219/0/23,4557000,70,320000,2869900,1.8,5165,Ingen,1.0
Rognvegen 8,4/219/0/24,2766000,70,320000,1616200,1.8,2909,Ingen,1.0
Rognvegen 8,4/219/0/26,2712000,70,320000,1578400,1.8,2841,Ingen,1.0
Rognvegen 8,4/219/0/27,3692000,70,320000,2264400,1.8,4075,Ingen,1.0
Rognvegen 8,4/219/0/28,4661000,70,320000,2942700,1.8,5296,Ingen,1.0
Rognvegen 8,4/219/0/29,2951000,70,320000,1745700,1.8,3142,Ingen,1.0
Rognvegen 8,4/219/0/30,2872000,70,320000,1690400,1.8,3042,Ingen,1.0
Rognvegen 8,4/219/0/31,3742000,70,320000,2299400,1.8,4138,Ingen,1.0
Rognvegen 8,4/219/0/32,4708000,70,320000,2975600,1.8,5356,Ingen,1.0
Rognvegen 8,4/219/0/33,2951000,70,320000,1745700,1.8,3142,Ingen,1.0
Rognvegen 8,4/219/0/34,2819000,70,320000,1653300,1.8,2975,Ingen,1.0
Rognvegen 8,4/219/0/35,3441000,70,320000,2088700,1.8,3759,Ingen,1.0
Rognvegen 8,4/219/0/36,4519000,70,320000,2843300,1.8,5117,Ingen,1.0
Rognvegen 8,4/219/0/37,2951000,70,320000,1745700,1.8,3142,Ingen,1.0
Rognvegen 8,4/219/0/38,2712000,70,320000,1578400,1.8,2841,Ingen,1.0
Rognvegen 8,4/219/0/39,3791000,70,320000,2333700,1.8,4200,Ingen,1.0
Rognvegen 8,4/219/0/40,4708000,70,320000,2975600,1.8,5356,Ingen,1.0
Rognvegen 8,4/219/0/41,6298000,70,320000,4088600,1.8,7359,Ingen,1.0
Rognvegen 8,4/219/0/42,5002000,70,320000,3181400,1.8,5726,Ingen,1.0
Rognvegen 4,4/219/0/43,2819000,70,320000,1653300,1.8,2975,Ingen,1.0
Rognvegen 2,4/219/0/44,2658000,70,320000,1540600,1.8,2773,Ingen,1.0
Rognvegen 4,4/219/0/45,2819000,70,320000,1653300,1.8,2975,Ingen,1.0
Rognvegen 4,4/219/0/46,3592000,70,320000,2194400,1.8,3949,Ingen,1.0
Rognvegen 4,4/219/0/47,4708000,70,320000,2975600,1.8,5356,Ingen,1.0
Rognvegen 4,4/219/0/48,4895000,70,320000,3106500,1.8,5591,Ingen,1.0
Rognvegen 4,4/219/0/49,2712000,70,320000,1578400,1.8,2841,Ingen,1.0
Rognvegen 4,4/219/0/50,3592000,70,320000,2194400,1.8,3949,Ingen,1.0
Rognvegen 4,4/219/0/51,4661000,70,320000,2942700,1.8,5296,Ingen,1.0
Rognvegen 4,4/219/0/52,4849000,70,320000,3074300,1.8,5533,Ingen,1.0
Rognvegen 4,4/219/0/53,2712000,70,320000,1578400,1.8,2841,Ingen,1.0
Rognvegen 4,4/219/0/54,3791000,70,320000,2333700,1.8,4200,Ingen,1.0
Rognvegen 4,4/219/0/55,4661000,70,320000,2942700,1.8,5296,Ingen,1.0
Rognvegen 4,4/219/0/56,4849000,70,320000,3074300,1.8,5533,Ingen,1.0
Rognvegen 4,4/219/0/57,2766000,70,320000,1616200,1.8,2909,Ingen,1.0
Rognvegen 4,4/219/0/58,3592000,70,320000,2194400,1.8,3949,Ingen,1.0
Rognvegen 4,4/219/0/59,4471000,70,320000,2809700,1.8,5057,Ingen,1.0
Rognvegen 4,4/219/0/60,4074000,70,320000,2531800,1.8,4557,Ingen,1.0
Rognvegen 4,4/219/0/61,6032000,70,320000,3902400,1.8,7024,Ingen,1.0
Lerkvegen 11,4/219/0/62,3029000,70,320000,1800300,1.8,3240,Ingen,1.0
Lerkvegen 9,4/219/0/63,1758000,70,320000,910600,1.8,1639,Ingen,1.0
Lerkvegen 9,4/219/0/64,3491000,70,320000,2123700,1.8,3822,Ingen,1.0
Lerkvegen 9,4/219/0/65,2872000,70,320000,1690400,1.8,3042,Ingen,1.0
Lerkvegen 9,4/219/0/66,3988000,70,320000,2471600,1.8,4448,Ingen,1.0
Lerkvegen 9,4/219/0/67,3534000,70,320000,2153800,1.8,3876,Ingen,1.0
Lerkvegen 9,4/219/0/68,3692000,70,320000,2264400,1.8,4075,Ingen,1.0
Lerkvegen 9,4/219/0/69,1509000,70,320000,736300,1.8,1325,Ingen,1.0
Lerkvegen 9,4/219/0/70,4183000,70,320000,2608100,1.8,4694,Ingen,1.0
Lerkvegen 9,4/219/0/71,5584000,70,320000,3588800,1.8,6459,Ingen,1.0
Lerkvegen 9,4/219/0/72,2098000,70,320000,1148600,1.8,2067,Ingen,1.0
Lerkvegen 9,4/219/0/73,2924000,70,320000,1726800,1.8,3108,Ingen,1.0
Lerkvegen 9,4/219/0/74,1533000,70,320000,753100,1.8,1355,Ingen,1.0
Lerkvegen 9,4/219/0/75,5584000,70,320000,3588800,1.8,6459,Ingen,1.0
Lerkvegen 9,4/219/0/76,2098000,70,320000,1148600,1.8,2067,Ingen,1.0
Lerkvegen 9,4/219/0/77,4519000,70,320000,2843300,1.8,5117,Ingen,1.0
Lerkvegen 9,4/219/0/78,1533000,70,320000,753100,1.8,1355,Ingen,1.0
Lerkvegen 9,4/219/0/79,4302000,70,320000,2691400,1.8,4844,Ingen,1.0
Lerkvegen 9,4/219/0/80,5127000,70,320000,3268900,1.8,5884,Ingen,1.0
Lerkvegen 5,4/219/0/81,4708000,70,320000,2975600,1.8,5356,Ingen,1.0
Lerkvegen 3,4/219/0/82,2586000,70,320000,1490200,1.8,2682,Ingen,1.0
Lerkvegen 1,4/219/0/83,5035000,70,320000,3204500,1.8,5768,Ingen,1.0
Lerkvegen 7,4/219/0/84,4849000,70,320000,3074300,1.8,5533,Ingen,1.0
Lerkvegen 7,4/219/0/85,2819000,70,320000,1653300,1.8,2975,Ingen,1.0
Lerkvegen 7,4/219/0/86,4376000,70,320000,2743200,1.8,4937,Ingen,1.0
Lerkvegen 7,4/219/0/87,5035000,70,320000,3204500,1.8,5768,Ingen,1.0
Lerkvegen 7,4/219/0/88,2102000,70,320000,1151400,1.8,2072,Ingen,1.0
Lerkvegen 7,4/219/0/89,1614000,70,320000,809800,1.8,1457,Ingen,1.0
Lerkvegen 7,4/219/0/90,4135000,70,320000,2574500,1.8,4634,Ingen,1.0
Lerkvegen 7,4/219/0/91,5265000,70,320000,3365500,1.8,6057,Ingen,1.0
Lerkvegen 7,4/219/0/92,2102000,70,320000,1151400,1.8,2072,Ingen,1.0
Lerkvegen 7,4/219/0/93,1614000,70,320000,809800,1.8,1457,Ingen,1.0
Lerkvegen 7,4/219/0/94,2586000,70,320000,1490200,1.8,2682,Ingen,1.0
Lerkvegen 7,4/219/0/95,5174000,70,320000,3301800,1.8,5943,Ingen,1.0
Lerkvegen 7,4/219/0/96,2102000,70,320000,1151400,1.8,2072,Ingen,1.0
Lerkvegen 7,4/219/0/97,4344000,70,320000,2720800,1.8,4897,Ingen,1.0
Dalsvingen 1,5/2/0/0,0,70,320000,0,1.8,0,§ 5 h delvis,1.0
Vikhammerløkka 6,5/3/0/0,0,100,0,0,1.8,0,Ingen,1.0
Jernbanestykket 0,5/4/0/0,0,100,0,0,1.8,0,Ingen,1.0
Klarinettvegen 7,5/5/0/0,9477000,70,640000,5993900,1.8,10789,Ingen,2.0
Sommerlyst 0,5/7/0/0,0,100,0,0,4.0,0,Ingen,1.0
Klarinettvegen 8,5/9/0/0,5198000,70,640000,2998600,1.8,5397,Ingen,2.0
Vikhovlia 1880,5/10/0/1,3437000,70,320000,2085900,1.8,3754,Ingen,1.0
Vikhovlia 1881,5/10/0/2,3356000,70,320000,2029200,1.8,3652,Ingen,1.0
Vikhovlia 1882,5/10/0/3,3275000,70,320000,1972500,1.8,3550,Ingen,1.0
Vikhovlia 1883,5/10/0/4,2648000,70,320000,1533600,1.8,2760,Ingen,1.0
Vikhovlia 1884,5/10/0/5,2605000,70,320000,1503500,1.8,2706,Ingen,1.0
Vikhovlia 1885,5/10/0/6,3275000,70,320000,1972500,1.8,3550,Ingen,1.0
Vikhovlia 1886,5/10/0/7,3478000,70,320000,2114600,1.8,3806,Ingen,1.0
Vikhovlia 1887,5/10/0/8,3478000,70,320000,2114600,1.8,3806,Ingen,1.0
Vikhovlia 1888,5/10/0/9,3316000,70,320000,2001200,1.8,3602,Ingen,1.0
Vikhovlia 1889,5/10/0/10,3437000,70,320000,2085900,1.8,3754,Ingen,1.0
Vikhovlia 1890,5/10/0/11,2648000,70,320000,1533600,1.8,2760,Ingen,1.0
Vikhovlia 1891,5/10/0/12,2648000,70,320000,1533600,1.8,2760,Ingen,1.0
Vikhovlia 1892,5/10/0/13,3437000,70,320000,2085900,1.8,3754,Ingen,1.0
Vikhovlia 1893,5/10/0/14,3275000,70,320000,1972500,1.8,3550,Ingen,1.0
Klarinettvegen 4,5/11/0/0,3327000,70,320000,2008900,1.8,3616,Ingen,1.0
Klarinettvegen 3,5/12/0/0,3440000,70,320000,2088000,1.8,3758,Ingen,1.0
Bjørkholt 2 0,5/13/0/0,42000,100,0,42000,1.8,75,Ingen,1.0
Klarinettvegen 6,5/14/0/0,4917000,70,320000,3121900,1.8,5619,Ingen,1.0
Malvikvegen 304,5/15/0/0,984000,70,320000,368800,1.8,663,Ingen,1.0
Malvikvegen 372,5/16/0/0,6258000,70,320000,4060600,1.8,7309,Ingen,1.0
Malvikvegen 374,5/17/0/0,174000,70,320000,0,1.8,0,Ingen,1.0
Klarinettvegen 2,5/18/0/0,4989000,70,320000,3172300,1.8,5710,Ingen,1.0
Vikhov 0,5/19/0/0,0,100,0,0,1.8,0,Ingen,1.0
Malvikvegen 370,5/20/0/0,6891000,70,320000,4503700,1.8,8106,Ingen,1.0
Klarinettvegen 14,5/21/0/0,5930000,70,320000,3831000,1.8,6895,Ingen,1.0
Klarinettvegen 16,5/22/0/0,5662000,70,320000,3643400,1.8,6558,Ingen,1.0
Vikhammerdalen 10,5/23/0/0,2465000,70,320000,1405500,1.8,2529,Ingen,1.0
Klarinettvegen 15,5/24/0/0,4525000,70,320000,2847500,1.8,5125,Ingen,1.0
Klarinettvegen 18,5/27/0/0,4965000,70,320000,3155500,1.8,5679,Ingen,1.0
Klarinettvegen 20,5/28/0/0,4298000,70,320000,2688600,1.8,4839,Ingen,1.0
Klarinettvegen 5,5/30/0/0,5085000,70,320000,3239500,1.8,5831,Ingen,1.0
Klarinettvegen 22,5/31/0/0,6787000,70,640000,4110900,1.8,7399,Ingen,2.0
Klarinettvegen 12,5/32/0/0,5640000,70,640000,3308000,1.8,5954,Ingen,2.0
Skogbrynet 0,5/33/0/0,0,100,0,0,1.8,0,Ingen,1.0
Tillegg Til Vikhammer Nedre 0,5/36/0/0,0,100,0,0,1.8,0,Ingen,1.0
Klarinettvegen 24,5/38/0/0,6430000,70,320000,4181000,1.8,7525,Ingen,1.0
Kjellmoen 0,5/39/0/0,0,100,0,0,1.8,0,Ingen,1.0
Vikhammerløkka 1,5/40/0/1,1533000,100,0,1533000,4.0,6132,Ingen,1.0
Vikhammerløkka 1,5/40/0/2,2910000,100,0,2910000,4.0,11640,Ingen,1.0
Vikhammerløkka 5,5/42/0/0,3327000,70,320000,2008900,1.8,3616,Ingen,1.0
Vikhammerløkka 7,5/43/0/0,4118000,70,320000,2562600,1.8,4612,Ingen,1.0
Campingplass Vikhamar 0,5/45/0/0,1906000,100,0,1906000,4.0,7624,Ingen,1.0
Vikhammeråsvegen 6A,5/49/0/0,3615000,70,320000,2210500,1.8,3978,Ingen,1.0
Vikhammeråsvegen 8A,5/50/0/0,3706000,70,320000,2274200,1.8,4093,Ingen,1.0
Vikhammeråsvegen 10B,5/51/0/0,3521000,70,320000,2144700,1.8,3860,Ingen,1.0
Vikhammeråsvegen 12B,5/52/0/0,3661000,70,320000,2242700,1.8,4036,Ingen,1.0
Vikhammeråsvegen 3,5/53/0/1,2584000,70,320000,1488800,1.8,2679,Ingen,1.0
Vikhammeråsvegen 3,5/53/0/2,2649000,70,320000,1534300,1.8,2761,Ingen,1.0
Vikhammeråsvegen 3,5/53/0/3,2649000,70,320000,1534300,1.8,2761,Ingen,1.0
Vikhammeråsvegen 3,5/53/0/4,2649000,70,320000,1534300,1.8,2761,Ingen,1.0
Fagottvegen 1,5/54/0/0,4324000,70,320000,2706800,1.8,4872,Ingen,1.0
Vikhammeråsvegen 5,5/55/0/0,4324000,70,640000,2386800,1.8,4296,Ingen,2.0
Tubavegen 1,5/56/0/0,5797000,70,320000,3737900,1.8,6728,Ingen,1.0
Vikhammeråsvegen 7,5/57/0/0,4723000,70,320000,2986100,1.8,5374,Ingen,1.0
Vikhammeråsvegen 9,5/58/0/0,5975000,70,320000,3862500,1.8,6952,Ingen,1.0
Fagottvegen 9,5/59/0/0,4475000,70,320000,2812500,1.8,5062,Ingen,1.0
Fagottvegen 7,5/60/0/0,5132000,70,320000,3272400,1.8,5890,Ingen,1.0
Fagottvegen 5,5/61/0/0,3469000,70,320000,2108300,1.8,3794,Ingen,1.0
Fagottvegen 3,5/62/0/0,4200000,70,320000,2620000,1.8,4716,Ingen,1.0
Fagottvegen 12,5/63/0/0,6620000,70,640000,3994000,1.8,7189,Ingen,2.0
Fagottvegen 10,5/64/0/0,5572000,70,320000,3580400,1.8,6444,Ingen,1.0
Fagottvegen 8,5/65/0/0,5296000,70,320000,3387200,1.8,6096,Ingen,1.0
Fagottvegen 6,5/66/0/0,7137000,70,320000,4675900,1.8,8416,Ingen,1.0
Fagottvegen 4,5/67/0/0,4699000,70,320000,2969300,1.8,5344,Ingen,1.0
Fagottvegen 2,5/68/0/0,3826000,70,320000,2358200,1.8,4244,Ingen,1.0
Trompetvegen 21,5/69/0/0,6040000,70,320000,3908000,1.8,7034,Ingen,1.0
Tubavegen 7,5/70/0/0,7834000,70,640000,4843800,1.8,8718,Ingen,2.0
Tubavegen 5,5/71/0/0,6683000,70,640000,4038100,1.8,7268,Ingen,2.0
Tubavegen 3,5/72/0/0,5132000,70,320000,3272400,1.8,5890,Ingen,1.0
Trompetvegen 19,5/73/0/0,4039000,70,320000,2507300,1.8,4513,Ingen,1.0
Tubavegen 6,5/74/0/0,4144000,70,320000,2580800,1.8,4645,Ingen,1.0
Tubavegen 4,5/75/0/0,6323000,70,640000,3786100,1.8,6814,Ingen,2.0
Tubavegen 2,5/76/0/0,5085000,70,320000,3239500,1.8,5831,Ingen,1.0
Trompetvegen 17,5/77/0/0,4118000,70,320000,2562600,1.8,4612,Ingen,1.0
Trompetvegen 15A,5/78/0/1,3391000,70,320000,2053700,1.8,3696,Ingen,1.0
Trompetvegen 15B,5/78/0/2,3840000,70,320000,2368000,1.8,4262,Ingen,1.0
Parkeringsplassen 0,5/79/0/0,0,100,0,0,1.8,0,Ingen,1.0
Vikhammeråsvegen 10A,5/80/0/0,3840000,70,320000,2368000,1.8,4262,Ingen,1.0
Vikhammeråsvegen 12A,5/82/0/0,3661000,70,320000,2242700,1.8,4036,Ingen,1.0
Parsell Nr. 9 A 0,5/84/0/0,0,100,0,0,1.8,0,Ingen,1.0
Fagottvegen 14,5/85/0/0,3553000,70,320000,2167100,1.8,3900,Ingen,1.0
Trompetvegen 36,5/86/0/0,5480000,70,320000,3516000,1.8,6328,Ingen,1.0
Trompetvegen 34,5/87/0/0,5273000,70,320000,3371100,1.8,6067,Ingen,1.0
Trompetvegen 32,5/88/0/0,5013000,70,320000,3189100,1.8,5740,Ingen,1.0
Trompetvegen 30,5/89/0/0,4221000,70,320000,2634700,1.8,4742,Ingen,1.0
Trompetvegen 28,5/90/0/0,4400000,70,320000,2760000,1.8,4968,Ingen,1.0
Trompetvegen 26,5/91/0/0,6767000,70,640000,4096900,1.8,7374,Ingen,2.0
Trompetvegen 24,5/92/0/0,4065000,70,320000,2525500,1.8,4545,Ingen,1.0
Tillegg Til Solbakken 0,5/97/0/0,0,100,0,0,1.8,0,Ingen,1.0
Trombonevegen 2,5/98/0/0,5640000,70,640000,3308000,1.8,5954,Ingen,2.0
Trombonevegen 4,5/99/0/0,5013000,70,320000,3189100,1.8,5740,Ingen,1.0
Trombonevegen 6,5/100/0/0,5549000,70,320000,3564300,1.8,6415,Ingen,1.0
Trombonevegen 8,5/101/0/0,5132000,70,320000,3272400,1.8,5890,Ingen,1.0
Trombonevegen 10,5/102/0/0,5526000,70,320000,3548200,1.8,6386,Ingen,1.0
Trombonevegen 12,5/103/0/0,6106000,70,320000,3954200,1.8,7117,Ingen,1.0
Trombonevegen 14,5/104/0/0,4748000,70,320000,3003600,1.8,5406,Ingen,1.0
Trombonevegen 16,5/105/0/0,5617000,70,320000,3611900,1.8,6501,Ingen,1.0
Trombonevegen 18,5/106/0/0,6472000,70,640000,3890400,1.8,7002,Ingen,2.0
Trombonevegen 1,5/107/0/0,5594000,70,640000,3275800,1.8,5896,Ingen,2.0
Trombonevegen 3,5/108/0/0,6215000,70,320000,4030500,1.8,7254,Ingen,1.0
Trombonevegen 5,5/109/0/0,5819000,70,320000,3753300,1.8,6755,Ingen,1.0
Trombonevegen 7,5/110/0/0,5864000,70,320000,3784800,1.8,6812,Ingen,1.0
Trombonevegen 9,5/111/0/0,5503000,70,320000,3532100,1.8,6357,Ingen,1.0
Trombonevegen 11,5/112/0/0,6683000,70,320000,4358100,1.8,7844,Ingen,1.0
Trombonevegen 13,5/113/0/0,6171000,70,320000,3999700,1.8,7199,Ingen,1.0
Trombonevegen 15,5/114/0/0,4748000,70,320000,3003600,1.8,5406,Ingen,1.0
Trombonevegen 17,5/115/0/0,5202000,70,320000,3321400,1.8,5978,Ingen,1.0
Trombonevegen 19,5/116/0/0,4273000,70,320000,2671100,1.8,4807,Ingen,1.0
Fagottvegen 18,5/119/0/0,5179000,70,640000,2985300,1.8,5373,Ingen,2.0
Basunvegen 4,5/120/0/0,5775000,70,320000,3722500,1.8,6700,Ingen,1.0
Basunvegen 6,5/121/0/0,3034000,70,320000,1803800,1.8,3246,Ingen,1.0
Basunvegen 8,5/122/0/0,6280000,70,320000,4076000,1.8,7336,Ingen,1.0
Basunvegen 10,5/123/0/0,4400000,70,320000,2760000,1.8,4968,Ingen,1.0
Basunvegen 12,5/124/0/0,4674000,70,320000,2951800,1.8,5313,Ingen,1.0
Basunvegen 14B,5/125/0/0,5480000,70,320000,3516000,1.8,6328,Ingen,1.0
Basunvegen 16,5/126/0/0,5412000,70,320000,3468400,1.8,6243,Ingen,1.0
Basunvegen 18,5/127/0/0,5908000,70,320000,3815600,1.8,6868,Ingen,1.0
Basunvegen 20,5/128/0/0,3469000,70,320000,2108300,1.8,3794,Ingen,1.0
Basunvegen 22,5/129/0/0,5503000,70,320000,3532100,1.8,6357,Ingen,1.0
Fagottvegen 20,5/130/0/0,5707000,70,320000,3674900,1.8,6614,Ingen,1.0
Basunvegen 3,5/131/0/0,6599000,70,320000,4299300,1.8,7738,Ingen,1.0
Basunvegen 5,5/132/0/0,5037000,70,320000,3205900,1.8,5770,Ingen,1.0
Basunvegen 7,5/133/0/0,5549000,70,640000,3244300,1.8,5839,Ingen,2.0
Basunvegen 9,5/134/0/0,4400000,70,320000,2760000,1.8,4968,Ingen,1.0
Basunvegen 15,5/135/0/0,6891000,70,320000,4503700,1.8,8106,Ingen,1.0
Basunvegen 17,5/136/0/0,4869000,70,320000,3088300,1.8,5558,Ingen,1.0
Basunvegen 19,5/137/0/0,4917000,70,320000,3121900,1.8,5619,Ingen,1.0
Fagottvegen 16,5/138/0/0,4400000,70,320000,2760000,1.8,4968,Ingen,1.0
Vikhammeråsvegen 6B,5/146/0/0,3615000,70,320000,2210500,1.8,3978,Ingen,1.0
Malvikvegen 306,5/147/0/0,1158000,70,320000,490600,1.8,883,Ingen,1.0
Vikhammerløkka 11,5/148/0/0,1799000,70,320000,939300,1.8,1690,Ingen,1.0
Vikhammeråsvegen 8B,5/149/0/0,3691000,70,320000,2263700,1.8,4074,Ingen,1.0
Tillegg Til Utsikten 0,5/150/0/0,0,100,0,0,1.8,0,Ingen,1.0
Tillegg Til Utsikten 0,5/151/0/0,0,100,0,0,1.8,0,Ingen,1.0
Veggrunn Vikhammerfeltet 0,5/160/0/0,0,100,0,0,1.8,0,Ingen,1.0
Dalsvingen 15,5/163/0/0,3854000,70,320000,2377800,1.8,4280,Ingen,1.0
Dalsvingen 17,5/164/0/0,5013000,70,320000,3189100,1.8,5740,Ingen,1.0
Dalsvingen 24,5/165/0/0,4625000,70,320000,2917500,1.8,5251,Ingen,1.0
Lykkevegen 1,5/166/0/0,5594000,70,320000,3595800,1.8,6472,Ingen,1.0
Lykkevegen 3,5/167/0/0,5086000,70,320000,3240200,1.8,5832,Ingen,1.0
Lykkevegen 6,5/168/0/0,3469000,70,320000,2108300,1.8,3794,Ingen,1.0
Lykkevegen 8,5/169/0/0,6040000,70,320000,3908000,1.8,7034,Ingen,1.0
Lykkevegen 10,5/170/0/0,4144000,70,320000,2580800,1.8,4645,Ingen,1.0
Lykkevegen 12,5/171/0/0,5013000,70,320000,3189100,1.8,5740,Ingen,1.0
Lykkevegen 14,5/172/0/0,4273000,70,320000,2671100,1.8,4807,Ingen,1.0
Lykkevegen 16,5/173/0/0,6040000,70,320000,3908000,1.8,7034,Ingen,1.0
Lykkevegen 18,5/174/0/0,4989000,70,320000,3172300,1.8,5710,Ingen,1.0
Lykkevegen 20,5/175/0/0,5975000,70,640000,3542500,1.8,6376,Ingen,2.0
Lykkevegen 24,5/176/0/0,4966000,70,320000,3156200,1.8,5681,Ingen,1.0
Trimvegen 1,5/177/0/0,4550000,70,320000,2865000,1.8,5157,Ingen,1.0
Trimvegen 3,5/178/0/0,6472000,70,320000,4210400,1.8,7578,Ingen,1.0
Trimvegen 5,5/179/0/0,4575000,70,320000,2882500,1.8,5188,Ingen,1.0
Trimvegen 7,5/180/0/0,4941000,70,320000,3138700,1.8,5649,Ingen,1.0
Trimvegen 9,5/181/0/0,6040000,70,320000,3908000,1.8,7034,Ingen,1.0
Trimvegen 11,5/182/0/0,5132000,70,320000,3272400,1.8,5890,Ingen,1.0
Trimvegen 13,5/183/0/0,4989000,70,320000,3172300,1.8,5710,Ingen,1.0
Trimvegen 15,5/184/0/0,5085000,70,320000,3239500,1.8,5831,Ingen,1.0
Morenevegen 2,5/185/0/0,4273000,70,320000,2671100,1.8,4807,Ingen,1.0
Morenevegen 4,5/186/0/0,5886000,70,320000,3800200,1.8,6840,Ingen,1.0
Morenevegen 6,5/187/0/0,6408000,70,320000,4165600,1.8,7498,Ingen,1.0
Morenevegen 20,5/188/0/0,3880000,70,320000,2396000,1.8,4312,Ingen,1.0
Morenevegen 22,5/189/0/0,4349000,70,320000,2724300,1.8,4903,Ingen,1.0
Lykkevegen 37,5/190/0/0,5640000,70,320000,3628000,1.8,6530,Ingen,1.0
Planetringen 4,5/191/0/0,4065000,70,320000,2525500,1.8,4545,Ingen,1.0
Planetringen 6,5/192/0/0,5365000,70,320000,3435500,1.8,6183,Ingen,1.0
Planetringen 8,5/193/0/0,4845000,70,320000,3071500,1.8,5528,Ingen,1.0
Planetringen 10,5/194/0/0,3880000,70,320000,2396000,1.8,4312,Ingen,1.0
Planetringen 12,5/195/0/0,4965000,70,320000,3155500,1.8,5679,Ingen,1.0
Planetringen 14,5/196/0/0,4772000,70,320000,3020400,1.8,5436,Ingen,1.0
Planetringen 16,5/197/0/0,5707000,70,320000,3674900,1.8,6614,Ingen,1.0
Planetringen 18,5/198/0/0,4941000,70,320000,3138700,1.8,5649,Ingen,1.0
Planetringen 20,5/199/0/0,3880000,70,320000,2396000,1.8,4312,Ingen,1.0
Planetringen 22,5/200/0/0,5775000,70,320000,3722500,1.8,6700,Ingen,1.0
Planetringen 24,5/201/0/0,4213000,70,320000,2629100,1.8,4732,Ingen,1.0
Planetringen 26,5/202/0/0,4475000,70,320000,2812500,1.8,5062,Ingen,1.0
Planetringen 28,5/203/0/0,5249000,70,320000,3354300,1.8,6037,Ingen,1.0
Planetringen 1,5/204/0/0,4845000,70,320000,3071500,1.8,5528,Ingen,1.0
Planetringen 3,5/205/0/0,5249000,70,320000,3354300,1.8,6037,Ingen,1.0
Planetringen 5,5/206/0/0,5365000,70,320000,3435500,1.8,6183,Ingen,1.0
Planetringen 7,5/207/0/0,5594000,70,320000,3595800,1.8,6472,Ingen,1.0
Planetringen 9,5/208/0/0,5458000,70,320000,3500600,1.8,6301,Ingen,1.0
Planetringen 11,5/209/0/0,5549000,70,320000,3564300,1.8,6415,Ingen,1.0
Planetringen 13,5/210/0/0,4349000,70,320000,2724300,1.8,4903,Ingen,1.0
Planetringen 15,5/211/0/0,5037000,70,320000,3205900,1.8,5770,Ingen,1.0
Planetringen 17,5/212/0/0,4625000,70,320000,2917500,1.8,5251,Ingen,1.0
Planetringen 19,5/213/0/0,4600000,70,320000,2900000,1.8,5220,Ingen,1.0
Planetringen 21,5/214/0/0,4195000,70,320000,2616500,1.8,4709,Ingen,1.0
Planetringen 23,5/215/0/0,4797000,70,320000,3037900,1.8,5468,Ingen,1.0
Planetringen 25,5/216/0/0,4989000,70,320000,3172300,1.8,5710,Ingen,1.0
Stjernevegen 1,5/217/0/0,5412000,70,320000,3468400,1.8,6243,Ingen,1.0
Stjernevegen 4,5/218/0/0,6620000,70,320000,4314000,1.8,7765,Ingen,1.0
Stjernevegen 2,5/219/0/0,4625000,70,320000,2917500,1.8,5251,Ingen,1.0
Månevegen 5,5/220/0/0,4965000,70,320000,3155500,1.8,5679,Ingen,1.0
Månevegen 3,5/221/0/0,5273000,70,320000,3371100,1.8,6067,Ingen,1.0
Månevegen 1,5/222/0/0,5908000,70,320000,3815600,1.8,6868,Ingen,1.0
Månevegen 7,5/223/0/0,4821000,70,320000,3054700,1.8,5498,Ingen,1.0
Månevegen 10,5/224/0/0,5662000,70,320000,3643400,1.8,6558,Ingen,1.0
Månevegen 8,5/225/0/0,4797000,70,320000,3037900,1.8,5468,Ingen,1.0
Månevegen 6,5/226/0/0,4989000,70,320000,3172300,1.8,5710,Ingen,1.0
Månevegen 4,5/227/0/0,5108000,70,320000,3255600,1.8,5860,Ingen,1.0
Månevegen 2,5/228/0/0,5389000,70,320000,3452300,1.8,6214,Ingen,1.0
Solvegen 5,5/229/0/0,4625000,70,320000,2917500,1.8,5251,Ingen,1.0
Solvegen 3,5/230/0/0,5640000,70,320000,3628000,1.8,6530,Ingen,1.0
Solvegen 1,5/231/0/0,5572000,70,320000,3580400,1.8,6444,Ingen,1.0
Solvegen 4,5/232/0/0,5458000,70,320000,3500600,1.8,6301,Ingen,1.0
Solvegen 2,5/233/0/0,4748000,70,320000,3003600,1.8,5406,Ingen,1.0
Satelittvegen 2,5/234/0/0,5132000,70,320000,3272400,1.8,5890,Ingen,1.0
Satelittvegen 1,5/235/0/0,4893000,70,320000,3105100,1.8,5589,Ingen,1.0
Lykkevegen 5,5/236/0/0,4650000,70,320000,2935000,1.8,5283,Ingen,1.0
Lykkevegen 7,5/237/0/0,4772000,70,320000,3020400,1.8,5436,Ingen,1.0
Dalsvingen 19,5/238/0/0,5730000,70,320000,3691000,1.8,6643,Ingen,1.0
Dalsvingen 21,5/239/0/0,4650000,70,320000,2935000,1.8,5283,Ingen,1.0
Dalsvingen 23,5/240/0/0,3745000,70,320000,2301500,1.8,4142,Ingen,1.0
Dalsvingen 25,5/241/0/0,5365000,70,320000,3435500,1.8,6183,Ingen,1.0
Utsikten 14,5/242/0/0,4199000,70,320000,2619300,1.8,4714,Ingen,1.0
Utsikten 12,5/243/0/0,3646000,70,320000,2232200,1.8,4017,Ingen,1.0
Utsikten 8,5/244/0/0,6301000,70,320000,4090700,1.8,7363,Ingen,1.0
Utsikten 10,5/245/0/0,6641000,70,320000,4328700,1.8,7791,Ingen,1.0
Morenevegen 23,5/246/0/0,3341000,70,320000,2018700,1.8,3633,Ingen,1.0
Morenevegen 21,5/247/0/0,4638000,70,320000,2926600,1.8,5267,Ingen,1.0
Morenevegen 19,5/248/0/0,5319000,70,320000,3403300,1.8,6125,Ingen,1.0
Morenevegen 17,5/249/0/0,5819000,70,320000,3753300,1.8,6755,Ingen,1.0
Morenevegen 15,5/250/0/0,3926000,70,320000,2428200,1.8,4370,Ingen,1.0
Morenevegen 13,5/251/0/0,3781000,70,320000,2326700,1.8,4188,Ingen,1.0
Morenevegen 11,5/252/0/0,4024000,70,320000,2496800,1.8,4494,Ingen,1.0
Morenevegen 9,5/253/0/0,4199000,70,320000,2619300,1.8,4714,Ingen,1.0
Morenevegen 7,5/254/0/0,4106000,70,320000,2554200,1.8,4597,Ingen,1.0
Morenevegen 5,5/255/0/0,4024000,70,320000,2496800,1.8,4494,Ingen,1.0
Morenevegen 3,5/256/0/0,4024000,70,320000,2496800,1.8,4494,Ingen,1.0
Morenevegen 1,5/257/0/0,4065000,70,320000,2525500,1.8,4545,Ingen,1.0
Trimvegen 8,5/258/0/0,3853000,70,320000,2377100,1.8,4278,Ingen,1.0
Trimvegen 10,5/259/0/0,6365000,70,320000,4135500,1.8,7443,Ingen,1.0
Trimvegen 12,5/260/0/0,5730000,70,320000,3691000,1.8,6643,Ingen,1.0
Skolevegen 15,5/261/0/0,5458000,70,320000,3500600,1.8,6301,Ingen,1.0
Skolevegen 11,5/263/0/0,5342000,70,320000,3419400,1.8,6154,Ingen,1.0
Skolevegen 9,5/264/0/0,4917000,70,320000,3121900,1.8,5619,Ingen,1.0
Skolevegen 7,5/265/0/0,4010000,70,320000,2487000,1.8,4476,Ingen,1.0
Skolevegen 5,5/266/0/0,3584000,70,320000,2188800,1.8,3939,Ingen,1.0
Skolevegen 3,5/267/0/0,4330000,70,320000,2711000,1.8,4879,Ingen,1.0
Skolevegen 1,5/268/0/0,4500000,70,320000,2830000,1.8,5094,Ingen,1.0
Skolevegen 2,5/269/0/0,4304000,70,320000,2692800,1.8,4847,Ingen,1.0
Skolevegen 4,5/270/0/0,3996000,70,320000,2477200,1.8,4458,Ingen,1.0
Skolevegen 6,5/271/0/0,4393000,70,320000,2755100,1.8,4959,Ingen,1.0
Skolevegen 8,5/272/0/0,4239000,70,320000,2647300,1.8,4765,Ingen,1.0
Skolevegen 10,5/273/0/0,4265000,70,320000,2665500,1.8,4797,Ingen,1.0
Skolevegen 12,5/274/0/0,4226000,70,320000,2638200,1.8,4748,Ingen,1.0
Skolevegen 14,5/275/0/0,4051000,70,320000,2515700,1.8,4528,Ingen,1.0
Skolevegen 16,5/276/0/0,4010000,70,320000,2487000,1.8,4476,Ingen,1.0
Skolevegen 18,5/277/0/0,3926000,70,320000,2428200,1.8,4370,Ingen,1.0
Skolevegen 20,5/278/0/0,4186000,70,320000,2610200,1.8,4698,Ingen,1.0
Skolevegen 22,5/279/0/0,4291000,70,640000,2363700,1.8,4254,Ingen,2.0
Skolevegen 24,5/280/0/0,4226000,70,320000,2638200,1.8,4748,Ingen,1.0
Skolevegen 26,5/281/0/0,3954000,70,320000,2447800,1.8,4406,Ingen,1.0
Skolevegen 28,5/282/0/0,4355000,70,320000,2728500,1.8,4911,Ingen,1.0
Solvegen 7,5/283/0/0,5480000,70,320000,3516000,1.8,6328,Ingen,1.0
Stjernevegen 6,5/284/0/0,4772000,70,320000,3020400,1.8,5436,Ingen,1.0
Solvegen 6,5/285/0/0,5412000,70,320000,3468400,1.8,6243,Ingen,1.0
Stjernevegen 3,5/286/0/0,5132000,70,320000,3272400,1.8,5890,Ingen,1.0
Satelittvegen 4,5/287/0/0,5480000,70,320000,3516000,1.8,6328,Ingen,1.0
Satelittvegen 5,5/288/0/0,4650000,70,320000,2935000,1.8,5283,Ingen,1.0
Satelittvegen 3,5/289/0/0,6683000,70,320000,4358100,1.8,7844,Ingen,1.0
Utsikten 1,5/290/0/0,7056000,70,320000,4619200,1.8,8314,Ingen,1.0
Dalsvingen 2,5/291/0/0,4772000,70,320000,3020400,1.8,5436,Ingen,1.0
Dalsvingen 4,5/292/0/0,6912000,70,320000,4518400,1.8,8133,Ingen,1.0
Dalsvingen 8,5/293/0/0,4550000,70,320000,2865000,1.8,5157,Ingen,1.0
Dalsvingen 6,5/294/0/0,4893000,70,320000,3105100,1.8,5589,Ingen,1.0
Dalsvingen 12,5/295/0/0,5819000,70,320000,3753300,1.8,6755,Ingen,1.0
Dalsvingen 14,5/296/0/0,4625000,70,320000,2917500,1.8,5251,Ingen,1.0
Dalsvingen 16,5/297/0/0,5108000,70,320000,3255600,1.8,5860,Ingen,1.0
Dalsvingen 26,5/298/0/0,7056000,70,640000,4299200,1.8,7738,Ingen,2.0
Dalsvingen 18,5/299/0/0,4195000,70,320000,2616500,1.8,4709,Ingen,1.0
Dalsvingen 20,5/300/0/0,5319000,70,640000,3083300,1.8,5549,Ingen,2.0
Lykkevegen 11,5/301/0/0,4525000,70,320000,2847500,1.8,5125,Ingen,1.0
Dalsvingen 10,5/302/0/0,5365000,70,320000,3435500,1.8,6183,Ingen,1.0
Lykkevegen 9,5/303/0/0,5640000,70,320000,3628000,1.8,6530,Ingen,1.0
Dalsvingen 5,5/304/0/0,3327000,70,320000,2008900,1.8,3616,Ingen,1.0
Lykkevegen 29,5/305/0/0,6150000,70,320000,3985000,1.8,7173,Ingen,1.0
Lykkevegen 31,5/306/0/0,5819000,70,320000,3753300,1.8,6755,Ingen,1.0
Lykkevegen 35,5/307/0/0,4699000,70,320000,2969300,1.8,5344,Ingen,1.0
Lykkevegen 27,5/309/0/0,5864000,70,320000,3784800,1.8,6812,Ingen,1.0
Lykkevegen 25,5/310/0/0,4977000,70,320000,3163900,1.8,5695,Ingen,1.0
Lykkevegen 23,5/311/0/0,4893000,70,320000,3105100,1.8,5589,Ingen,1.0
Lykkevegen 21,5/312/0/0,5997000,70,320000,3877900,1.8,6980,Ingen,1.0
Lykkevegen 19,5/313/0/0,7096000,70,320000,4647200,1.8,8364,Ingen,1.0
Lykkevegen 17,5/314/0/0,6472000,70,320000,4210400,1.8,7578,Ingen,1.0
Lykkevegen 15,5/315/0/0,5842000,70,320000,3769400,1.8,6784,Ingen,1.0
Lykkevegen 13,5/316/0/0,4893000,70,320000,3105100,1.8,5589,Ingen,1.0
Dalsvingen 11,5/318/0/0,4870000,70,320000,3089000,1.8,5560,Ingen,1.0
Dalsvingen 13,5/319/0/0,3996000,70,320000,2477200,1.8,4458,Ingen,1.0
Dalsvingen 9,5/320/0/0,6258000,70,320000,4060600,1.8,7309,Ingen,1.0
Vikhammeråsvegen 2,5/321/0/0,5132000,70,320000,3272400,1.8,5890,Ingen,1.0
Lykkevegen 33,5/322/0/0,5908000,70,320000,3815600,1.8,6868,Ingen,1.0
Vikhovlia 1000,5/323/0/0,1296000,100,0,1296000,4.0,5184,Ingen,1.0
Utsikten 15,5/329/0/0,7259000,70,320000,4761300,1.8,8570,Ingen,1.0
Utsikten 13,5/330/0/0,6344000,70,320000,4120800,1.8,7417,Ingen,1.0
Utsikten 2,5/331/0/0,5365000,70,320000,3435500,1.8,6183,Ingen,1.0
Utsikten 4,5/332/0/0,6150000,70,320000,3985000,1.8,7173,Ingen,1.0
Utsikten 6,5/333/0/0,6193000,70,320000,4015100,1.8,7227,Ingen,1.0
Utsikten 9,5/334/0/0,6662000,70,320000,4343400,1.8,7818,Ingen,1.0
Utsikten 7,5/335/0/0,8277000,70,320000,5473900,1.8,9853,Ingen,1.0
Utsikten 5,5/336/0/0,5480000,70,320000,3516000,1.8,6328,Ingen,1.0
Utsikten 3,5/337/0/0,5707000,70,320000,3674900,1.8,6614,Ingen,1.0
Lykkevegen 39,5/338/0/0,5842000,70,320000,3769400,1.8,6784,Ingen,1.0
Utsikten 16,5/339/0/0,4845000,70,320000,3071500,1.8,5528,Ingen,1.0
Utsikten 18,5/340/0/0,5132000,70,320000,3272400,1.8,5890,Ingen,1.0
Utsikten 20,5/341/0/0,5249000,70,320000,3354300,1.8,6037,Ingen,1.0
Utsikten 22,5/342/0/0,6808000,70,320000,4445600,1.8,8002,Ingen,1.0
Vikhammerløkka 4,5/343/0/0,12440000,100,0,12440000,4.0,49760,Ingen,1.0
Utsikten 19,5/345/0/0,4575000,70,320000,2882500,1.8,5188,Ingen,1.0
Utsikten 17,5/346/0/0,5273000,70,320000,3371100,1.8,6067,Ingen,1.0
Utsikten 24,5/353/0/0,6536000,70,320000,4255200,1.8,7659,Ingen,1.0
Utsikten 26,5/354/0/0,4748000,70,320000,3003600,1.8,5406,Ingen,1.0
Utsikten 28,5/355/0/0,0,100,0,0,1.8,0,Ingen,1.0
Klarinettvegen 10,5/356/0/0,4170000,70,640000,2279000,1.8,4102,Ingen,2.0
Vikhammeråsvegen 4,5/362/0/0,3880000,70,320000,2396000,1.8,4312,Ingen,1.0
Dalsvingen 3A,5/363/0/1,1427000,70,320000,678900,1.8,1222,Ingen,1.0
Dalsvingen 3A,5/363/0/2,1909000,70,320000,1016300,1.8,1829,Ingen,1.0
Vikhammermovegen 4,5/365/0/0,5447000,70,320000,3492900,1.8,6287,Ingen,1.0
Vikhammermovegen 6,5/366/0/0,5742000,70,320000,3699400,1.8,6658,Ingen,1.0
Vikhammermovegen 8,5/367/0/0,7231000,70,320000,4741700,1.8,8535,Ingen,1.0
Vikhammermovegen 10,5/368/0/1,6697000,70,320000,4367900,1.8,7862,Ingen,1.0
Vikhammermovegen 10,5/368/0/2,2393000,70,320000,1355100,1.8,2439,Ingen,1.0
Vikhammermovegen 12,5/369/0/0,6286000,70,320000,4080200,1.8,7344,Ingen,1.0
Vikhammermovegen 14,5/370/0/0,7620000,70,640000,4694000,1.8,8449,Ingen,2.0
Vikhammermovegen 2,5/371/0/0,5742000,70,320000,3699400,1.8,6658,Ingen,1.0
Vikhovlia 1101,5/390/0/1,2781000,70,320000,1626700,1.8,2928,Ingen,1.0
Vikhovlia 1102,5/390/0/2,2746000,70,320000,1602200,1.8,2883,Ingen,1.0
Vikhovlia 1103,5/390/0/3,2536000,70,320000,1455200,1.8,2619,Ingen,1.0
Vikhovlia 1104,5/390/0/4,2536000,70,320000,1455200,1.8,2619,Ingen,1.0
Vikhovlia 1105,5/390/0/5,2536000,70,320000,1455200,1.8,2619,Ingen,1.0
Vikhovlia 1106,5/390/0/6,2781000,70,320000,1626700,1.8,2928,Ingen,1.0
Vikhovlia 1107,5/390/0/7,2746000,70,320000,1602200,1.8,2883,Ingen,1.0
Vikhovlia 1108,5/390/0/8,2536000,70,320000,1455200,1.8,2619,Ingen,1.0
Vikhovlia 1109,5/390/0/9,2536000,70,320000,1455200,1.8,2619,Ingen,1.0
Vikhovlia 1110,5/390/0/10,2536000,70,320000,1455200,1.8,2619,Ingen,1.0
Vikhovlia 1111,5/390/0/11,2536000,70,320000,1455200,1.8,2619,Ingen,1.0
Vikhovlia 1112,5/390/0/12,2465000,70,320000,1405500,1.8,2529,Ingen,1.0
Vikhovlia 1113,5/390/0/13,3685000,70,320000,2259500,1.8,4067,Ingen,1.0
Vikhovlia 1114,5/390/0/14,3275000,70,320000,1972500,1.8,3550,Ingen,1.0
Vikhovlia 1142,5/390/0/15,1952000,70,320000,1046400,1.8,1883,Ingen,1.0
Vikhovlia 1143,5/390/0/16,1915000,70,320000,1020500,1.8,1836,Ingen,1.0
Vikhovlia 1148,5/390/0/17,1292000,70,320000,584400,1.8,1051,Ingen,1.0
Vikhovlia 1149,5/390/0/18,1915000,70,320000,1020500,1.8,1836,Ingen,1.0
Vikhovlia 1115,5/390/0/19,2781000,70,320000,1626700,1.8,2928,Ingen,1.0
Vikhovlia 1116,5/390/0/20,2781000,70,320000,1626700,1.8,2928,Ingen,1.0
Vikhovlia 1117,5/390/0/21,2536000,70,320000,1455200,1.8,2619,Ingen,1.0
Vikhovlia 1118,5/390/0/22,2536000,70,320000,1455200,1.8,2619,Ingen,1.0
Vikhovlia 1119,5/390/0/23,2536000,70,320000,1455200,1.8,2619,Ingen,1.0
Vikhovlia 1120,5/390/0/24,2571000,70,320000,1479700,1.8,2663,Ingen,1.0
Vikhovlia 1121,5/390/0/25,2781000,70,320000,1626700,1.8,2928,Ingen,1.0
Vikhovlia 1122,5/390/0/26,2536000,70,320000,1455200,1.8,2619,Ingen,1.0
Vikhovlia 1123,5/390/0/27,2536000,70,320000,1455200,1.8,2619,Ingen,1.0
Vikhovlia 1124,5/390/0/28,2536000,70,320000,1455200,1.8,2619,Ingen,1.0
Vikhovlia 1125,5/390/0/29,2465000,70,320000,1405500,1.8,2529,Ingen,1.0
Vikhovlia 1126,5/390/0/30,2536000,70,320000,1455200,1.8,2619,Ingen,1.0
Vikhovlia 1127,5/390/0/31,3587000,70,320000,2190900,1.8,3943,Ingen,1.0
Vikhovlia 1128,5/390/0/32,2781000,70,320000,1626700,1.8,2928,Ingen,1.0
Vikhovlia 1144,5/390/0/33,1915000,70,320000,1020500,1.8,1836,Ingen,1.0
Vikhovlia 1145,5/390/0/34,1762000,70,320000,913400,1.8,1644,Ingen,1.0
Vikhovlia 1150,5/390/0/35,1915000,70,320000,1020500,1.8,1836,Ingen,1.0
Vikhovlia 1151,5/390/0/36,1952000,70,320000,1046400,1.8,1883,Ingen,1.0
Vikhovlia 1129,5/390/0/37,2607000,70,320000,1504900,1.8,2708,Ingen,1.0
Vikhovlia 1130,5/390/0/38,2781000,70,320000,1626700,1.8,2928,Ingen,1.0
Vikhovlia 1131,5/390/0/39,2536000,70,320000,1455200,1.8,2619,Ingen,1.0
Vikhovlia 1132,5/390/0/40,2536000,70,320000,1455200,1.8,2619,Ingen,1.0
Vikhovlia 1133,5/390/0/41,2536000,70,320000,1455200,1.8,2619,Ingen,1.0
Vikhovlia 1134,5/390/0/42,2781000,70,320000,1626700,1.8,2928,Ingen,1.0
Vikhovlia 1135,5/390/0/43,2500000,70,320000,1430000,1.8,2574,Ingen,1.0
Vikhovlia 1136,5/390/0/44,2536000,70,320000,1455200,1.8,2619,Ingen,1.0
Vikhovlia 1137,5/390/0/45,2536000,70,320000,1455200,1.8,2619,Ingen,1.0
Vikhovlia 1138,5/390/0/46,2536000,70,320000,1455200,1.8,2619,Ingen,1.0
Vikhovlia 1139,5/390/0/47,2429000,70,320000,1380300,1.8,2484,Ingen,1.0
Vikhovlia 1140,5/390/0/48,3685000,70,320000,2259500,1.8,4067,Ingen,1.0
Vikhovlia 1141,5/390/0/49,2781000,70,320000,1626700,1.8,2928,Ingen,1.0
Vikhovlia 1146,5/390/0/50,1915000,70,320000,1020500,1.8,1836,Ingen,1.0
Vikhovlia 1147,5/390/0/51,1915000,70,320000,1020500,1.8,1836,Ingen,1.0
Vikhovlia 1152,5/390/0/52,1915000,70,320000,1020500,1.8,1836,Ingen,1.0
Vikhovlia 1153,5/390/0/53,1762000,70,320000,913400,1.8,1644,Ingen,1.0
5/391/0/0 0,5/391/0/0,0,100,0,0,4.0,0,Ingen,1.0
Vikhovlia 1512,5/392/0/1,2496000,70,320000,1427200,1.8,2568,Ingen,1.0
Vikhovlia 1512,5/392/0/2,4031000,70,320000,2501700,1.8,4503,Ingen,1.0
Vikhovlia 1512,5/392/0/3,3558000,70,320000,2170600,1.8,3907,Ingen,1.0
Vikhovlia 1513,5/392/0/4,1983000,70,320000,1068100,1.8,1922,Ingen,1.0
Vikhovlia 1513,5/392/0/5,4490000,70,320000,2823000,1.8,5081,Ingen,1.0
Vikhovlia 1513,5/392/0/6,3558000,70,320000,2170600,1.8,3907,Ingen,1.0
Vikhovlia 1514,5/392/0/7,2496000,70,320000,1427200,1.8,2568,Ingen,1.0
Vikhovlia 1514,5/392/0/8,4661000,70,320000,2942700,1.8,5296,Ingen,1.0
Vikhovlia 1514,5/392/0/9,4328000,70,320000,2709600,1.8,4877,Ingen,1.0
Vikhovlia 1515,5/392/0/10,2519000,70,320000,1443300,1.8,2597,Ingen,1.0
Vikhovlia 1515,5/392/0/11,5015000,70,320000,3190500,1.8,5742,Ingen,1.0
Vikhovlia 1515,5/392/0/12,3437000,70,320000,2085900,1.8,3754,Ingen,1.0
Vikhovlia 1516,5/392/0/13,3029000,70,320000,1800300,1.8,3240,Ingen,1.0
Vikhovlia 1516,5/392/0/14,5899000,70,320000,3809300,1.8,6856,Ingen,1.0
Vikhovlia 1516,5/392/0/15,4183000,70,320000,2608100,1.8,4694,Ingen,1.0
Vikhovlia 1511,5/392/0/16,4486000,70,320000,2820200,1.8,5076,Ingen,1.0
Vikhovlia 1510,5/392/0/17,3163000,70,320000,1894100,1.8,3409,Ingen,1.0
Vikhovlia 1509,5/392/0/18,4406000,70,320000,2764200,1.8,4975,Ingen,1.0
Vikhovlia 1508,5/392/0/19,5104000,70,320000,3252800,1.8,5855,Ingen,1.0
Vikhovlia 1507,5/392/0/20,4486000,70,320000,2820200,1.8,5076,Ingen,1.0
Vikhovlia 1506,5/392/0/21,5327000,70,320000,3408900,1.8,6136,Ingen,1.0
Vikhovlia 1505,5/392/0/22,5526000,70,320000,3548200,1.8,6386,Ingen,1.0
Vikhovlia 1504,5/392/0/23,5327000,70,320000,3408900,1.8,6136,Ingen,1.0
Vikhovlia 1503,5/392/0/24,4406000,70,320000,2764200,1.8,4975,Ingen,1.0
Vikhovlia 1502,5/392/0/25,5333000,70,320000,3413100,1.8,6143,Ingen,1.0
Vikhovlia 1501,5/392/0/26,5006000,70,320000,3184200,1.8,5731,Ingen,1.0
Vikhovlia 1500,5/392/0/27,5327000,70,320000,3408900,1.8,6136,Ingen,1.0
5/392/0/28 0,5/392/0/28,0,100,0,0,1.8,0,Ingen,1.0
5/392/0/29 0,5/392/0/29,0,100,0,0,1.8,0,Ingen,1.0
5/392/0/30 0,5/392/0/30,0,100,0,0,1.8,0,Ingen,1.0
5/392/0/31 0,5/392/0/31,0,100,0,0,1.8,0,Ingen,1.0
5/392/0/32 0,5/392/0/32,0,100,0,0,1.8,0,Ingen,1.0
5/392/0/33 0,5/392/0/33,0,100,0,0,1.8,0,Ingen,1.0
5/392/0/34 0,5/392/0/34,0,100,0,0,1.8,0,Ingen,1.0
5/392/0/35 0,5/392/0/35,0,100,0,0,1.8,0,Ingen,1.0
Vikhovlia 1601,5/393/0/0,38869000,70,4800000,22408300,1.8,40334,Ingen,15.0
Vikhovlia 1701,5/394/0/1,2411000,70,320000,1367700,1.8,2461,Ingen,1.0
Vikhovlia 1702,5/394/0/2,3559000,70,320000,2171300,1.8,3908,Ingen,1.0
Vikhovlia 1703,5/394/0/3,2028000,70,320000,1099600,1.8,1979,Ingen,1.0
Vikhovlia 1704,5/394/0/4,4154000,70,320000,2587800,1.8,4658,Ingen,1.0
Vikhovlia 1705,5/394/0/5,3123000,70,320000,1866100,1.8,3358,Ingen,1.0
Vikhovlia 1706,5/394/0/6,3406000,70,320000,2064200,1.8,3715,Ingen,1.0
Vikhovlia 1707,5/394/0/7,4196000,70,320000,2617200,1.8,4710,Ingen,1.0
Vikhovlia 1708,5/394/0/8,2938000,70,320000,1736600,1.8,3125,Ingen,1.0
Vikhovlia 1709,5/394/0/9,3159000,70,320000,1891300,1.8,3404,Ingen,1.0
Vikhovlia 1710,5/394/0/10,3345000,70,320000,2021500,1.8,3638,Ingen,1.0
Vikhovlia 1711,5/394/0/11,3559000,70,320000,2171300,1.8,3908,Ingen,1.0
Vikhovlia 1712,5/394/0/12,3829000,70,320000,2360300,1.8,4248,Ingen,1.0
Vikhovlia 1713,5/394/0/13,3498000,70,320000,2128600,1.8,3831,Ingen,1.0
Vikhovlia 1714,5/394/0/14,3528000,70,320000,2149600,1.8,3869,Ingen,1.0
Vikhovlia 1715,5/394/0/15,4154000,70,320000,2587800,1.8,4658,Ingen,1.0
Vikhovlia 1716,5/394/0/16,2938000,70,320000,1736600,1.8,3125,Ingen,1.0
Vikhovlia 1717,5/394/0/17,4787000,70,320000,3030900,1.8,5455,Ingen,1.0
Vikhovlia 1718,5/394/0/18,4165000,70,320000,2595500,1.8,4671,Ingen,1.0
Vikhovlia 1719,5/394/0/19,2970000,70,320000,1759000,1.8,3166,Ingen,1.0
Vikhovlia 1720,5/394/0/20,3559000,70,320000,2171300,1.8,3908,Ingen,1.0
Vikhovlia 1721,5/394/0/21,3859000,70,320000,2381300,1.8,4286,Ingen,1.0
Vikhovlia 1722,5/394/0/22,3829000,70,320000,2360300,1.8,4248,Ingen,1.0
Vikhovlia 1853,5/395/0/1,3953000,70,320000,2447100,1.8,4404,Ingen,1.0
Vikhovlia 1854,5/395/0/2,3953000,70,320000,2447100,1.8,4404,Ingen,1.0
Vikhovlia 1855,5/395/0/3,3953000,70,320000,2447100,1.8,4404,Ingen,1.0
Vikhovlia 1856,5/395/0/4,3193000,70,320000,1915100,1.8,3447,Ingen,1.0
Vikhovlia 1857,5/395/0/5,3193000,70,320000,1915100,1.8,3447,Ingen,1.0
Vikhovlia 1858,5/395/0/6,3757000,70,320000,2309900,1.8,4157,Ingen,1.0
Vikhovlia 1859,5/395/0/7,3953000,70,320000,2447100,1.8,4404,Ingen,1.0
Vikhovlia 1860,5/395/0/8,4031000,70,320000,2501700,1.8,4503,Ingen,1.0
Vikhovlia 1861,5/395/0/9,4031000,70,320000,2501700,1.8,4503,Ingen,1.0
Vikhovlia 1862,5/395/0/10,3069000,70,320000,1828300,1.8,3290,Ingen,1.0
Vikhovlia 1863,5/395/0/11,3069000,70,320000,1828300,1.8,3290,Ingen,1.0
Vikhovlia 1864,5/395/0/12,2890000,70,320000,1703000,1.8,3065,Ingen,1.0
Vikhovlia 1865,5/395/0/13,3953000,70,320000,2447100,1.8,4404,Ingen,1.0
Vikhovlia 1866,5/395/0/14,3796000,70,320000,2337200,1.8,4206,Ingen,1.0
Vikhovlia 1867,5/395/0/15,2890000,70,320000,1703000,1.8,3065,Ingen,1.0
Vikhovlia 1868,5/395/0/16,3069000,70,320000,1828300,1.8,3290,Ingen,1.0
Vikhovlia 1869,5/395/0/17,3275000,70,320000,1972500,1.8,3550,Ingen,1.0
Vikhovlia 1870,5/395/0/18,3836000,70,320000,2365200,1.8,4257,Ingen,1.0
Vikhovlia 1871,5/395/0/19,5670000,70,320000,3649000,1.8,6568,Ingen,1.0
Vikhovlia 1872,5/395/0/20,5670000,70,320000,3649000,1.8,6568,Ingen,1.0
Vikhovlia 1873,5/395/0/21,4512000,70,320000,2838400,1.8,5109,Ingen,1.0
Vikhovlia 1874,5/395/0/22,5089000,70,320000,3242300,1.8,5836,Ingen,1.0
Vikhovlia 1875,5/395/0/23,3879000,70,320000,2395300,1.8,4311,Ingen,1.0
Vikhovlia 1876,5/395/0/24,5461000,70,320000,3502700,1.8,6304,Ingen,1.0
Klarinettvegen 17,5/396/0/0,0,100,0,0,1.8,0,Ingen,1.0
Vikhovlia 1400,5/397/0/0,11408000,100,960000,10448000,4.0,41792,Ingen,3.0
Lykkevegen 26,5/399/0/0,4478000,70,320000,2814600,1.8,5066,Ingen,1.0
Lykkevegen 28,5/400/0/0,4559000,70,320000,2871300,1.8,5168,Ingen,1.0
Lykkevegen 30,5/401/0/0,4644000,70,320000,2930800,1.8,5275,Ingen,1.0
Lykkevegen 32,5/402/0/0,4067000,70,320000,2526900,1.8,4548,Ingen,1.0
Lykkevegen 34,5/403/0/0,4623000,70,320000,2916100,1.8,5248,Ingen,1.0
Lykkevegen 36,5/404/0/0,5771000,70,320000,3719700,1.8,6695,Ingen,1.0
Lykkevegen 38,5/405/0/0,6029000,70,320000,3900300,1.8,7020,Ingen,1.0
Vikhovlia 1801,5/407/0/0,90677000,70,8960000,54513900,1.8,98125,Ingen,28.0
Vikhovlia 1829,5/408/0/1,4109000,70,320000,2556300,1.8,4601,Ingen,1.0
Vikhovlia 1830,5/408/0/2,2818000,70,320000,1652600,1.8,2974,Ingen,1.0
Vikhovlia 1831,5/408/0/3,3875000,70,320000,2392500,1.8,4306,Ingen,1.0
Vikhovlia 1832,5/408/0/4,2834000,70,320000,1663800,1.8,2994,Ingen,1.0
Vikhovlia 1833,5/408/0/5,3875000,70,320000,2392500,1.8,4306,Ingen,1.0
Vikhovlia 1834,5/408/0/6,3875000,70,320000,2392500,1.8,4306,Ingen,1.0
Vikhovlia 1835,5/408/0/7,4070000,70,320000,2529000,1.8,4552,Ingen,1.0
Vikhovlia 1836,5/408/0/8,2733000,70,320000,1593100,1.8,2867,Ingen,1.0
Vikhovlia 1837,5/408/0/9,3875000,70,320000,2392500,1.8,4306,Ingen,1.0
Vikhovlia 1838,5/408/0/10,3796000,70,320000,2337200,1.8,4206,Ingen,1.0
Vikhovlia 1839,5/408/0/11,3875000,70,320000,2392500,1.8,4306,Ingen,1.0
Vikhovlia 1840,5/408/0/12,3757000,70,320000,2309900,1.8,4157,Ingen,1.0
Vikhovlia 1841,5/408/0/13,4109000,70,320000,2556300,1.8,4601,Ingen,1.0
Vikhovlia 1842,5/408/0/14,2818000,70,320000,1652600,1.8,2974,Ingen,1.0
Vikhovlia 1843,5/408/0/15,3875000,70,320000,2392500,1.8,4306,Ingen,1.0
Vikhovlia 1844,5/408/0/16,3796000,70,320000,2337200,1.8,4206,Ingen,1.0
Vikhovlia 1845,5/408/0/17,3875000,70,320000,2392500,1.8,4306,Ingen,1.0
Vikhovlia 1846,5/408/0/18,3953000,70,320000,2447100,1.8,4404,Ingen,1.0
Vikhovlia 1847,5/408/0/19,5920000,70,320000,3824000,1.8,6883,Ingen,1.0
Vikhovlia 1848,5/408/0/20,5199000,70,320000,3319300,1.8,5974,Ingen,1.0
Vikhovlia 1849,5/408/0/21,5381000,70,320000,3446700,1.8,6204,Ingen,1.0
Vikhovlia 1850,5/408/0/22,3757000,70,320000,2309900,1.8,4157,Ingen,1.0
Parkeringskjeller 0,5/408/0/23,2256000,100,0,2256000,4.0,9024,Ingen,1.0
Klarinettvegen 9,5/412/0/0,8949000,70,320000,5944300,1.8,10699,Ingen,1.0
Klarinettvegen 11,5/413/0/0,8949000,70,320000,5944300,1.8,10699,Ingen,1.0
Klarinettvegen 13,5/414/0/0,8949000,70,320000,5944300,1.8,10699,Ingen,1.0
Fagottvegen 22,5/416/0/0,7162000,70,320000,4693400,1.8,8448,Ingen,1.0
Basunvegen 14A,5/417/0/0,8841000,70,320000,5868700,1.8,10563,Ingen,1.0
Vikhammerløkka 2,5/422/0/0,1019000,70,640000,73300,1.8,131,Ingen,2.0
Naustanvegen 46,6/1/0/0,4293000,70,640000,2365100,1.8,4257,§ 5 h delvis,2.0
Hauganvegen 40,6/2/0/0,3968000,70,320000,2457600,1.8,4423,Ingen,1.0
Haraldhaugvegen 5,6/4/0/0,4144000,70,640000,2260800,1.8,4069,Ingen,2.0
Betaniavegen 2,6/6/0/0,5662000,70,640000,3323400,1.8,5982,Ingen,2.0
Hauganvegen 24,6/7/0/0,5037000,70,320000,3205900,1.8,5770,Ingen,1.0
Betaniavegen 13,6/9/0/0,0,100,0,0,1.8,0,Ingen,1.0
Strandlyst 0,6/10/0/0,0,100,0,0,1.8,0,Ingen,1.0
Hauganvegen 36,6/12/0/0,4525000,70,320000,2847500,1.8,5125,Ingen,1.0
Fram 0,6/13/0/0,0,100,0,0,1.8,0,Ingen,1.0
Naustkleiva 21B,6/15/0/0,4917000,70,320000,3121900,1.8,5619,Ingen,1.0
Naustkleiva 31B,6/16/0/0,4221000,70,320000,2634700,1.8,4742,Ingen,1.0
Naustkleiva 27,6/17/0/0,3211000,70,320000,1927700,1.8,3469,Ingen,1.0
Naustkleiva 7,6/18/0/0,5013000,70,320000,3189100,1.8,5740,Ingen,1.0
Naustkleiva 11B,6/19/0/0,4273000,70,320000,2671100,1.8,4807,Ingen,1.0
Hauganvegen 43,6/21/0/0,5594000,70,320000,3595800,1.8,6472,Ingen,1.0
Hauganvegen 33,6/22/0/0,4590000,70,640000,2573000,1.8,4631,Ingen,2.0
Nøsttomt 0,6/23/0/0,66000,100,0,66000,1.8,118,Ingen,1.0
Naustkleiva 29A,6/24/0/0,4221000,70,320000,2634700,1.8,4742,Ingen,1.0
Malvikvegen 461,6/25/0/0,4144000,70,320000,2580800,1.8,4645,Ingen,1.0
Hauganvegen 45,6/26/0/0,7299000,70,320000,4789300,1.8,8620,Ingen,1.0
Hauganvegen 37,6/27/0/0,7019000,70,640000,4273300,1.8,7691,Ingen,2.0
Naustanvegen 29,6/29/0/0,0,100,0,0,1.8,0,Ingen,1.0
Malvikvegen 452,6/30/0/0,1584000,100,0,1584000,4.0,6336,Ingen,1.0
Naustkleiva 5,6/31/0/0,7152000,70,640000,4366400,1.8,7859,Ingen,2.0
Granhaug 0,6/32/0/0,0,100,0,0,1.8,0,Ingen,1.0
Naustkleiva 1,6/33/0/0,7419000,70,320000,4873300,1.8,8771,Ingen,1.0
Naustanvegen 41,6/34/0/0,3986000,70,320000,2470200,1.8,4446,Ingen,1.0
Malvikvegen 426,6/35/0/0,4100000,70,320000,2550000,1.8,4590,Ingen,1.0
Hauganvegen 26,6/37/0/0,6258000,70,320000,4060600,1.8,7309,Ingen,1.0
Lunheim 0,6/38/0/0,0,100,0,0,1.8,0,Ingen,1.0
Haraldhaugvegen 2,6/39/0/0,3880000,70,320000,2396000,1.8,4312,Ingen,1.0
Malvikvegen 418,6/40/0/0,4425000,70,320000,2777500,1.8,4999,Ingen,1.0
Hauganvegen 32,6/41/0/0,4400000,70,320000,2760000,1.8,4968,Ingen,1.0
Hauganvegen 30,6/42/0/0,4144000,70,320000,2580800,1.8,4645,Ingen,1.0
Betaniavegen 1A,6/43/0/0,992000,100,0,992000,4.0,3968,Ingen,1.0
Betaniavegen 1A,6/43/0/0,4869000,70,640000,2768300,1.8,4982,Ingen,2.0
Naustanvegen 32,6/44/0/0,3570000,70,320000,2179000,1.8,3922,Ingen,1.0
Hauganvegen 47,6/45/0/0,1159000,70,320000,491300,1.8,884,Ingen,1.0
Hauganvegen 49,6/46/0/0,1533000,70,320000,753100,1.8,1355,Ingen,1.0
Arnestua 0,6/47/0/0,0,100,0,0,1.8,0,Ingen,1.0
Hauganvegen 51,6/48/0/0,227000,70,320000,0,1.8,0,Ingen,1.0
Hauganvegen 53,6/49/0/0,2837000,70,320000,1665900,1.8,2998,Ingen,1.0
Hauganvegen 55,6/50/0/0,1212000,70,320000,528400,1.8,951,Ingen,1.0
Naustanvegen 24,6/51/0/0,3745000,70,320000,2301500,1.8,4142,Ingen,1.0
Malvikvegen 422,6/52/0/0,5857000,70,320000,3779900,1.8,6803,Ingen,1.0
Sjølyst Ii 0,6/55/0/0,0,100,0,0,1.8,0,Ingen,1.0
Naustanvegen 37,6/56/0/0,3317000,70,320000,2001900,1.8,3603,Ingen,1.0
Naustanvegen 43,6/57/0/0,5458000,70,320000,3500600,1.8,6301,Ingen,1.0
Trompetvegen 22,6/58/0/0,4500000,70,320000,2830000,1.8,5094,Ingen,1.0
Haraldhaugvegen 1,6/60/0/0,4625000,70,320000,2917500,1.8,5251,Ingen,1.0
Malvikvegen 416,6/61/0/0,3553000,70,320000,2167100,1.8,3900,Ingen,1.0
Naustanvegen 51,6/62/0/0,4875000,70,640000,2772500,1.8,4990,Ingen,2.0
Naustanvegen 45,6/63/0/0,6019000,70,320000,3893300,1.8,7007,Ingen,1.0
Hauganvegen 39,6/64/0/0,3469000,70,320000,2108300,1.8,3794,Ingen,1.0
Nordheim 2 0,6/65/0/0,0,100,0,0,1.8,0,Ingen,1.0
Naustanvegen 49,6/66/0/0,3354000,70,320000,2027800,1.8,3650,Ingen,1.0
Malvikvegen 411,6/67/0/0,5526000,70,320000,3548200,1.8,6386,Ingen,1.0
Malvikvegen 413,6/68/0/0,5412000,70,640000,3148400,1.8,5667,Ingen,2.0
Malvikvegen 424,6/70/0/0,2821000,70,320000,1654700,1.8,2978,Ingen,1.0
Hauganvegen 34,6/71/0/0,6891000,70,320000,4503700,1.8,8106,Ingen,1.0
Hauganvegen 42,6/73/0/1,4872000,70,320000,3090400,1.8,5562,Ingen,1.0
Hauganvegen 42,6/73/0/2,5702000,70,320000,3671400,1.8,6608,Ingen,1.0
Hauganvegen 42,6/73/0/3,3275000,70,320000,1972500,1.8,3550,Ingen,1.0
Hauganvegen 42,6/73/0/4,2986000,70,320000,1770200,1.8,3186,Ingen,1.0
6/73/0/5 0,6/73/0/5,0,100,0,0,1.8,0,Ingen,1.0
Nordli Ii 0,6/74/0/0,0,100,0,0,1.8,0,Ingen,1.0
Hauganvegen 44A,6/75/0/1,4732000,70,320000,2992400,1.8,5386,Ingen,1.0
Hauganvegen 44B,6/75/0/2,4355000,70,320000,2728500,1.8,4911,Ingen,1.0
Hauganvegen 44C,6/75/0/3,4607000,70,320000,2904900,1.8,5228,Ingen,1.0
Fagerli Nr. Vii 0,6/76/0/0,0,100,0,0,1.8,0,Ingen,1.0
Haraldhaugvegen 7,6/77/0/0,6150000,70,320000,3985000,1.8,7173,Ingen,1.0
Naustkleiva 23,6/79/0/0,3636000,70,320000,2225200,1.8,4005,Ingen,1.0
Tillegg Til Rosenlund 0,6/80/0/0,0,100,0,0,1.8,0,Ingen,1.0
Hauganvegen 41,6/81/0/0,5775000,70,320000,3722500,1.8,6700,Ingen,1.0
Trompetvegen 22,6/82/0/0,36000,100,0,36000,1.8,64,Ingen,1.0
Naustkleiva 3,6/83/0/0,6040000,70,320000,3908000,1.8,7034,Ingen,1.0
Naustanvegen 21,6/86/0/0,7387000,70,320000,4850900,1.8,8731,Ingen,1.0
Naustanvegen 23,6/87/0/0,7339000,70,640000,4497300,1.8,8095,Ingen,2.0
Parsell 3 0,6/89/0/0,0,100,0,0,1.8,0,Ingen,1.0
Naustanvegen 35,6/90/0/0,2974000,70,320000,1761800,1.8,3171,Ingen,1.0
Malvikvegen 428,6/91/0/0,0,70,320000,0,1.8,0,Ingen,1.0
Harpevegen 2,6/92/0/0,5061000,70,320000,3222700,1.8,5800,Ingen,1.0
Naustkleiva 15,6/93/0/0,0,100,0,0,1.8,0,Ingen,1.0
Harpevegen 13B,6/94/0/0,3489000,70,320000,2122300,1.8,3820,Ingen,1.0
Trompetvegen 1,6/95/0/0,5594000,70,640000,3275800,1.8,5896,Ingen,2.0
Harpevegen 4,6/96/0/0,5037000,70,320000,3205900,1.8,5770,Ingen,1.0
Harpevegen 6,6/97/0/0,6891000,70,320000,4503700,1.8,8106,Ingen,1.0
Trompetvegen 13,6/98/0/0,5908000,70,320000,3815600,1.8,6868,Ingen,1.0
Trompetvegen 2,6/99/0/0,5108000,70,320000,3255600,1.8,5860,Ingen,1.0
Trompetvegen 4A,6/100/0/0,3646000,70,320000,2232200,1.8,4017,Ingen,1.0
Trompetvegen 6,6/101/0/0,3721000,70,320000,2284700,1.8,4112,Ingen,1.0
Trompetvegen 14,6/102/0/0,5013000,70,320000,3189100,1.8,5740,Ingen,1.0
Trompetvegen 16,6/103/0/0,4600000,70,320000,2900000,1.8,5220,Ingen,1.0
Trompetvegen 18A,6/104/0/0,0,100,320000,0,1.8,0,Ingen,1.0
Trompetvegen 20,6/105/0/0,6215000,70,320000,4030500,1.8,7254,Ingen,1.0
Trompetvegen 11B,6/106/0/0,3926000,70,320000,2428200,1.8,4370,Ingen,1.0
Trompetvegen 11A,6/107/0/0,3926000,70,320000,2428200,1.8,4370,Ingen,1.0
Trompetvegen 3,6/108/0/0,3854000,70,320000,2377800,1.8,4280,Ingen,1.0
Tillegg Til Skogheim Ii 0,6/112/0/0,0,100,0,0,1.8,0,Ingen,1.0
Harpevegen 1,6/113/0/0,4468000,70,640000,2487600,1.8,4477,Ingen,2.0
Harpevegen 3A,6/114/0/0,4965000,70,320000,3155500,1.8,5679,Ingen,1.0
Harpevegen 5B,6/115/0/0,3911000,70,320000,2417700,1.8,4351,Ingen,1.0
Harpevegen 7A,6/116/0/0,4304000,70,320000,2692800,1.8,4847,Ingen,1.0
Harpevegen 9A,6/117/0/0,4330000,70,320000,2711000,1.8,4879,Ingen,1.0
Harpevegen 11A,6/118/0/0,5085000,70,320000,3239500,1.8,5831,Ingen,1.0
Obovegen 1,6/119/0/0,5752000,70,320000,3706400,1.8,6671,Ingen,1.0
Trompetvegen 7,6/121/0/0,3552000,70,320000,2166400,1.8,3899,Ingen,1.0
Trompetvegen 9,6/122/0/0,4133000,70,320000,2573100,1.8,4631,Ingen,1.0
Trompetvegen 5,6/123/0/0,3552000,70,320000,2166400,1.8,3899,Ingen,1.0
Naustkleiva 13,6/124/0/0,5526000,70,320000,3548200,1.8,6386,Ingen,1.0
Haraldhaugvegen 8,6/125/0/0,3772000,70,320000,2320400,1.8,4176,Ingen,1.0
Harpevegen 13A,6/126/0/0,3825000,70,320000,2357500,1.8,4243,Ingen,1.0
Tillegg I Til Ness 0,6/127/0/0,0,100,0,0,1.8,0,Ingen,1.0
Trompetvegen 12,6/129/0/0,4079000,70,320000,2535300,1.8,4563,Ingen,1.0
Trompetvegen 10,6/130/0/0,3954000,70,320000,2447800,1.8,4406,Ingen,1.0
Trompetvegen 8,6/131/0/0,3911000,70,320000,2417700,1.8,4351,Ingen,1.0
Harpevegen 5A,6/132/0/0,3868000,70,320000,2387600,1.8,4297,Ingen,1.0
Harpevegen 7B,6/133/0/0,4186000,70,320000,2610200,1.8,4698,Ingen,1.0
Fagerborg 0,6/134/0/0,0,100,0,0,1.8,0,Ingen,1.0
Betaniavegen 9,6/136/0/0,3691000,70,320000,2263700,1.8,4074,Ingen,1.0
Harpevegen 11B,6/137/0/0,6215000,70,320000,4030500,1.8,7254,Ingen,1.0
Betaniavegen 5B,6/138/0/0,4650000,70,320000,2935000,1.8,5283,Ingen,1.0
Betaniavegen 11,6/139/0/0,3986000,70,320000,2470200,1.8,4446,Ingen,1.0
Betaniavegen 3,6/140/0/0,7834000,70,320000,5163800,1.8,9294,Ingen,1.0
Betaniavegen 7,6/141/0/0,5707000,70,320000,3674900,1.8,6614,Ingen,1.0
Betaniavegen 6,6/142/0/0,4298000,70,320000,2688600,1.8,4839,Ingen,1.0
Betaniavegen 10,6/143/0/0,3608000,70,320000,2205600,1.8,3970,Ingen,1.0
Betaniavegen 8,6/144/0/0,3960000,70,320000,2452000,1.8,4413,Ingen,1.0
Trompetvegen 4B,6/145/0/0,4038000,70,320000,2506600,1.8,4511,Ingen,1.0
Naustkleiva 17,6/147/0/0,6301000,70,320000,4090700,1.8,7363,Ingen,1.0
Naustjorde 5,6/148/0/1,5055000,70,320000,3218500,1.8,5793,Ingen,1.0
Naustjorde 7,6/148/0/2,5170000,70,320000,3299000,1.8,5938,Ingen,1.0
Naustjorde 9,6/148/0/3,5282000,70,320000,3377400,1.8,6079,Ingen,1.0
Naustjorde 11,6/148/0/4,5500000,70,320000,3530000,1.8,6354,Ingen,1.0
Naustkleiva 19,6/149/0/0,5435000,70,320000,3484500,1.8,6272,Ingen,1.0
Haraldhaugvegen 3,6/150/0/0,4500000,70,320000,2830000,1.8,5094,Ingen,1.0
Harpevegen 3B,6/151/0/0,5249000,70,320000,3354300,1.8,6037,Ingen,1.0
Trombonevegen 25,6/153/0/0,5572000,70,320000,3580400,1.8,6444,Ingen,1.0
Basunvegen 28,6/154/0/0,5435000,70,320000,3484500,1.8,6272,Ingen,1.0
Basunvegen 24,6/155/0/0,5108000,70,320000,3255600,1.8,5860,Ingen,1.0
Trombonevegen 23,6/156/0/0,5085000,70,320000,3239500,1.8,5831,Ingen,1.0
Trombonevegen 21,6/157/0/0,5503000,70,320000,3532100,1.8,6357,Ingen,1.0
Basunvegen 26,6/158/0/0,5819000,70,640000,3433300,1.8,6179,Ingen,2.0
Naustjorde 12,6/159/0/0,6408000,70,640000,3845600,1.8,6922,Ingen,2.0
Naustanvegen 3,6/160/0/0,5707000,70,320000,3674900,1.8,6614,Ingen,1.0
Naustanvegen 14,6/161/0/0,5319000,70,640000,3083300,1.8,5549,Ingen,2.0
Naustanvegen 12,6/162/0/0,5435000,70,320000,3484500,1.8,6272,Ingen,1.0
Naustanvegen 10,6/163/0/0,5617000,70,320000,3611900,1.8,6501,Ingen,1.0
Naustanvegen 8,6/164/0/0,5365000,70,640000,3115500,1.8,5607,Ingen,2.0
Naustanvegen 6,6/165/0/0,5365000,70,320000,3435500,1.8,6183,Ingen,1.0
Naustanvegen 2,6/166/0/0,5732000,70,640000,3372400,1.8,6070,Ingen,2.0
Naustanvegen 1,6/167/0/0,5342000,70,320000,3419400,1.8,6154,Ingen,1.0
Naustanvegen 7,6/168/0/0,4221000,70,320000,2634700,1.8,4742,Ingen,1.0
Naustanvegen 9,6/169/0/0,6725000,70,320000,4387500,1.8,7897,Ingen,1.0
Naustanvegen 4,6/170/0/0,6062000,70,320000,3923400,1.8,7062,Ingen,1.0
Tillegg Til Heimstad 0,6/171/0/0,0,100,0,0,1.8,0,Ingen,1.0
Naustanvegen 25,6/174/0/0,5707000,70,640000,3354900,1.8,6038,Ingen,2.0
Naustbergvegen 1,6/175/0/0,6886000,70,320000,4500200,1.8,8100,Ingen,1.0
Basunvegen 25,6/176/0/0,6641000,70,320000,4328700,1.8,7791,Ingen,1.0
Basunvegen 27,6/177/0/0,6767000,70,320000,4416900,1.8,7950,Ingen,1.0
Basunvegen 21A,6/178/0/0,5296000,70,320000,3387200,1.8,6096,Ingen,1.0
Basunvegen 23,6/179/0/0,5819000,70,640000,3433300,1.8,6179,Ingen,2.0
Trombonevegen 27,6/180/0/0,5952000,70,320000,3846400,1.8,6923,Ingen,1.0
Naustbergvegen 3,6/181/0/0,5972000,70,320000,3860400,1.8,6948,Ingen,1.0
Naustjorde 8,6/182/0/0,4400000,70,320000,2760000,1.8,4968,Ingen,1.0
Naustjorde 2,6/183/0/0,6267000,70,320000,4066900,1.8,7320,Ingen,1.0
Naustanvegen 5,6/184/0/0,5365000,70,320000,3435500,1.8,6183,Ingen,1.0
Naustjorde 6,6/185/0/0,5975000,70,320000,3862500,1.8,6952,Ingen,1.0
Basunvegen 31,6/186/0/0,5707000,70,320000,3674900,1.8,6614,Ingen,1.0
Harpevegen 9B,6/187/0/0,3796000,70,320000,2337200,1.8,4206,Ingen,1.0
Basunvegen 33,6/188/0/0,5013000,70,320000,3189100,1.8,5740,Ingen,1.0
Basunvegen 30,6/189/0/0,5226000,70,320000,3338200,1.8,6008,Ingen,1.0
Basunvegen 32,6/190/0/0,5202000,70,320000,3321400,1.8,5978,Ingen,1.0
Basunvegen 34,6/191/0/0,6301000,70,320000,4090700,1.8,7363,Ingen,1.0
Basunvegen 29,6/192/0/0,6258000,70,320000,4060600,1.8,7309,Ingen,1.0
Naustjorde 4,6/193/0/0,4273000,70,320000,2671100,1.8,4807,Ingen,1.0
Naustkleiva 25,6/194/0/0,3497000,70,320000,2127900,1.8,3830,Ingen,1.0
Till Trombonevegen 27 0,6/195/0/0,92000,100,0,92000,1.8,165,Ingen,1.0
Till. Merkurvegen 25 0,6/196/0/0,92000,100,0,92000,1.8,165,Ingen,1.0
Parsell Av Trombonevegen 27 0,6/197/0/0,0,100,0,0,1.8,0,Ingen,1.0
Basunvegen 35,6/198/0/0,6767000,70,320000,4416900,1.8,7950,Ingen,1.0
Naustbergvegen 5,6/199/0/0,8841000,70,640000,5548700,1.8,9987,Ingen,2.0
Haraldhaugvegen 4,6/200/0/0,4941000,70,640000,2818700,1.8,5073,Ingen,2.0
Basunvegen 39,6/203/0/0,5775000,70,320000,3722500,1.8,6700,Ingen,1.0
Basunvegen 21B,6/204/0/0,3022000,70,320000,1795400,1.8,3231,Ingen,1.0
Basunvegen 37,6/205/0/0,6040000,70,640000,3588000,1.8,6458,Ingen,2.0
Basunvegen 38,6/206/0/0,7697000,70,320000,5067900,1.8,9122,Ingen,1.0
Basunvegen 36,6/207/0/0,4893000,70,320000,3105100,1.8,5589,Ingen,1.0
Basunvegen 41,6/208/0/0,6578000,70,320000,4284600,1.8,7712,Ingen,1.0
Basunvegen 40,6/209/0/0,7198000,70,320000,4718600,1.8,8493,Ingen,1.0
Naustkleiva 9,6/210/0/0,4378000,70,320000,2744600,1.8,4940,Ingen,1.0
Basunvegen 42,6/211/0/0,6344000,70,320000,4120800,1.8,7417,Ingen,1.0
Naustkleiva 21C,6/212/0/0,4625000,70,320000,2917500,1.8,5251,Ingen,1.0
Trombonevegen 20,6/213/0/0,6280000,70,320000,4076000,1.8,7336,Ingen,1.0
Basunvegen 43,6/214/0/0,7736000,70,640000,4775200,1.8,8595,Ingen,2.0
Naustkleiva 21A,6/215/0/0,5365000,70,640000,3115500,1.8,5607,Ingen,2.0
Basunvegen 44,6/231/0/0,5730000,70,320000,3691000,1.8,6643,Ingen,1.0
Veggrunn 0,6/232/0/0,0,100,0,0,1.8,0,Ingen,1.0
Trombonevegen 22,6/233/0/0,7096000,70,320000,4647200,1.8,8364,Ingen,1.0
Betaniavegen 1B,6/235/0/0,4380000,70,640000,2426000,1.8,4366,Ingen,2.0
Betaniavegen 1C,6/236/0/0,4380000,70,320000,2746000,1.8,4942,Ingen,1.0
Naustmarka 16B,6/237/0/0,3863000,70,320000,2384100,1.8,4291,Ingen,1.0
Naustmarka 18A,6/238/0/0,3863000,70,320000,2384100,1.8,4291,Ingen,1.0
Naustmarka 18B,6/239/0/0,4067000,70,320000,2526900,1.8,4548,Ingen,1.0
Naustanvegen 26,6/242/0/0,0,100,0,0,1.8,0,Ingen,1.0
Naustkleiva 7B,6/243/0/0,5800000,70,320000,3740000,1.8,6732,Ingen,1.0
Tillegg Til Trombonevegen 27 0,6/244/0/0,0,100,0,0,1.8,0,Ingen,1.0
NAUSTMARKA - 14511 hvilebu for buss 0,6/245/0/0,0,100,0,0,4.0,0,Ingen,1.0
Naustmarka 50,6/246/0/0,5536000,70,320000,3555200,1.8,6399,Ingen,1.0
Naustmarka 52,6/247/0/0,7178000,70,640000,4384600,1.8,7892,Ingen,2.0
Naustmarka 54,6/248/0/0,6367000,70,640000,3816900,1.8,6870,Ingen,2.0
Naustmarka 56,6/249/0/0,7439000,70,320000,4887300,1.8,8797,Ingen,1.0
Naustmarka 58,6/250/0/0,8446000,70,320000,5592200,1.8,10065,Ingen,1.0
Naustmarka 51,6/251/0/0,6143000,70,320000,3980100,1.8,7164,Ingen,1.0
Naustmarka 53,6/252/0/0,6001000,70,320000,3880700,1.8,6985,Ingen,1.0
Naustmarka 55,6/253/0/0,7439000,70,640000,4567300,1.8,8221,Ingen,2.0
Naustmarka 98,6/254/0/0,7231000,70,640000,4421700,1.8,7959,Ingen,2.0
Naustmarka 60,6/255/0/0,5800000,70,320000,3740000,1.8,6732,Ingen,1.0
Naustmarka 62,6/256/0/0,5536000,70,320000,3555200,1.8,6399,Ingen,1.0
Naustmarka 64,6/257/0/0,8000000,70,320000,5280000,1.8,9504,Ingen,1.0
Naustmarka 66,6/258/0/0,5886000,70,320000,3800200,1.8,6840,Ingen,1.0
Naustmarka 68,6/259/0/0,7823000,70,640000,4836100,1.8,8704,Ingen,2.0
Naustmarka 74,6/260/0/0,7178000,70,320000,4704600,1.8,8468,Ingen,1.0
Naustmarka 72,6/261/0/0,6886000,70,320000,4500200,1.8,8100,Ingen,1.0
Naustmarka 70,6/262/0/0,7542000,70,640000,4639400,1.8,8350,Ingen,2.0
Naustmarka 77,6/263/0/0,7204000,70,320000,4722800,1.8,8501,Ingen,1.0
Naustmarka 79,6/264/0/0,6912000,70,320000,4518400,1.8,8133,Ingen,1.0
Naustmarka 81,6/265/0/0,5712000,70,320000,3678400,1.8,6621,Ingen,1.0
Naustmarka 83,6/266/0/0,6450000,70,320000,4195000,1.8,7551,Ingen,1.0
Naustmarka 85,6/267/0/0,8249000,70,640000,5134300,1.8,9241,Ingen,2.0
Naustmarka 76,6/268/0/0,10492000,70,640000,6704400,1.8,12067,Ingen,2.0
Høgåsen 2,6/269/0/0,11076000,70,320000,7433200,1.8,13379,Ingen,1.0
Høgåsen 4,6/270/0/0,7568000,70,320000,4977600,1.8,8959,Ingen,1.0
Høgåsen 6,6/271/0/0,8050000,70,640000,4995000,1.8,8991,Ingen,2.0
Høgåsen 8,6/272/0/0,6805000,70,320000,4443500,1.8,7998,Ingen,1.0
Høgåsen 10,6/273/0/0,7361000,70,320000,4832700,1.8,8698,Ingen,1.0
Høgåsen 12,6/274/0/0,5236000,70,320000,3345200,1.8,6021,Ingen,1.0
Høgåsen 14,6/275/0/0,7491000,70,640000,4603700,1.8,8286,Ingen,2.0
Høgåsen 16,6/276/0/0,7542000,70,640000,4639400,1.8,8350,Ingen,2.0
Høgåsen 18,6/277/0/0,0,100,0,0,1.8,0,Ingen,1.0
HØGÅSEN 20,6/278/0/0,10450000,70,640000,6675000,1.8,12015,Ingen,2.0
Høgåsen 9,6/279/0/0,5625000,70,320000,3617500,1.8,6511,Ingen,1.0
Høgåsen 11,6/280/0/0,6560000,70,320000,4272000,1.8,7689,Ingen,1.0
Høgåsen 13,6/281/0/0,7361000,70,320000,4832700,1.8,8698,Ingen,1.0
Høgåsen 15,6/282/0/0,7957000,70,320000,5249900,1.8,9449,Ingen,1.0
Høgåsen 17,6/283/0/0,5857000,70,320000,3779900,1.8,6803,Ingen,1.0
Naustmarka 78,6/284/0/0,8616000,70,320000,5711200,1.8,10280,Ingen,1.0
Naustmarka 80,6/285/0/0,7491000,70,640000,4603700,1.8,8286,Ingen,2.0
Naustmarka 82,6/286/0/0,7178000,70,320000,4704600,1.8,8468,Ingen,1.0
Naustmarka 84,6/287/0/0,7874000,70,320000,5191800,1.8,9345,Ingen,1.0
Naustmarka 86,6/288/0/0,11619000,70,640000,7493300,1.8,13487,Ingen,2.0
Naustmarka 88,6/289/0/0,8494000,70,320000,5625800,1.8,10126,Ingen,1.0
Høgåsen 19B,6/290/0/0,5310000,70,320000,3397000,1.8,6114,Ingen,1.0
Høgåsen 21,6/291/0/0,6642000,70,320000,4329400,1.8,7792,Ingen,1.0
Høgåsen 23A,6/292/0/0,4067000,70,320000,2526900,1.8,4548,Ingen,1.0
Høgåsen 22,6/293/0/0,6478000,70,320000,4214600,1.8,7586,Ingen,1.0
Høgåsen 24,6/294/0/0,5857000,70,320000,3779900,1.8,6803,Ingen,1.0
Høgåsen 26,6/295/0/0,5267000,70,320000,3366900,1.8,6060,Ingen,1.0
Høgåsen 28,6/296/0/0,6143000,70,320000,3980100,1.8,7164,Ingen,1.0
Høgåsen 30,6/297/0/0,7465000,70,640000,4585500,1.8,8253,Ingen,2.0
Høgåsen 32,6/298/0/0,7361000,70,640000,4512700,1.8,8122,Ingen,2.0
Naustmarka 87,6/299/0/0,7620000,70,640000,4694000,1.8,8449,Ingen,2.0
Naustmarka 89,6/300/0/0,8249000,70,320000,5454300,1.8,9817,Ingen,1.0
Naustmarka 91,6/301/0/0,7924000,70,640000,4906800,1.8,8832,Ingen,2.0
Naustmarka 93,6/302/0/0,7900000,70,640000,4890000,1.8,8802,Ingen,2.0
Naustmarka 95,6/303/0/0,7747000,70,640000,4782900,1.8,8609,Ingen,2.0
Naustmarka 90B,6/304/0/0,4379000,70,320000,2745300,1.8,4941,Ingen,1.0
Naustmarka 92B,6/305/0/0,4495000,70,320000,2826500,1.8,5087,Ingen,1.0
Naustmarka 94,6/306/0/0,5712000,70,320000,3678400,1.8,6621,Ingen,1.0
Naustmarka 96,6/307/0/0,7747000,70,320000,5102900,1.8,9185,Ingen,1.0
Tverrvegen 50,6/308/0/0,6669000,70,640000,4028300,1.8,7250,Ingen,2.0
Tverrvegen 52,6/309/0/0,7361000,70,640000,4512700,1.8,8122,Ingen,2.0
Tverrvegen 54,6/310/0/0,5267000,70,320000,3366900,1.8,6060,Ingen,1.0
Tverrvegen 51,6/311/0/0,7785000,70,640000,4809500,1.8,8657,Ingen,2.0
Tverrvegen 53,6/312/0/0,5972000,70,320000,3860400,1.8,6948,Ingen,1.0
Tverrvegen 55,6/313/0/0,7747000,70,640000,4782900,1.8,8609,Ingen,2.0
Tverrvegen 57,6/314/0/0,5566000,70,320000,3576200,1.8,6437,Ingen,1.0
Tverrvegen 46,6/315/0/0,7568000,70,640000,4657600,1.8,8383,Ingen,2.0
Tverrvegen 48,6/316/0/0,7335000,70,640000,4494500,1.8,8090,Ingen,2.0
Naustkleiva 31A,6/317/0/0,5857000,70,320000,3779900,1.8,6803,Ingen,1.0
Høgåsen 19A,6/318/0/0,4329000,70,320000,2710300,1.8,4878,Ingen,1.0
Naustanvegen 16B,6/319/0/0,3497000,70,320000,2127900,1.8,3830,Ingen,1.0
Naustanvegen 18,6/320/0/0,3960000,70,320000,2452000,1.8,4413,Ingen,1.0
Naustanvegen 20,6/321/0/0,4273000,70,320000,2671100,1.8,4807,Ingen,1.0
Naustmarka 14B,6/322/0/0,4067000,70,320000,2526900,1.8,4548,Ingen,1.0
Høgåsen 23B,6/323/0/0,4156000,70,320000,2589200,1.8,4660,Ingen,1.0
Haraldhaugvegen 6,6/324/0/0,4039000,70,320000,2507300,1.8,4513,Ingen,1.0
Naustmarka 12A,6/325/0/0,4067000,70,320000,2526900,1.8,4548,Ingen,1.0
Tverrvegen 21,6/326/0/0,4085000,70,320000,2539500,1.8,4571,Ingen,1.0
Tverrvegen 23,6/327/0/0,3524000,70,320000,2146800,1.8,3864,Ingen,1.0
Tverrvegen 25,6/328/0/0,3957000,70,320000,2449900,1.8,4409,Ingen,1.0
Tverrvegen 27,6/329/0/0,3482000,70,320000,2117400,1.8,3811,Ingen,1.0
Tverrvegen 29,6/330/0/0,3545000,70,320000,2161500,1.8,3890,Ingen,1.0
Tverrvegen 31,6/331/0/0,3524000,70,320000,2146800,1.8,3864,Ingen,1.0
Tverrvegen 33,6/332/0/0,3524000,70,320000,2146800,1.8,3864,Ingen,1.0
Tverrvegen 35,6/333/0/0,3668000,70,320000,2247600,1.8,4045,Ingen,1.0
Tverrvegen 37,6/334/0/0,3648000,70,320000,2233600,1.8,4020,Ingen,1.0
Tverrvegen 39,6/335/0/0,3503000,70,320000,2132100,1.8,3837,Ingen,1.0
Tverrvegen 41,6/336/0/0,3545000,70,320000,2161500,1.8,3890,Ingen,1.0
Tverrvegen 43,6/337/0/0,3844000,70,320000,2370800,1.8,4267,Ingen,1.0
Tverrvegen 45,6/338/0/0,3627000,70,320000,2218900,1.8,3994,Ingen,1.0
Tverrvegen 47,6/339/0/0,4654000,70,320000,2937800,1.8,5288,Ingen,1.0
Betaniavegen 5A,6/340/0/0,4699000,70,320000,2969300,1.8,5344,Ingen,1.0
Vegrunn Av Betaniavegen 0,6/341/0/0,0,100,0,0,4.0,0,Ingen,1.0
Tverrvegen 1A,6/342/0/0,2976000,70,320000,1763200,1.8,3173,Ingen,1.0
Tverrvegen 1B,6/343/0/0,2712000,70,320000,1578400,1.8,2841,Ingen,1.0
Tverrvegen 1C,6/344/0/0,3075000,70,320000,1832500,1.8,3298,Ingen,1.0
Tverrvegen 1D,6/345/0/0,3075000,70,320000,1832500,1.8,3298,Ingen,1.0
Tverrvegen 1E,6/346/0/0,2500000,70,320000,1430000,1.8,2574,Ingen,1.0
Naustmarka 2A,6/347/0/0,3216000,70,320000,1931200,1.8,3476,Ingen,1.0
Naustmarka 2B,6/348/0/0,2951000,70,320000,1745700,1.8,3142,Ingen,1.0
Naustmarka 2C,6/349/0/0,3170000,70,320000,1899000,1.8,3418,Ingen,1.0
Naustmarka 2D,6/350/0/0,3170000,70,320000,1899000,1.8,3418,Ingen,1.0
Naustmarka 2E,6/351/0/0,3170000,70,320000,1899000,1.8,3418,Ingen,1.0
Naustmarka 4A,6/352/0/0,3001000,70,320000,1780700,1.8,3205,Ingen,1.0
Naustmarka 4B,6/353/0/0,2748000,70,320000,1603600,1.8,2886,Ingen,1.0
Naustmarka 4C,6/354/0/0,2976000,70,320000,1763200,1.8,3173,Ingen,1.0
Naustmarka 6A,6/355/0/0,2712000,70,320000,1578400,1.8,2841,Ingen,1.0
Naustmarka 6B,6/356/0/0,3026000,70,320000,1798200,1.8,3236,Ingen,1.0
Naustmarka 6C,6/357/0/0,3193000,70,320000,1915100,1.8,3447,Ingen,1.0
Naustmarka 8A,6/358/0/0,3099000,70,320000,1849300,1.8,3328,Ingen,1.0
Naustmarka 8B,6/359/0/0,2600000,70,320000,1500000,1.8,2700,Ingen,1.0
Naustmarka 10A,6/360/0/0,3026000,70,320000,1798200,1.8,3236,Ingen,1.0
Naustmarka 10B,6/361/0/0,2951000,70,320000,1745700,1.8,3142,Ingen,1.0
Tverrvegen 3,6/362/0/0,3728000,70,320000,2289600,1.8,4121,Ingen,1.0
Tverrvegen 5,6/363/0/0,3627000,70,320000,2218900,1.8,3994,Ingen,1.0
Tverrvegen 7,6/364/0/0,3648000,70,320000,2233600,1.8,4020,Ingen,1.0
Tverrvegen 9,6/365/0/0,3708000,70,320000,2275600,1.8,4096,Ingen,1.0
Tverrvegen 11,6/366/0/0,3627000,70,320000,2218900,1.8,3994,Ingen,1.0
Tverrvegen 13,6/367/0/0,3806000,70,320000,2344200,1.8,4219,Ingen,1.0
Tverrvegen 15,6/368/0/0,3648000,70,320000,2233600,1.8,4020,Ingen,1.0
Tverrvegen 17,6/369/0/0,3482000,70,320000,2117400,1.8,3811,Ingen,1.0
Tverrvegen 19,6/370/0/0,4352000,70,320000,2726400,1.8,4907,Ingen,1.0
Naustmarka Del A 0,6/371/0/0,0,100,0,0,1.8,0,Ingen,1.0
Naustmarka 12B,6/373/0/0,3939000,70,320000,2437300,1.8,4387,Ingen,1.0
Naustmarka 14A,6/374/0/0,4067000,70,320000,2526900,1.8,4548,Ingen,1.0
Naustmarka 16A,6/375/0/0,4013000,70,320000,2489100,1.8,4480,Ingen,1.0
Naustmarka 20A,6/376/0/0,4013000,70,320000,2489100,1.8,4480,Ingen,1.0
Naustmarka 20B,6/377/0/0,3957000,70,320000,2449900,1.8,4409,Ingen,1.0
Naustmarka 22A,6/378/0/0,4226000,70,320000,2638200,1.8,4748,Ingen,1.0
Naustmarka 22B,6/379/0/0,3957000,70,320000,2449900,1.8,4409,Ingen,1.0
Naustmarka 24A,6/380/0/0,4295000,70,320000,2686500,1.8,4835,Ingen,1.0
Naustmarka 24B,6/381/0/0,4312000,70,320000,2698400,1.8,4857,Ingen,1.0
Naustmarka 26A,6/382/0/0,4261000,70,320000,2662700,1.8,4792,Ingen,1.0
Naustmarka 26B,6/383/0/0,4174000,70,320000,2601800,1.8,4683,Ingen,1.0
Naustmarka 90A,6/384/0/0,4543000,70,320000,2860100,1.8,5148,Ingen,1.0
Naustmarka 92A,6/385/0/0,4495000,70,320000,2826500,1.8,5087,Ingen,1.0
Hauganvegen 35,6/386/0/0,6478000,70,320000,4214600,1.8,7586,Ingen,1.0
Naustkleiva 11A,6/387/0/0,72000,100,0,72000,1.8,129,Ingen,1.0
Tillegg Til Gnr. 6 Bnr. 23 0,6/388/0/0,0,100,0,0,4.0,0,Ingen,1.0
Tillegg Til Gnr. 7 Bnr. 1 0,6/389/0/0,0,100,0,0,1.8,0,Ingen,1.0
Tillegg Til 6/78 0,6/393/0/0,0,100,0,0,1.8,0,Ingen,1.0
Naustanvegen 13,6/395/0/0,4780000,70,320000,3026000,1.8,5446,Ingen,1.0
Naustanvegen 15,6/396/0/0,6697000,70,640000,4047900,1.8,7286,Ingen,2.0
Naustanvegen 17,6/397/0/0,7950000,70,640000,4925000,1.8,8865,Ingen,2.0
Naustanvegen 19,6/398/0/0,6832000,70,640000,4142400,1.8,7456,Ingen,2.0
Naustanvegen 16A,6/400/0/0,5239000,70,320000,3347300,1.8,6025,Ingen,1.0
Naustanvegen 22C,6/401/0/0,8372000,70,640000,5220400,1.8,9396,Ingen,2.0
Tillegg Til 6/83 0,6/402/0/0,0,100,0,0,1.8,0,Ingen,1.0
Naustkleiva 29C,6/403/0/0,5282000,70,320000,3377400,1.8,6079,Ingen,1.0
Naustanvegen 22B,6/404/0/0,5365000,70,320000,3435500,1.8,6183,Ingen,1.0
6/405/0/0 0,6/405/0/0,0,100,0,0,1.8,0,Ingen,1.0
6/407/0/0 0,6/407/0/0,0,100,0,0,1.8,0,Ingen,1.0
HAUGANVEGEN 38,6/408/0/0,4065000,70,320000,2525500,1.8,4545,Ingen,1.0
Naustjorde 1,6/409/0/0,9890000,70,640000,6283000,1.8,11309,Ingen,2.0
Naustjorde 10,6/411/0/0,4475000,70,320000,2812500,1.8,5062,Ingen,1.0
Naustjorde 14,6/414/0/1,5370000,70,320000,3439000,1.8,6190,Ingen,1.0
Naustjorde 16,6/414/0/2,6473000,70,320000,4211100,1.8,7579,Ingen,1.0
Naustjorde 18,6/414/0/3,6342000,70,320000,4119400,1.8,7414,Ingen,1.0
Naustjorde 20,6/414/0/4,5370000,70,320000,3439000,1.8,6190,Ingen,1.0
Naustjorde 3,6/415/0/0,9337000,70,320000,6215900,1.8,11188,Ingen,1.0
Naustkleiva 29B,6/420/0/0,2398000,70,320000,1358600,1.8,2445,Ingen,1.0
Trompetvegen 18B,6/421/0/0,7923000,70,320000,5226100,1.8,9406,Ingen,1.0
Naustkleiva 29D,6/422/0/0,5282000,70,320000,3377400,1.8,6079,Ingen,1.0
Naustanvegen 30,6/424/0/0,4108000,70,320000,2555600,1.8,4600,Ingen,1.0
Hauganvegen 31,7/1/0/0,1564000,70,640000,454800,1.8,818,§ 5 h delvis,2.0
Jonsborgvegen 2,7/2/0/0,4400000,70,320000,2760000,1.8,4968,Ingen,1.0
Hauganvegen 3,7/3/0/0,1140000,70,320000,478000,1.8,860,§ 5 h delvis,1.0
Hauganvegen 9,7/6/0/0,4230000,70,320000,2641000,1.8,4753,Ingen,1.0
Haugmarken 0,7/7/0/0,0,100,0,0,1.8,0,Ingen,1.0
Hauganvegen 22,7/8/0/0,6932000,70,640000,4212400,1.8,7582,Ingen,2.0
Hauganvegen 2,7/9/0/0,3933000,70,320000,2433100,1.8,4379,Ingen,1.0
Hauganvegen 4,7/10/0/0,6258000,70,320000,4060600,1.8,7309,Ingen,1.0
Haugen 0,7/11/0/0,0,100,0,0,1.8,0,Ingen,1.0
Malvikvegen 475,7/13/0/0,6019000,70,320000,3893300,1.8,7007,Ingen,1.0
Jonsborgvegen 18,7/14/0/0,4092000,70,320000,2544400,1.8,4579,Ingen,1.0
Hauganvegen 16,7/16/0/0,5952000,70,640000,3526400,1.8,6347,Ingen,2.0
Hauganvegen 23,7/18/0/0,3803000,70,640000,2022100,1.8,3639,Ingen,2.0
Hauganvegen 7,7/19/0/0,4701000,70,640000,2650700,1.8,4771,Ingen,2.0
Jonsborgvegen 10,7/20/0/0,7618000,70,640000,4692600,1.8,8446,Ingen,2.0
Malvikvegen 481,7/21/0/0,4625000,70,320000,2917500,1.8,5251,Ingen,1.0
Buhaug Ii 0,7/22/0/0,0,100,0,0,1.8,0,Ingen,1.0
Furuhaug 0,7/23/0/0,0,100,0,0,1.8,0,Ingen,1.0
Hauganvegen 13,7/25/0/0,3750000,70,640000,1985000,1.8,3573,Ingen,2.0
Furuly 0,7/26/0/0,0,100,0,0,1.8,0,Ingen,1.0
Fjordgløtt 0,7/27/0/0,7000,100,0,7000,1.8,12,Ingen,1.0
Skogstua 0,7/28/0/0,0,100,0,0,1.8,0,Ingen,1.0
Hauganvegen 14,7/29/0/0,3706000,70,320000,2274200,1.8,4093,Ingen,1.0
Hauganvegen 25,7/30/0/0,3680000,70,320000,2256000,1.8,4060,Ingen,1.0
Hauganvegen 6,7/32/0/0,3772000,70,320000,2320400,1.8,4176,Ingen,1.0
Hauganvegen 10,7/33/0/0,4475000,70,320000,2812500,1.8,5062,Ingen,1.0
Jonsborgvegen 1,7/34/0/0,6236000,70,320000,4045200,1.8,7281,Ingen,1.0
Jonsborgvegen 3,7/35/0/0,3745000,70,320000,2301500,1.8,4142,Ingen,1.0
Forbordvegen 5,7/36/0/0,4095000,70,640000,2226500,1.8,4007,Ingen,2.0
Hauganvegen 20,7/37/0/0,3772000,70,320000,2320400,1.8,4176,Ingen,1.0
Jonsborgvegen 5,7/38/0/0,5132000,70,320000,3272400,1.8,5890,Ingen,1.0
Jonsborgvegen 4,7/40/0/0,6683000,70,320000,4358100,1.8,7844,Ingen,1.0
Forbordvegen 7,7/41/0/0,3942000,70,640000,2119400,1.8,3814,Ingen,2.0
Betaniavegen 22,7/42/0/0,4010000,70,320000,2487000,1.8,4476,Ingen,1.0
Hauganvegen 12,7/43/0/0,3706000,70,320000,2274200,1.8,4093,Ingen,1.0
Hauganvegen 27,7/45/0/0,4500000,70,320000,2830000,1.8,5094,Ingen,1.0
Jonsborgvegen 12,7/46/0/0,5365000,70,320000,3435500,1.8,6183,Ingen,1.0
Jonsborgvegen 14,7/47/0/0,4425000,70,320000,2777500,1.8,4999,Ingen,1.0
Hauganvegen 18,7/48/0/0,4917000,70,320000,3121900,1.8,5619,Ingen,1.0
Jonsborgvegen 16,7/50/0/0,4500000,70,320000,2830000,1.8,5094,Ingen,1.0
Tillegg Til Heimly 0,7/52/0/0,300000,100,0,300000,1.8,540,Ingen,1.0
Hauganvegen 29,7/56/0/0,6515000,70,320000,4240500,1.8,7632,Ingen,1.0
Hauganvegen 17,7/57/0/0,5906000,70,320000,3814200,1.8,6865,Ingen,1.0
Hauganvegen 15,7/58/0/0,1253000,70,320000,557100,1.8,1002,Ingen,1.0
Tillegg Til Haugrydningen 0,7/60/0/0,0,100,0,0,1.8,0,Ingen,1.0
Hauganvegen 19,7/62/0/0,3223000,70,320000,1936100,1.8,3484,Ingen,1.0
Hauganvegen 21,7/63/0/0,5474000,70,640000,3191800,1.8,5745,Ingen,2.0
Betaniavegen 20,7/64/0/0,1875000,70,320000,992500,1.8,1786,Ingen,1.0
Betaniavegen 24,7/65/0/0,4010000,70,320000,2487000,1.8,4476,Ingen,1.0
7/67/0/0 0,7/67/0/0,0,100,0,0,1.8,0,Ingen,1.0
7/68/0/0 0,7/68/0/0,0,100,0,0,1.8,0,Ingen,1.0
Forbordvegen 19,8/1/0/0,2738000,70,640000,1276600,1.8,2297,§ 5 h delvis,2.0
Revdalsvegen 23,8/2/0/0,4500000,70,320000,2830000,1.8,5094,Ingen,1.0
Revdalsvegen 19,8/3/0/0,2933000,70,960000,1093100,1.8,1967,§ 5 h delvis,3.0
Forbordvegen 167,8/4/0/0,2895000,70,640000,1386500,1.8,2495,§ 5 h delvis,2.0
Revdalsvegen 31,8/6/0/0,5296000,70,320000,3387200,1.8,6096,Ingen,1.0
Malvik Vestre B 0,8/7/0/0,0,100,0,0,1.8,0,Ingen,1.0
Revdalsvegen 47,8/10/0/0,3243000,70,320000,1950100,1.8,3510,Ingen,1.0
Revdalsvegen 8,8/11/0/0,3051000,70,320000,1815700,1.8,3268,Ingen,1.0
Revdalsvegen 49,8/14/0/0,2528000,70,320000,1449600,1.8,2609,§ 5 h delvis,1.0
Revdalsvegen 22,8/16/0/0,4265000,70,320000,2665500,1.8,4797,Ingen,1.0
Revdalsvegen 28,8/19/0/0,4893000,70,320000,3105100,1.8,5589,Ingen,1.0
Revdalsvegen 26,8/20/0/0,3880000,70,320000,2396000,1.8,4312,Ingen,1.0
Revdalsvegen 43,8/21/0/0,3032000,70,320000,1802400,1.8,3244,Ingen,1.0
Revdalsvegen 24,8/22/0/0,4772000,70,320000,3020400,1.8,5436,Ingen,1.0
Tillegg I 0,8/23/0/0,0,100,0,0,1.8,0,Ingen,1.0
Forbordvegen 9,8/24/0/0,4078000,70,320000,2534600,1.8,4562,Ingen,1.0
Revdalsvegen 30,8/25/0/0,5819000,70,640000,3433300,1.8,6179,Ingen,2.0
Revdalsvegen 44,8/26/0/0,4146000,70,320000,2582200,1.8,4647,Ingen,1.0
Parsell Nr. 1 0,8/27/0/0,0,100,0,0,1.8,0,Ingen,1.0
Revdalsvegen 10,8/29/0/0,1577000,70,320000,783900,1.8,1411,Ingen,1.0
Tillegg Til Vesletun 0,8/32/0/0,0,100,0,0,1.8,0,Ingen,1.0
Revdalsvegen 63,8/33/0/0,6063000,70,320000,3924100,1.8,7063,Ingen,1.0
Revdalsvegen 29,8/34/0/0,3552000,70,320000,2166400,1.8,3899,Ingen,1.0
Revdalsvegen 27,8/35/0/0,3854000,70,320000,2377800,1.8,4280,Ingen,1.0
Tillegg Til Asphaugen I 0,8/36/0/0,0,100,0,0,1.8,0,Ingen,1.0
Revdalsvegen 61,8/37/0/0,4246000,70,320000,2652200,1.8,4773,Ingen,1.0
Revdalsvegen 45A,8/38/0/0,3143000,70,320000,1880100,1.8,3384,Ingen,1.0
Revdalsvegen 45B,8/40/0/0,3449000,70,320000,2094300,1.8,3769,Ingen,1.0
Revdalsvegen 32,8/42/0/0,4400000,70,320000,2760000,1.8,4968,Ingen,1.0
Revdalsvegen 51,8/43/0/0,4573000,70,320000,2881100,1.8,5185,Ingen,1.0
Revdalsvegen 24B,8/44/0/0,3747000,70,320000,2302900,1.8,4145,Ingen,1.0
Revdalsvegen 24C,8/46/0/0,3747000,70,320000,2302900,1.8,4145,Ingen,1.0
Parkeringsplass 0,8/47/0/0,0,100,0,0,4.0,0,Ingen,1.0
Revdalsvegen 65,8/48/0/0,5608000,70,640000,3285600,1.8,5914,Ingen,2.0
Revdalsvegen 67,8/49/0/0,0,100,0,0,1.8,0,Ingen,1.0
Forbordvegen 11,8/50/0/0,2934000,70,320000,1733800,1.8,3120,Ingen,1.0
Kirkestua 0,8/51/0/0,0,100,0,0,1.8,0,Ingen,1.0
Revdalsvegen 25,8/52/0/0,6190000,70,320000,4013000,1.8,7223,Ingen,1.0
Revdalsvegen 63B,8/53/0/0,1695000,70,320000,866500,1.8,1559,Ingen,1.0
Revdalsvegen 63B,8/53/0/0,2157000,100,0,2157000,4.0,8628,Ingen,1.0
Revdalsvegen 46,8/55/0/0,2113000,70,320000,1159100,1.8,2086,Ingen,1.0
8/56/0/0 0,8/56/0/0,0,100,0,0,1.8,0,Ingen,1.0
8/57/0/0 0,8/57/0/0,0,100,0,0,1.8,0,Ingen,1.0
8/58/0/0 0,8/58/0/0,0,100,0,0,1.8,0,Ingen,1.0
8/59/0/0 0,8/59/0/0,0,100,0,0,1.8,0,Ingen,1.0
8/60/0/0 0,8/60/0/0,0,100,0,0,1.8,0,Ingen,1.0
8/61/0/0 0,8/61/0/0,0,100,0,0,1.8,0,Ingen,1.0
Forbordvegen 49,9/1/0/0,2008000,70,640000,765600,1.8,1378,§ 5 h delvis,2.0
Forbordvegen 192,9/2/0/0,1347000,70,320000,622900,1.8,1121,§ 5 h delvis,1.0
Malvik Kirkegård 0,9/4/0/0,0,100,0,0,1.8,0,Ingen,1.0
Smibakken 0,9/6/0/0,53000,100,0,53000,1.8,95,§ 5 h delvis,1.0
Forbordvegen 75,9/7/0/0,2549000,70,320000,1464300,1.8,2635,Ingen,1.0
Forbordvegen 196,9/9/0/0,3261000,70,320000,1962700,1.8,3532,Ingen,1.0
Till. 2 Til Malvik Søndre 0,9/11/0/0,0,100,0,0,1.8,0,Ingen,1.0
Tillegg Til Kirkegård 0,9/12/0/0,0,100,0,0,1.8,0,Ingen,1.0
9/13/0/0 0,9/13/0/0,0,100,0,0,4.0,0,Ingen,1.0
Malvikvegen 560,10/1/0/0,3282000,70,320000,1977400,1.8,3559,§ 5 h delvis,1.0
Forbordvegen 84,10/2/0/0,4875000,70,320000,3092500,1.8,5566,Ingen,1.0
Malvikvegen 606,10/3/0/0,4014000,70,320000,2489800,1.8,4481,Ingen,1.0
Forbordvegen 77,10/4/0/1,2230000,70,320000,1241000,1.8,2233,Ingen,1.0
Forbordvegen 77,10/4/0/2,3182000,70,320000,1907400,1.8,3433,Ingen,1.0
Forbordvegen 77,10/4/0/3,3182000,70,320000,1907400,1.8,3433,Ingen,1.0
Forbordvegen 173,10/5/0/0,3109000,70,320000,1856300,1.8,3341,Ingen,1.0
Malvikvegen 552,10/6/0/0,4279000,70,320000,2675300,1.8,4815,Ingen,1.0
Malvikvegen 588,10/7/0/0,3109000,70,320000,1856300,1.8,3341,Ingen,1.0
Forbordvegen 171,10/8/0/0,3372000,70,320000,2040400,1.8,3672,Ingen,1.0
Malvikvegen 590,10/9/0/0,3785000,70,320000,2329500,1.8,4193,Ingen,1.0
10/12/0/0 0,10/12/0/0,0,100,0,0,1.8,0,Ingen,1.0
10/13/0/0 0,10/13/0/0,0,100,0,0,1.8,0,Ingen,1.0
Malvikvegen 594,11/1/0/0,8782000,70,320000,5827400,1.8,10489,Ingen,1.0
Malvikvegen 634,11/2/0/0,3013000,70,320000,1789100,1.8,3220,Ingen,1.0
Malvikvegen 586,11/3/0/0,1537000,70,320000,755900,1.8,1360,§ 5 h delvis,1.0
Malvikvegen 602,11/4/0/0,3253000,70,320000,1957100,1.8,3522,§ 5 h delvis,1.0
Malvikvegen 646,11/6/0/0,2775000,70,960000,982500,1.8,1768,Ingen,3.0
Malvikvegen 626,11/7/0/0,220000,70,320000,0,1.8,0,Ingen,1.0
Torpbakken 6,11/8/0/0,3750000,70,320000,2305000,1.8,4149,Ingen,1.0
Torpvegen 10,11/9/0/0,5137000,70,320000,3275900,1.8,5896,Ingen,1.0
Malvikvegen 592,11/10/0/0,4163000,70,640000,2274100,1.8,4093,Ingen,2.0
Torpvegen 2,11/12/0/0,3715000,70,320000,2280500,1.8,4104,Ingen,1.0
Torpvegen 4,11/13/0/0,3644000,70,320000,2230800,1.8,4015,Ingen,1.0
Malvikvegen 598,11/14/0/0,1641000,70,320000,828700,1.8,1491,Ingen,1.0
Granhus Ii 0,11/15/0/0,0,100,0,0,1.8,0,Ingen,1.0
Skårvold Ii 0,11/16/0/0,0,100,0,0,1.8,0,Ingen,1.0
Torpbakken 18,11/17/0/0,3942000,70,320000,2439400,1.8,4390,Ingen,1.0
Torpbakken 22,11/18/0/0,2068000,70,320000,1127600,1.8,2029,Ingen,1.0
Gangsti 0,11/19/0/0,0,100,0,0,1.8,0,Ingen,1.0
Malvikvegen 600,11/20/0/0,2674000,70,320000,1551800,1.8,2793,Ingen,1.0
Torpbakken 16,11/21/0/0,3803000,70,640000,2022100,1.8,3639,Ingen,2.0
Veg 0,11/22/0/0,0,100,0,0,1.8,0,Ingen,1.0
Torpbakken 2,11/23/0/0,2915000,70,320000,1720500,1.8,3096,Ingen,1.0
Malvikvegen 596,11/24/0/0,5289000,70,320000,3382300,1.8,6088,Ingen,1.0
Torpbakken 26,11/25/0/0,4999000,70,640000,2859300,1.8,5146,Ingen,2.0
Torpbakken 28,11/26/0/0,5259000,70,320000,3361300,1.8,6050,Ingen,1.0
Torpbakken 30,11/27/0/0,2715000,70,320000,1580500,1.8,2844,Ingen,1.0
Torpbakken 33,11/28/0/0,3186000,70,320000,1910200,1.8,3438,Ingen,1.0
Malvikvegen 630,11/29/0/0,2815000,70,320000,1650500,1.8,2970,Ingen,1.0
Torpbakken 29B,11/30/0/0,3536000,70,320000,2155200,1.8,3879,Ingen,1.0
Torpvegen 16B,11/31/0/0,3662000,70,640000,1923400,1.8,3462,Ingen,2.0
Malvikvegen 581,11/32/0/0,4605000,70,320000,2903500,1.8,5226,Ingen,1.0
Torpbakken 4,11/33/0/0,5513000,70,640000,3219100,1.8,5794,Ingen,2.0
Torpvegen 18,11/34/0/0,3032000,70,320000,1802400,1.8,3244,Ingen,1.0
Torpvegen 14,11/35/0/0,3590000,70,320000,2193000,1.8,3947,Ingen,1.0
Torpvegen 16A,11/37/0/0,4313000,70,320000,2699100,1.8,4858,Ingen,1.0
Torpbakken 24,11/38/0/0,2444000,70,320000,1390800,1.8,2503,Ingen,1.0
Torpbakken 8B,11/39/0/0,4112000,70,640000,2238400,1.8,4029,Ingen,2.0
Torpbakken 14,11/40/0/0,4313000,70,320000,2699100,1.8,4858,Ingen,1.0
Torpvegen 20,11/41/0/0,3572000,70,320000,2180400,1.8,3924,Ingen,1.0
Torpvegen 24,11/42/0/0,5259000,70,640000,3041300,1.8,5474,Ingen,2.0
Torpvegen 26,11/43/0/0,3626000,70,320000,2218200,1.8,3992,Ingen,1.0
Torpvegen 22,11/44/0/0,5409000,70,640000,3146300,1.8,5663,Ingen,2.0
Torpbakken 20,11/45/0/0,3409000,70,320000,2066300,1.8,3719,Ingen,1.0
Torpbakken 31,11/48/0/0,3196000,70,320000,1917200,1.8,3450,Ingen,1.0
Malvikvegen 632,11/50/0/0,4476000,70,320000,2813200,1.8,5063,Ingen,1.0
Malvikvegen 644,11/51/0/0,3733000,70,320000,2293100,1.8,4127,Ingen,1.0
Malvikvegen 642,11/52/0/0,4479000,70,320000,2815300,1.8,5067,Ingen,1.0
Torpbakken 29A,11/56/0/0,5244000,70,320000,3350800,1.8,6031,Ingen,1.0
Malvikvegen 604,11/58/0/0,398000,70,320000,0,1.8,0,Ingen,1.0
Torpbakken 8A,11/59/0/0,3536000,70,320000,2155200,1.8,3879,Ingen,1.0
Torpbakken 10A,11/60/0/1,3435000,70,320000,2084500,1.8,3752,Ingen,1.0
Torpbakken 10B,11/60/0/2,3370000,70,320000,2039000,1.8,3670,Ingen,1.0
Torpbakken 10C,11/60/0/3,3409000,70,320000,2066300,1.8,3719,Ingen,1.0
Torpbakken 12A,11/61/0/1,3802000,70,320000,2341400,1.8,4214,Ingen,1.0
Torpbakken 12B,11/61/0/2,3599000,70,320000,2199300,1.8,3958,Ingen,1.0
Torpbakken 12C,11/62/0/1,3938000,70,320000,2436600,1.8,4385,Ingen,1.0
Torpbakken 12D,11/62/0/2,3743000,70,320000,2300100,1.8,4140,Ingen,1.0
Tillegg Til Bjerklund 0,11/63/0/0,0,100,0,0,1.8,0,Ingen,1.0
Torpbakken 10D,11/64/0/1,3635000,70,320000,2224500,1.8,4004,Ingen,1.0
Torpbakken 10E,11/64/0/2,3802000,70,320000,2341400,1.8,4214,Ingen,1.0
"Linjegrunn, Nordlandsbanen 0",11/65/0/0,0,100,0,0,4.0,0,Ingen,1.0
Tillegg Til 11/34 0,11/66/0/0,400000,100,0,400000,1.8,720,Ingen,1.0
Hasetvegen 12,12/1/0/0,3093000,70,960000,1205100,1.8,2169,§ 5 h delvis,3.0
Hasetvegen 62,12/2/0/0,5409000,70,320000,3466300,1.8,6239,Ingen,1.0
Vikhamar 0,12/5/0/0,0,100,0,0,1.8,0,Ingen,1.0
Forbordvegen 81,12/7/0/0,3361000,70,960000,1392700,1.8,2506,Ingen,3.0
Torpvegen 31,12/8/0/0,3608000,70,320000,2205600,1.8,3970,Ingen,1.0
Grønnlia 0,12/9/0/0,0,100,0,0,1.8,0,Ingen,1.0
Torpvegen 39,12/10/0/0,3907000,70,320000,2414900,1.8,4346,Ingen,1.0
Hasetvegen 64,12/11/0/0,5107000,70,320000,3254900,1.8,5858,Ingen,1.0
Torpvegen 41,12/12/0/0,3223000,70,320000,1936100,1.8,3484,Ingen,1.0
Forbordvegen 85,12/13/0/0,2401000,70,320000,1360700,1.8,2449,Ingen,1.0
Hasetvegen 10,12/14/0/0,4717000,70,320000,2981900,1.8,5367,Ingen,1.0
Torpvegen 37,12/15/0/0,3750000,70,320000,2305000,1.8,4149,Ingen,1.0
Forbordvegen 87,12/16/0/0,4859000,70,320000,3081300,1.8,5546,Ingen,1.0
Torpvegen 33,12/17/0/0,4230000,70,640000,2321000,1.8,4177,Ingen,2.0
Torpvegen 35,12/18/0/0,3976000,70,320000,2463200,1.8,4433,Ingen,1.0
Forbordvegen 80,12/19/0/0,2934000,70,320000,1733800,1.8,3120,Ingen,1.0
Forbordvegen 82,12/20/0/0,4313000,70,320000,2699100,1.8,4858,Ingen,1.0
Forbordvegen 86,12/21/0/0,0,100,0,0,1.8,0,Ingen,1.0
Bufast Ii 0,12/22/0/0,0,100,0,0,1.8,0,Ingen,1.0
Tillegg Til Granholt 0,12/24/0/0,0,100,0,0,1.8,0,Ingen,1.0
Tillegg Til Malvik Søndre 0,12/25/0/0,0,100,0,0,1.8,0,Ingen,1.0
Hasetvegen 60,12/29/0/0,5409000,70,320000,3466300,1.8,6239,Ingen,1.0
Hasetvegen 58,12/30/0/0,3838000,70,320000,2366600,1.8,4259,Ingen,1.0
Torpvegen 35B,12/31/0/0,4557000,70,640000,2549900,1.8,4589,Ingen,2.0
Hasetvegen 2,12/32/0/0,4313000,70,640000,2379100,1.8,4282,Ingen,2.0
Tillegg Til 12/30 0,12/33/0/0,300000,100,0,300000,1.8,540,Ingen,1.0
Hasetvegen 4,12/35/0/0,2835000,70,320000,1664500,1.8,2996,Ingen,1.0
Hasetvegen 85,12/38/0/0,2465000,70,320000,1405500,1.8,2529,Ingen,1.0
Forbordvegen 186,13/1/0/0,2289000,70,640000,962300,1.8,1732,§ 5 h delvis,2.0
Forbordvegen 191,13/2/0/0,1170000,70,320000,499000,1.8,898,§ 5 h delvis,1.0
Forbordvegen 210,13/3/0/0,1366000,70,320000,636200,1.8,1145,§ 5 h delvis,1.0
Forbordvegen 190,13/5/0/0,4476000,70,640000,2493200,1.8,4487,Ingen,2.0
Forbordvegen 177,13/6/0/0,658000,70,320000,140600,1.8,253,Ingen,1.0
Forbordvegen 207,13/8/0/0,2954000,70,320000,1747800,1.8,3146,Ingen,1.0
Forbordvegen 168,13/9/0/0,180000,100,0,180000,1.8,324,Ingen,1.0
Forbordvegen 205,13/10/0/0,3536000,70,320000,2155200,1.8,3879,Ingen,1.0
Lyng-Tuva 0,13/11/0/0,0,100,0,0,1.8,0,Ingen,1.0
13/12/0/0 0,13/12/0/0,0,100,0,0,1.8,0,Ingen,1.0
Forbordvegen 179,13/13/0/0,2570000,70,320000,1479000,1.8,2662,Ingen,1.0
Forbordvegen 209,13/14/0/0,3715000,70,320000,2280500,1.8,4104,Ingen,1.0
Forbordvegen 183,13/15/0/0,4061000,70,320000,2522700,1.8,4540,Ingen,1.0
Forbordvegen 211,13/16/0/0,2248000,70,320000,1253600,1.8,2256,Ingen,1.0
Tillegg Til Forbordsli 0,13/17/0/0,0,100,0,0,1.8,0,Ingen,1.0
Forbordvegen 215,13/18/0/0,4061000,70,320000,2522700,1.8,4540,Ingen,1.0
Forbordvegen 213,13/19/0/0,3855000,70,320000,2378500,1.8,4281,Ingen,1.0
Forbordvegen 175,13/20/0/0,3071000,70,320000,1829700,1.8,3293,Ingen,1.0
Forbordvegen 199,13/21/0/0,3109000,70,320000,1856300,1.8,3341,Ingen,1.0
Forbordvegen 181,13/22/0/0,3335000,70,320000,2014500,1.8,3626,Ingen,1.0
Tillegg Til Bergheim 0,13/23/0/0,52000,100,0,52000,1.8,93,Ingen,1.0
Forbordvegen 166A,13/24/0/0,3482000,70,320000,2117400,1.8,3811,Ingen,1.0
Forbordvegen 217,13/25/0/0,3715000,70,320000,2280500,1.8,4104,Ingen,1.0
Forbordvegen 197,13/26/0/0,3500000,70,320000,2130000,1.8,3834,Ingen,1.0
Sagtomta 0,13/27/0/0,165000,100,0,165000,1.8,297,Ingen,1.0
Forbordvegen 189,13/28/0/0,3204000,70,320000,1922800,1.8,3461,Ingen,1.0
Tillegg Til Forbordsli 0,13/29/0/0,0,100,0,0,1.8,0,Ingen,1.0
Dammen 0,13/30/0/0,0,100,0,0,4.0,0,Ingen,1.0
Forbordvegen 166B,13/31/0/0,3785000,70,320000,2329500,1.8,4193,Ingen,1.0
Tillegg Til Lunheim 0,13/33/0/0,0,100,0,0,1.8,0,Ingen,1.0
Forbordvegen 170,13/34/0/0,4309000,70,320000,2696300,1.8,4853,Ingen,1.0
Forbordvegen 168,13/35/0/0,4283000,70,320000,2678100,1.8,4820,Ingen,1.0
Forbordvegen 201B,13/36/0/1,4007000,70,320000,2484900,1.8,4472,Ingen,1.0
Forbordvegen 201A,13/36/0/2,3513000,70,320000,2139100,1.8,3850,Ingen,1.0
Forbordvegen 203,13/37/0/0,6284000,70,320000,4078800,1.8,7341,Ingen,1.0
Forbordvegen 219,13/39/0/0,1267000,70,320000,566900,1.8,1020,Ingen,1.0
Forbordvegen 258,14/1/0/0,3472000,70,640000,1790400,1.8,3222,§ 5 h delvis,2.0
Markabygdvegen 571,14/2/0/0,1368000,70,640000,317600,1.8,571,§ 5 h delvis,2.0
Forbordvegen 220,14/3/0/0,5319000,70,320000,3403300,1.8,6125,Ingen,1.0
Forbordvegen 301,14/4/0/0,1853000,70,320000,977100,1.8,1758,§ 5 h delvis,1.0
Sjøvolden 0,14/5/0/0,0,100,0,0,1.8,0,Ingen,1.0
Hestsjøen 22,14/6/0/0,500000,70,320000,30000,1.8,54,Ingen,1.0
Hestsjøen 24,14/7/0/0,203000,70,320000,0,1.8,0,Ingen,1.0
14/8/0/0 0,14/8/0/0,0,70,320000,0,1.8,0,Ingen,1.0
Forbordvegen 229,14/9/0/0,2021000,70,320000,1094700,1.8,1970,Ingen,1.0
Hestsjøen 28,14/10/0/0,326000,70,320000,0,1.8,0,Ingen,1.0
Hestsjøen 20,14/11/0/0,662000,70,320000,143400,1.8,258,Ingen,1.0
Forbordvegen 227,14/12/0/0,3518000,70,320000,2142600,1.8,3856,Ingen,1.0
Hestsjøen 6,14/14/0/0,566000,70,320000,76200,1.8,137,Ingen,1.0
Hestsjøen 2,14/15/0/0,726000,70,320000,188200,1.8,338,Ingen,1.0
Hvilen Ii 0,14/16/0/0,0,100,0,0,1.8,0,Ingen,1.0
Forbordvegen 386,14/17/0/0,3644000,70,320000,2230800,1.8,4015,Ingen,1.0
Hvilen 3 0,14/18/0/0,0,100,0,0,1.8,0,Ingen,1.0
Hestsjøen 5,14/19/0/0,1028000,70,320000,399600,1.8,719,Ingen,1.0
Hestsjøen 4,14/20/0/0,1461000,70,320000,702700,1.8,1264,Ingen,1.0
Hestsjøen 3,14/21/0/0,1092000,70,320000,444400,1.8,799,Ingen,1.0
Hestsjøen 18,14/23/0/0,421000,70,320000,0,1.8,0,Ingen,1.0
Hestsjøen 16,14/24/0/0,536000,70,320000,55200,1.8,99,Ingen,1.0
Hestsjøen 14,14/25/0/0,1144000,70,320000,480800,1.8,865,Ingen,1.0
Forbordvegen 378,14/26/0/0,38000,100,0,38000,1.8,68,§ 5 h delvis,1.0
Hestsjøen 12,14/27/0/0,591000,70,320000,93700,1.8,168,Ingen,1.0
Hestsjøen 11,14/29/0/0,301000,70,320000,0,1.8,0,Ingen,1.0
Hestsjøen 13,14/30/0/0,0,70,320000,0,1.8,0,Ingen,1.0
Hestsjøen 19,14/31/0/0,55000,70,320000,0,1.8,0,Ingen,1.0
Hestsjøen 7,14/32/0/0,827000,70,320000,258900,1.8,466,Ingen,1.0
Hestsjøen 10,14/33/0/0,1117000,70,320000,461900,1.8,831,Ingen,1.0
Hestsjøen 15,14/34/0/0,1467000,70,320000,706900,1.8,1272,Ingen,1.0
Hestsjøen 17,14/35/0/0,1155000,70,320000,488500,1.8,879,Ingen,1.0
Hestsjøen 30,14/36/0/0,708000,70,320000,175600,1.8,316,Ingen,1.0
Hestsjøen 9,14/37/0/0,425000,70,320000,0,1.8,0,Ingen,1.0
Enebo 2 0,14/39/0/0,0,100,0,0,1.8,0,Ingen,1.0
Hestsjøen 1,14/40/0/0,904000,70,320000,312800,1.8,563,Ingen,1.0
Markabygdvegen 616,14/41/0/0,0,100,0,0,1.8,0,Ingen,1.0
Hestsjøen 32,14/42/0/0,638000,70,320000,126600,1.8,227,Ingen,1.0
Hestsjøen 8,14/44/0/0,770000,70,320000,219000,1.8,394,Ingen,1.0
Forbordvegen 384,14/45/0/0,4749000,70,640000,2684300,1.8,4831,Ingen,2.0
Forbordvegen 226,14/46/0/0,4313000,70,320000,2699100,1.8,4858,Ingen,1.0
Forbordvegen 225,14/47/0/0,4395000,70,320000,2756500,1.8,4961,Ingen,1.0
Forbordvegen 284B,14/48/0/0,3430000,70,640000,1761000,1.8,3169,Ingen,2.0
Forbordvegen 284A,14/49/0/0,3089000,70,320000,1842300,1.8,3316,Ingen,1.0
Markabygdvegen 563,14/51/0/0,3838000,70,320000,2366600,1.8,4259,Ingen,1.0
Forbordvegen 240,14/52/0/0,3785000,70,320000,2329500,1.8,4193,Ingen,1.0
Forbordvegen 280,14/53/0/0,3722000,70,320000,2285400,1.8,4113,Ingen,1.0
Forbordvegen 282,14/54/0/0,4780000,70,320000,3026000,1.8,5446,Ingen,1.0
Forbordvegen 228,14/55/0/0,4124000,70,320000,2566800,1.8,4620,Ingen,1.0
Forbordvegen 238,14/56/0/0,4383000,70,320000,2748100,1.8,4946,Ingen,1.0
Forbordvegen 224,14/57/0/0,0,100,0,0,1.8,0,Ingen,1.0
Forbordvegen 286,14/58/0/0,4959000,70,320000,3151300,1.8,5672,Ingen,1.0
Forbordvegen 288,14/59/0/0,5455000,70,320000,3498500,1.8,6297,Ingen,1.0
Markabygdvegen 561,14/64/0/0,2815000,70,320000,1650500,1.8,2970,Ingen,1.0
14/65/0/0 0,14/65/0/0,0,100,0,0,1.8,0,Ingen,1.0
Forbordvegen 300,14/66/0/0,0,100,0,0,1.8,0,Ingen,1.0
Forbordvegen 292,14/67/0/0,7851000,70,640000,4855700,1.8,8740,Ingen,2.0
14/68/0/0 0,14/68/0/0,0,100,0,0,1.8,0,Ingen,1.0
Forbordvegen 388,14/71/0/0,7329000,70,640000,4490300,1.8,8082,Ingen,2.0
Forbordvegen 368,14/72/0/0,0,100,0,0,1.8,0,Ingen,1.0
Forbordvegen 370,14/73/0/0,0,100,0,0,1.8,0,Ingen,1.0
Forbordvegen 372,14/74/0/0,0,100,0,0,1.8,0,Ingen,1.0
Forbordvegen 374,14/75/0/0,0,100,0,0,1.8,0,Ingen,1.0
Forbordvegen 376,14/76/0/0,3411000,70,320000,2067700,1.8,3721,Ingen,1.0
Forbordvegen 378,14/77/0/0,3853000,70,320000,2377100,1.8,4278,Ingen,1.0
Markabygdvegen 386,15/1/0/0,1117000,70,320000,461900,1.8,831,§ 5 h delvis,1.0
Markabygdvegen 540,15/1/0/0,198000,70,320000,0,1.8,0,§ 5 h delvis,1.0
Markabygdvegen 538,15/2/0/0,676000,70,320000,153200,1.8,275,Ingen,1.0
Markabygdvegen 536,15/4/0/0,456000,70,320000,0,1.8,0,Ingen,1.0
Leistadvegen 6,16/1/0/0,2088000,70,640000,821600,1.8,1478,§ 5 h delvis,2.0
Leistadvegen 12,16/2/0/0,2194000,70,960000,575800,1.8,1036,§ 5 h delvis,3.0
Fevold 0,16/3/0/0,0,100,0,0,1.8,0,Ingen,1.0
Leistadvegen 15,16/4/0/0,3959000,70,320000,2451300,1.8,4412,Ingen,1.0
Leistadvegen 13,16/5/0/0,1108000,100,0,1108000,4.0,4432,Ingen,1.0
Tillegg Til 16/4 0,16/6/0/0,241000,100,0,241000,1.8,433,Ingen,1.0
Leistadvegen 14,16/7/0/0,4444000,70,640000,2470800,1.8,4447,Ingen,2.0
Leistad Øvre Vikhamar 0,17/1/0/0,2551000,70,640000,1145700,1.8,2062,§ 5 h delvis,2.0
Vikhammermovegen 5,18/1/0/0,3680000,70,640000,1936000,1.8,3484,Ingen,2.0
Naustmarka 13,18/2/0/0,5037000,70,320000,3205900,1.8,5770,Ingen,1.0
Naustmarka 11,18/5/0/0,8648000,70,320000,5733600,1.8,10320,Ingen,1.0
Naustmarka 15,18/6/0/0,10228000,70,640000,6519600,1.8,11735,Ingen,2.0
Vikhammermovegen 1,19/1/0/0,3005000,70,960000,1143500,1.8,2058,§ 5 h delvis,3.0
Leistadvegen 3,19/3/0/0,2875000,70,320000,1692500,1.8,3046,Ingen,1.0
Leistadvegen 1,19/4/0/0,962000,70,320000,353400,1.8,636,Ingen,1.0
Vikhammermovegen 9,19/7/0/0,405000,70,320000,0,1.8,0,Ingen,1.0
Vikhammerdalen 1,20/1/0/0,1833000,70,320000,963100,1.8,1733,§ 5 h delvis,1.0
Markabygdvegen 99,21/1/0/0,3150000,70,640000,1565000,1.8,2817,§ 5 h delvis,2.0
Markabygdvegen 83,21/2/0/0,9145000,70,640000,5761500,1.8,10370,Ingen,2.0
Aunkleiva 9,21/3/0/0,6171000,70,320000,3999700,1.8,7199,Ingen,1.0
Aunkleiva 8,21/4/0/0,7379000,70,320000,4845300,1.8,8721,Ingen,1.0
Aunkleiva 13,21/5/0/0,5342000,70,320000,3419400,1.8,6154,Ingen,1.0
Aunkleiva 11,21/6/0/0,6891000,70,640000,4183700,1.8,7530,Ingen,2.0
Auntrøa 18,21/7/0/0,4720000,70,640000,2664000,1.8,4795,Ingen,2.0
Aunkleiva 15,21/8/0/0,4195000,70,320000,2616500,1.8,4709,Ingen,1.0
Tillegg til Hokli 0,21/9/0/0,50000,100,0,50000,1.8,90,Ingen,1.0
Auntrøa 1,21/10/0/0,6787000,70,640000,4110900,1.8,7399,Ingen,2.0
Auntrøa 3,21/11/0/0,8150000,70,320000,5385000,1.8,9693,Ingen,1.0
Auntrøa 5,21/12/0/0,0,100,640000,0,1.8,0,Ingen,2.0
Auntrøa 7,21/13/0/0,6993000,70,320000,4575100,1.8,8235,Ingen,1.0
Auntrøa 9,21/14/0/0,4965000,70,320000,3155500,1.8,5679,Ingen,1.0
Auntrøa 16,21/15/0/0,6084000,70,640000,3618800,1.8,6513,Ingen,2.0
Auntrøa 14,21/16/0/0,5108000,70,320000,3255600,1.8,5860,Ingen,1.0
Auntrøa 8,21/17/0/0,8747000,70,640000,5482900,1.8,9869,Ingen,2.0
Auntrøa 12,21/18/0/0,6500000,70,320000,4230000,1.8,7614,Ingen,1.0
Auntrøa 10,21/19/0/0,4772000,70,320000,3020400,1.8,5436,Ingen,1.0
Aunkleiva 2,21/21/0/0,7568000,70,320000,4977600,1.8,8959,Ingen,1.0
Aunkleiva 4B,21/22/0/1,2919000,70,320000,1723300,1.8,3101,Ingen,1.0
Aunkleiva 4C,21/22/0/2,2919000,70,320000,1723300,1.8,3101,Ingen,1.0
Aunkleiva 4A,21/22/0/3,2816000,70,320000,1651200,1.8,2972,Ingen,1.0
Aunkleiva 6B,21/23/0/1,4478000,70,320000,2814600,1.8,5066,Ingen,1.0
Aunkleiva 6A,21/23/0/2,4278000,70,320000,2674600,1.8,4814,Ingen,1.0
Aunkleiva 7B,21/24/0/1,2953000,70,320000,1747100,1.8,3144,Ingen,1.0
Aunkleiva 7C,21/24/0/2,2953000,70,320000,1747100,1.8,3144,Ingen,1.0
Aunkleiva 7A,21/24/0/3,2746000,70,320000,1602200,1.8,2883,Ingen,1.0
Aunkleiva 5B,21/25/0/1,4446000,70,320000,2792200,1.8,5025,Ingen,1.0
Aunkleiva 5C,21/25/0/2,6261000,70,320000,4062700,1.8,7312,Ingen,1.0
Aunkleiva 5A,21/25/0/4,2850000,70,320000,1675000,1.8,3015,Ingen,1.0
Aunkleiva 3,21/26/0/0,7747000,70,320000,5102900,1.8,9185,Ingen,1.0
Aunkleiva 1,21/27/0/0,9862000,70,960000,5943400,1.8,10698,Ingen,3.0
Auntrøa 6,21/29/0/0,8087000,70,640000,5020900,1.8,9037,Ingen,2.0
Auntrøa 4,21/30/0/0,6669000,70,320000,4348300,1.8,7826,Ingen,1.0
Auntrøa 2,21/31/0/0,8616000,70,320000,5711200,1.8,10280,Ingen,1.0
Markabygdvegen 165,22/1/0/0,1676000,70,640000,533200,1.8,959,§ 5 h delvis,2.0
Leistadvegen 7,22/3/0/0,7956000,70,640000,4929200,1.8,8872,Ingen,2.0
Buenget Ii 0,22/6/0/0,0,100,0,0,1.8,0,Ingen,1.0
Tillegg Til Buenget I 0,22/8/0/0,0,100,0,0,1.8,0,Ingen,1.0
Leistadvegen 9,22/9/0/0,2444000,70,320000,1390800,1.8,2503,Ingen,1.0
Markabygdvegen 164,22/12/0/0,2367000,70,320000,1336900,1.8,2406,Ingen,1.0
Markabygdvegen 189,23/1/0/0,2044000,70,640000,790800,1.8,1423,§ 5 h delvis,2.0
Markabygdvegen 1118,23/2/0/0,1435000,70,320000,684500,1.8,1232,§ 5 h delvis,1.0
Elverhøi 0,23/3/0/0,0,100,0,0,4.0,0,Ingen,1.0
Markabygdvegen 1110,23/4/0/0,3222000,70,640000,1615400,1.8,2907,§ 5 h delvis,2.0
Markabygdvegen 271,23/6/0/0,858000,70,320000,280600,1.8,505,§ 5 h delvis,1.0
Markabygdvegen 272,23/10/0/0,3838000,70,320000,2366600,1.8,4259,Ingen,1.0
Markabygdvegen 231,23/11/0/0,0,100,0,0,1.8,0,Ingen,1.0
Markabygdvegen 1114,23/13/0/0,3715000,70,320000,2280500,1.8,4104,Ingen,1.0
Markabygdvegen 365,24/1/0/0,1539000,70,640000,437300,1.8,787,§ 5 h delvis,2.0
Markabygdvegen 1052,24/2/0/0,0,70,320000,0,1.8,0,§ 5 h delvis,1.0
Markabygdvegen 1036,24/3/0/0,0,70,320000,0,1.8,0,§ 5 h delvis,1.0
Markabygdvegen 327,24/4/0/0,4902000,70,320000,3111400,1.8,5600,Ingen,1.0
Markabygdvegen 311,24/6/0/0,2159000,70,320000,1191300,1.8,2144,Ingen,1.0
Kvilvang Ii 0,24/7/0/0,0,100,0,0,1.8,0,Ingen,1.0
Markabygdvegen 1048,24/9/0/0,0,70,320000,0,1.8,0,Ingen,1.0
Trekanten 0,24/11/0/0,0,100,0,0,1.8,0,Ingen,1.0
Fagertun 0,24/12/0/0,0,100,0,0,1.8,0,Ingen,1.0
Torelund 0,24/13/0/0,0,100,0,0,1.8,0,Ingen,1.0
Trøa 0,24/14/0/0,0,100,0,0,1.8,0,Ingen,1.0
Sandbakhei 0,24/15/0/0,0,100,0,0,1.8,0,Ingen,1.0
Vestly 0,24/16/0/0,0,100,0,0,1.8,0,Ingen,1.0
Sandbakken 0,24/17/0/0,0,100,0,0,1.8,0,Ingen,1.0
Nybo 0,24/18/0/0,0,100,0,0,1.8,0,Ingen,1.0
Markabygdvegen 325,24/19/0/0,3890000,70,320000,2403000,1.8,4325,Ingen,1.0
Veggrunn Av Alfheim Ii 0,24/20/0/0,0,100,0,0,1.8,0,Ingen,1.0
24/21/0/0 0,24/21/0/0,0,100,0,0,1.8,0,Ingen,1.0
Markabygdvegen 329,24/22/0/0,4163000,70,320000,2594100,1.8,4669,Ingen,1.0
Markabygdvegen 385,25/1/0/0,2383000,70,960000,708100,1.8,1274,§ 5 h delvis,3.0
Bromsetåsen 40,25/1/4/0,1489000,70,320000,722300,1.8,1300,Ingen,1.0
Bromsetåsen 42,25/1/6/0,0,70,320000,0,1.8,0,Ingen,1.0
Bromsetåsen 44,25/1/7/0,0,70,320000,0,1.8,0,Ingen,1.0
25/1/8/0 0,25/1/8/0,0,100,0,0,1.8,0,Ingen,1.0
Markabygdvegen 375,25/2/0/0,993000,70,640000,55100,1.8,99,§ 5 h delvis,2.0
Markabygdvegen 420,25/3/0/0,1283000,70,640000,258100,1.8,464,§ 5 h delvis,2.0
Sjøvold 0,25/4/0/0,0,100,0,0,1.8,0,Ingen,1.0
Sagvolden 0,25/5/0/0,0,100,0,0,1.8,0,Ingen,1.0
Markabygdvegen 552,25/6/0/0,3029000,70,320000,1800300,1.8,3240,Ingen,1.0
Markabygdvegen 546,25/7/0/0,2895000,70,320000,1706500,1.8,3071,Ingen,1.0
Jensaasen 0,25/8/0/0,36000,100,0,36000,1.8,64,Ingen,1.0
Markabygdvegen 548,25/9/0/0,2875000,70,320000,1692500,1.8,3046,Ingen,1.0
Markabygdvegen 331,25/10/0/0,4427000,70,320000,2778900,1.8,5002,Ingen,1.0
Bromsetåsen 10,25/11/0/0,1685000,70,320000,859500,1.8,1547,Ingen,1.0
Markabygdvegen 547,25/12/0/0,599000,70,320000,99300,1.8,178,Ingen,1.0
Forbordvegen 390,25/13/0/0,2379000,70,320000,1345300,1.8,2421,Ingen,1.0
Markabygdvegen 545,25/15/0/0,383000,70,320000,0,1.8,0,Ingen,1.0
Markabygdvegen 549,25/16/0/0,472000,70,320000,10400,1.8,18,Ingen,1.0
Rygg 0,25/17/0/0,0,100,0,0,1.8,0,Ingen,1.0
Forbordvegen 392,25/20/0/0,3536000,70,320000,2155200,1.8,3879,Ingen,1.0
Borgheim 0,25/23/0/0,0,100,0,0,1.8,0,Ingen,1.0
Markabygdvegen 411,25/24/0/0,3013000,70,320000,1789100,1.8,3220,Ingen,1.0
Bromsetåsen 50,25/26/0/0,3785000,70,320000,2329500,1.8,4193,Ingen,1.0
Markabygdvegen 470,25/27/0/0,4128000,70,960000,1929600,1.8,3473,Ingen,3.0
Bromsetåsen 14,25/28/0/0,5950000,70,640000,3525000,1.8,6345,Ingen,2.0
Rabben 0,25/29/0/0,0,100,0,0,1.8,0,Ingen,1.0
Markabygdvegen 321,25/30/0/0,2875000,70,320000,1692500,1.8,3046,Ingen,1.0
Bromsetåsen 45,25/31/0/0,799000,70,320000,239300,1.8,430,Ingen,1.0
Markabygdvegen 485,25/32/0/0,590000,70,320000,93000,1.8,167,Ingen,1.0
Markabygdvegen 392,25/33/0/0,2815000,70,320000,1650500,1.8,2970,Ingen,1.0
Markabygdvegen 408,25/34/0/0,2570000,70,320000,1479000,1.8,2662,Ingen,1.0
Markabygdvegen 410,25/35/0/0,3768000,70,320000,2317600,1.8,4171,Ingen,1.0
Bromsetåsen 48,25/36/0/0,2674000,70,320000,1551800,1.8,2793,Ingen,1.0
Bromsetåsen 47,25/37/0/0,2397000,70,320000,1357900,1.8,2444,Ingen,1.0
Markabygdvegen 323,25/38/0/0,3662000,70,320000,2243400,1.8,4038,Ingen,1.0
Markabygdvegen 495,25/39/0/0,143000,70,320000,0,1.8,0,Ingen,1.0
Parsell Ii Av Furuheim 0,25/40/0/0,38000,100,0,38000,1.8,68,Ingen,1.0
Markabygdvegen 1015,25/41/0/0,0,70,320000,0,1.8,0,Ingen,1.0
Veggrunn 0,25/42/0/0,0,100,0,0,1.8,0,Ingen,1.0
Heimro I 0,25/43/0/0,62000,100,0,62000,1.8,111,Ingen,1.0
Tillegg Til Bostad Øvre 0,25/44/0/0,0,100,0,0,1.8,0,Ingen,1.0
Markabygdvegen 521,25/45/0/0,918000,70,320000,322600,1.8,580,Ingen,1.0
Markabygdvegen 550,25/46/0/0,1113000,70,320000,459100,1.8,826,Ingen,1.0
Markabygdvegen 364,25/50/0/0,6269000,70,320000,4068300,1.8,7322,Ingen,1.0
Markabygdvegen 901,26/1/0/0,3013000,70,960000,1149100,1.8,2068,§ 5 h delvis,3.0
Markabygdvegen 921,26/2/0/0,2709000,70,640000,1256300,1.8,2261,§ 5 h delvis,2.0
Bromsetåsen 64,26/4/0/0,6239000,70,320000,4047300,1.8,7285,Ingen,1.0
Bromset Østre 0,26/5/0/0,143000,100,0,143000,1.8,257,Ingen,1.0
Markabygdvegen 761,26/6/0/0,529000,70,320000,50300,1.8,90,Ingen,1.0
Bromsetåsen 63,26/7/0/0,3596000,70,320000,2197200,1.8,3954,Ingen,1.0
Bromsetåsen 90,26/8/0/0,4921000,70,640000,2804700,1.8,5048,Ingen,2.0
Bromsetåsen 77,26/9/0/0,1031000,70,320000,401700,1.8,723,Ingen,1.0
Bromsetåsen 79,26/10/0/0,0,70,320000,0,1.8,0,Ingen,1.0
Bromsetåsen 75,26/11/0/0,2204000,70,320000,1222800,1.8,2201,Ingen,1.0
Einhaugen 0,26/12/0/0,0,100,0,0,1.8,0,Ingen,1.0
Bromsetåsen 65,26/14/0/0,4163000,70,320000,2594100,1.8,4669,Ingen,1.0
Bromsetåsen 61,26/15/0/0,236000,70,320000,0,1.8,0,Ingen,1.0
Markabygdvegen 763,26/16/0/0,420000,70,320000,0,1.8,0,Ingen,1.0
Markabygdvegen 765,26/17/0/0,562000,70,320000,73400,1.8,132,Ingen,1.0
Bromsetåsen 100,26/19/0/0,3446000,70,320000,2092200,1.8,3765,Ingen,1.0
Åsheim Ii 0,26/20/0/0,0,100,0,0,1.8,0,Ingen,1.0
Markabygdvegen 795,26/21/0/0,8999000,70,960000,5339300,1.8,9610,Ingen,3.0
26/22/0/0 0,26/22/0/0,0,100,0,0,1.8,0,Ingen,1.0
26/24/0/0 0,26/24/0/0,0,100,0,0,1.8,0,Ingen,1.0
Markabygdvegen 870,27/1/0/0,2350000,70,640000,1005000,1.8,1809,§ 5 h delvis,2.0
Markabygdvegen 876,27/1/2/0,525000,70,320000,47500,1.8,85,Ingen,1.0
Herjuanvegen 151,27/2/0/0,4146000,70,320000,2582200,1.8,4647,Ingen,1.0
Markabygdvegen 878,27/5/0/0,236000,70,320000,0,1.8,0,Ingen,1.0
Herjuanvegen 189,27/7/0/0,3354000,70,320000,2027800,1.8,3650,Ingen,1.0
Markabygdvegen 882,27/8/0/0,373000,70,320000,0,1.8,0,Ingen,1.0
Markabygdvegen 874,27/9/0/0,383000,70,320000,0,1.8,0,Ingen,1.0
Herjuanvegen 22,33/1/0/0,1499000,70,320000,729300,1.8,1312,§ 5 h delvis,1.0
Herjuanvegen 33,33/2/0/0,1834000,70,320000,963800,1.8,1734,§ 5 h delvis,1.0
Herjuanvegen 33,33/2/0/0,579000,100,0,579000,4.0,2316,§ 5 h delvis,1.0
Markabygdvegen 714,33/3/0/0,2228000,70,640000,919600,1.8,1655,§ 5 h delvis,2.0
Herjuvatnet 12,33/5/0/0,60000,100,0,60000,1.8,108,Ingen,1.0
Herjuanvegen 91,33/6/0/0,2230000,70,640000,921000,1.8,1657,§ 5 h delvis,2.0
Herjuvatnet 10,33/7/0/0,486000,70,320000,20200,1.8,36,Ingen,1.0
Herjuvatnet 14,33/8/0/0,792000,70,320000,234400,1.8,421,Ingen,1.0
Herjuanvegen 166,33/9/0/0,164000,70,320000,0,1.8,0,Ingen,1.0
Herjuanvegen 88,33/10/0/0,0,70,320000,0,1.8,0,Ingen,1.0
Markabygdvegen 720,33/11/0/0,497000,70,320000,27900,1.8,50,Ingen,1.0
Tillegg Til Tuftheim 0,33/12/0/0,0,100,0,0,1.8,0,Ingen,1.0
Herjuvatnet 16,33/13/0/0,540000,70,320000,58000,1.8,104,Ingen,1.0
Herjuvatnet 6,33/14/0/0,457000,70,320000,0,1.8,0,Ingen,1.0
Herjuanvegen 30,33/15/0/0,764000,70,320000,214800,1.8,386,Ingen,1.0
Herjuanvegen 34,33/16/0/0,108000,70,320000,0,1.8,0,Ingen,1.0
Herjuvatnet 8,33/17/0/0,510000,70,320000,37000,1.8,66,Ingen,1.0
Herjuanvegen 154,33/19/0/0,1341000,70,320000,618700,1.8,1113,Ingen,1.0
Herjuanvegen 152,33/20/0/0,1189000,70,320000,512300,1.8,922,Ingen,1.0
Herjuanvegen 164,33/21/0/0,717000,70,320000,181900,1.8,327,Ingen,1.0
Herjuanvegen 140,33/22/0/0,3803000,70,320000,2342100,1.8,4215,Ingen,1.0
Herjuanvegen 36,33/23/0/0,347000,70,320000,0,1.8,0,Ingen,1.0
Herjuanvegen 142,33/27/0/0,777000,70,320000,223900,1.8,403,Ingen,1.0
Herjuanvegen 144,33/28/0/0,1548000,70,320000,763600,1.8,1374,Ingen,1.0
Herjuanvegen 134,33/29/0/0,787000,70,320000,230900,1.8,415,Ingen,1.0
Herjuanvegen 162,33/30/0/0,625000,70,320000,117500,1.8,211,Ingen,1.0
Herjuanvegen 160,33/31/0/0,709000,70,320000,176300,1.8,317,Ingen,1.0
Herjuanvegen 158,33/32/0/0,644000,70,320000,130800,1.8,235,Ingen,1.0
Markabygdvegen 697,33/33/0/0,3051000,70,320000,1815700,1.8,3268,Ingen,1.0
Herjuanvegen 61,33/34/0/0,3261000,70,320000,1962700,1.8,3532,Ingen,1.0
Herjuanvegen 146,33/35/0/0,279000,70,320000,0,1.8,0,Ingen,1.0
Herjuanvegen 148,33/36/0/0,629000,70,320000,120300,1.8,216,Ingen,1.0
Markabygdvegen 793,33/37/0/0,4605000,70,640000,2583500,1.8,4650,Ingen,2.0
Herjuanvegen 86,33/38/0/0,2795000,70,320000,1636500,1.8,2945,Ingen,1.0
Herjuvatnet 4,33/39/0/0,691000,70,320000,163700,1.8,294,Ingen,1.0
Tillegg Til Utsikten 0,33/40/0/0,0,100,0,0,1.8,0,Ingen,1.0
Herjuanvegen 66,33/41/0/0,2674000,70,320000,1551800,1.8,2793,Ingen,1.0
Tillegg Til Granmoen Ii 0,33/42/0/0,0,100,0,0,1.8,0,Ingen,1.0
Tillegg Til Granmoen Ii 0,33/43/0/0,0,100,0,0,1.8,0,Ingen,1.0
Tillegg Til Granmoen Iv 0,33/44/0/0,0,100,0,0,1.8,0,Ingen,1.0
Tillegg Til Granmoen V 0,33/45/0/0,0,100,0,0,1.8,0,Ingen,1.0
Markabygdvegen 700,33/46/0/0,393000,100,0,393000,1.8,707,Ingen,1.0
Tillegg Til Hushaugen 0,33/47/0/0,0,100,0,0,1.8,0,Ingen,1.0
Herjuanvegen 32,33/48/0/0,882000,70,320000,297400,1.8,535,Ingen,1.0
Herjuanvegen 150,33/49/0/0,357000,70,320000,0,1.8,0,Ingen,1.0
Herjuanvegen 156,33/50/0/0,873000,70,320000,291100,1.8,523,Ingen,1.0
Herjuanvegen 76,33/51/0/0,0,100,0,0,1.8,0,Ingen,1.0
Markabygdvegen 690,33/52/0/0,773000,70,320000,221100,1.8,397,Ingen,1.0
Markabygdvegen 791,33/53/0/0,3150000,70,320000,1885000,1.8,3393,Ingen,1.0
Markabygdvegen 703,34/1/0/0,2431000,70,640000,1061700,1.8,1911,§ 5 h delvis,2.0
Hønstadvegen 147,34/1/3/0,252000,70,320000,0,1.8,0,Ingen,1.0
Trøen 0,34/2/0/0,0,100,0,0,1.8,0,Ingen,1.0
Buaasstykket 0,34/3/0/0,0,100,0,0,1.8,0,Ingen,1.0
Vasstrøa 0,34/4/0/0,0,100,0,0,1.8,0,Ingen,1.0
Hønstadvegen 207,34/5/0/0,1227000,70,320000,538900,1.8,970,§ 5 h delvis,1.0
Markabygdvegen 710,34/6/0/0,1053000,70,640000,97100,1.8,174,Ingen,2.0
Hønstadvegen 149,34/7/0/0,459000,70,320000,1300,1.8,2,Ingen,1.0
Markabygdvegen 701,34/8/0/0,326000,70,320000,0,1.8,0,Ingen,1.0
Markabygdvegen 712,34/9/0/0,1059000,70,320000,421300,1.8,758,Ingen,1.0
35/1/0/0 0,35/1/0/0,0,100,0,0,4.0,0,Ingen,1.0
Hønstadvegen 145,35/1/2/0,298000,70,320000,0,1.8,0,Ingen,1.0
Hønstadvegen 31,35/2/0/0,2200000,70,640000,900000,1.8,1620,§ 5 h delvis,2.0
Hønstadvegen 60,35/3/0/0,629000,70,320000,120300,1.8,216,§ 5 h delvis,1.0
Vassås 0,35/4/0/0,0,100,0,0,1.8,0,Ingen,1.0
Damtjernet 0,35/5/0/0,0,100,0,0,1.8,0,Ingen,1.0
Hønstadvegen 28A,35/6/0/0,2329000,70,640000,990300,1.8,1782,§ 5 h delvis,2.0
Oppsjøen 4,35/7/0/0,303000,70,320000,0,1.8,0,Ingen,1.0
Hønstadvegen 23,35/8/0/0,1026000,70,320000,398200,1.8,716,Ingen,1.0
Trollhaugen 2 0,35/10/0/0,612000,70,320000,108400,1.8,195,Ingen,1.0
Hønstadvegen 58,35/11/0/0,788000,70,320000,231600,1.8,416,Ingen,1.0
Oppsjøen 8,35/12/0/0,1386000,70,320000,650200,1.8,1170,Ingen,1.0
Markabygdvegen 686,35/14/0/0,1225000,70,320000,537500,1.8,967,Ingen,1.0
Oppsjøen 12,35/15/0/0,850000,70,320000,275000,1.8,495,Ingen,1.0
Oppsjøen 14,35/16/0/0,346000,70,320000,0,1.8,0,Ingen,1.0
Hønstadvegen 52,35/17/0/0,0,70,320000,0,1.8,0,Ingen,1.0
Hønstadvegen 62,35/18/0/0,1179000,70,320000,505300,1.8,909,Ingen,1.0
Markabygdvegen 688,35/19/0/0,1106000,70,320000,454200,1.8,817,Ingen,1.0
Markabygdvegen 684,35/20/0/0,810000,70,320000,247000,1.8,444,Ingen,1.0
Vikhammer 0,35/25/0/0,0,100,0,0,1.8,0,Ingen,1.0
Hønstadvegen 50,35/26/0/0,362000,70,320000,0,1.8,0,Ingen,1.0
Hønstadvegen 76,35/27/0/0,803000,70,320000,242100,1.8,435,Ingen,1.0
Hønstadvegen 81,35/28/0/0,912000,70,320000,318400,1.8,573,Ingen,1.0
Hønstadvegen 83,35/29/0/0,631000,70,320000,121700,1.8,219,Ingen,1.0
Markabygdvegen 651,35/30/0/0,370000,70,320000,0,1.8,0,Ingen,1.0
Hønstadvegen 70,35/31/0/0,64000,100,0,64000,1.8,115,Ingen,1.0
Hønstadvegen 72,35/32/0/0,1227000,70,320000,538900,1.8,970,Ingen,1.0
Hønstadvegen 79,35/33/0/0,553000,70,320000,67100,1.8,120,Ingen,1.0
Markabygdvegen 692,35/34/0/0,2847000,70,320000,1672900,1.8,3011,Ingen,1.0
Hønstadvegen 85,35/35/0/0,617000,70,320000,111900,1.8,201,Ingen,1.0
Hønstadvegen 64,35/36/0/0,1412000,70,320000,668400,1.8,1203,Ingen,1.0
Markabygdvegen 625,35/37/0/0,518000,70,320000,42600,1.8,76,Ingen,1.0
Hønstadvegen 87,35/38/0/0,718000,70,320000,182600,1.8,328,Ingen,1.0
Markabygdvegen 696,35/39/0/0,759000,70,320000,211300,1.8,380,Ingen,1.0
Markabygdvegen 680,35/40/0/0,635000,70,320000,124500,1.8,224,Ingen,1.0
Hønstadvegen 74,35/41/0/0,475000,70,320000,12500,1.8,22,Ingen,1.0
Oppsjøen 6,35/42/0/0,460000,70,320000,2000,1.8,3,Ingen,1.0
Hønstadvegen 27,35/43/0/0,756000,70,320000,209200,1.8,376,Ingen,1.0
Hønstadvegen 29,35/44/0/0,596000,70,320000,97200,1.8,174,Ingen,1.0
Hønstadvegen 45,35/45/0/1,2871000,70,320000,1689700,1.8,3041,Ingen,1.0
Hønstadvegen 45,35/45/0/2,3684000,70,320000,2258800,1.8,4065,Ingen,1.0
Markabygdvegen 694,35/46/0/0,1089000,70,320000,442300,1.8,796,Ingen,1.0
Hønstadvegen 68,35/47/0/0,2074000,70,320000,1131800,1.8,2037,Ingen,1.0
Hønstadvegen 18,35/48/0/0,0,100,0,0,4.0,0,Ingen,1.0
Markabygdvegen 681,35/49/0/0,772000,70,320000,220400,1.8,396,Ingen,1.0
Hønstad Transformatorstasjon I 0,35/52/0/0,0,100,0,0,1.8,0,Ingen,1.0
Oppsjøen 10,35/53/0/0,583000,70,320000,88100,1.8,158,Ingen,1.0
Markabygdvegen 685,35/55/0/0,1022000,70,320000,395400,1.8,711,Ingen,1.0
Hønstadvegen 25,35/56/0/0,3751000,70,320000,2305700,1.8,4150,Ingen,1.0
Markabygdvegen 653,35/57/0/0,674000,70,320000,151800,1.8,273,Ingen,1.0
Markabygdvegen 682,35/58/0/0,101000,70,320000,0,1.8,0,Ingen,1.0
Markabygdvegen 683,35/59/0/0,482000,70,320000,17400,1.8,31,Ingen,1.0
Hønstadvegen 26,35/60/0/0,502000,70,320000,31400,1.8,56,Ingen,1.0
Hønstadvegen 89,35/62/0/0,543000,70,320000,60100,1.8,108,Ingen,1.0
Hasetvegen 278,36/1/0/0,2691000,70,960000,923700,1.8,1662,§ 5 h delvis,3.0
Hasetvegen 297,36/2/0/0,591000,70,320000,93700,1.8,168,§ 5 h delvis,1.0
Oppsjøen 2,36/3/0/0,920000,70,320000,324000,1.8,583,Ingen,1.0
Malvik 0,36/4/0/0,3768000,70,320000,2317600,1.8,4171,Ingen,1.0
Vikhamar 0,36/6/0/0,3051000,70,320000,1815700,1.8,3268,Ingen,1.0
Haset 0,36/7/0/0,3890000,70,320000,2403000,1.8,4325,Ingen,1.0
Oppsjøen 18,36/8/0/0,503000,70,320000,32100,1.8,57,Ingen,1.0
Oppsjøen 16,36/9/0/0,470000,70,320000,9000,1.8,16,Ingen,1.0
Forbordvegen 310,37/1/0/0,1443000,70,640000,370100,1.8,666,§ 5 h delvis,2.0
Forbordvegen 320,37/3/0/0,1174000,70,320000,501800,1.8,903,Ingen,1.0
Forbordvegen 294,37/4/0/0,8374000,70,320000,5541800,1.8,9975,Ingen,1.0
Forbordvegen 380,37/5/0/0,3715000,70,320000,2280500,1.8,4104,Ingen,1.0
Forbordvegen 298,37/6/0/0,3880000,70,320000,2396000,1.8,4312,Ingen,1.0
Forbordvegen 360,38/1/0/0,3251000,70,640000,1635700,1.8,2944,§ 5 h delvis,2.0
Skjenstadvegen 6,38/2/0/0,2674000,70,640000,1231800,1.8,2217,Ingen,2.0
Forbordvegen 332,38/7/0/0,3572000,70,320000,2180400,1.8,3924,Ingen,1.0
Forbordvegen 348,38/8/0/0,7914000,70,320000,5219800,1.8,9395,Ingen,1.0
Forbordvegen 350,38/9/0/0,3446000,70,320000,2092200,1.8,3765,Ingen,1.0
Forbordvegen 354,38/10/0/0,8421000,70,320000,5574700,1.8,10034,Ingen,1.0
Forbordvegen 352,38/11/0/0,3261000,70,320000,1962700,1.8,3532,Ingen,1.0
Forbordvegen 330A,38/12/0/3,3078000,70,320000,1834600,1.8,3302,Ingen,1.0
Forbordvegen 330B,38/12/0/4,3259000,70,320000,1961300,1.8,3530,Ingen,1.0
Forbordvegen 326,38/13/0/0,2954000,70,320000,1747800,1.8,3146,Ingen,1.0
Vikhamar 0,38/14/0/0,4411000,70,640000,2447700,1.8,4405,Ingen,2.0
Skjenstadvegen 2,38/15/0/0,3996000,100,0,3996000,4.0,15984,Ingen,1.0
38/17/0/0 0,38/17/0/0,6815000,70,320000,4450500,1.8,8010,Ingen,1.0
Forbordvegen 334,38/18/0/0,11820000,70,320000,7954000,1.8,14317,Ingen,1.0
Engan Vikhamar 0,39/1/0/0,2761000,70,1280000,652700,1.8,1174,§ 5 h delvis,4.0
Vikhamar 0,39/2/0/0,2735000,70,320000,1594500,1.8,2870,Ingen,1.0
Haset 0,39/3/0/0,4279000,70,320000,2675300,1.8,4815,Ingen,1.0
Hasetvegen 250,39/4/0/0,6362000,70,320000,4133400,1.8,7440,Ingen,1.0
39/5/0/0 0,39/5/0/0,7977000,70,320000,5263900,1.8,9475,Ingen,1.0
Vuluvegen 91,40/1/0/0,3494000,70,640000,1805800,1.8,3250,§ 5 h delvis,2.0
Vuluvegen 109,40/2/0/0,3135000,70,960000,1234500,1.8,2222,§ 5 h delvis,3.0
Kårhus-Vulluvegen 0,40/6/0/0,1624000,70,640000,496800,1.8,894,§ 5 h delvis,2.0
Evavolden 0,40/11/0/0,197000,70,320000,0,1.8,0,Ingen,1.0
Brannlivegen 5,40/13/0/0,512000,70,320000,38400,1.8,69,Ingen,1.0
Vuluvegen 61B,40/14/0/0,5358000,70,320000,3430600,1.8,6175,Ingen,1.0
Vuluvegen 69,40/15/0/0,5045000,70,640000,2891500,1.8,5204,Ingen,2.0
Vuluvegen 68,40/16/0/0,4313000,70,320000,2699100,1.8,4858,Ingen,1.0
Østermyra 0,40/17/0/0,0,100,0,0,1.8,0,Ingen,1.0
Vuluvegen 71A,40/18/0/0,2549000,70,320000,1464300,1.8,2635,Ingen,1.0
Vuluvegen 67,40/19/0/0,3803000,70,320000,2342100,1.8,4215,Ingen,1.0
Vuluvegen 115,40/20/0/0,3924000,70,320000,2426800,1.8,4368,Ingen,1.0
Vuluvegen 0,40/21/0/0,3518000,70,320000,2142600,1.8,3856,Ingen,1.0
Vuluvegen 77,40/23/0/0,4573000,70,320000,2881100,1.8,5185,Ingen,1.0
Tillegg Til Daggry 0,40/24/0/0,0,100,0,0,1.8,0,Ingen,1.0
Vuluvegen 65,40/25/0/0,3644000,70,320000,2230800,1.8,4015,Ingen,1.0
Fagertun Ii 0,40/26/0/0,0,100,0,0,1.8,0,Ingen,1.0
Vuluvegen 73,40/27/0/0,4255000,70,320000,2658500,1.8,4785,Ingen,1.0
Vuluvegen 75B,40/28/0/0,3500000,70,320000,2130000,1.8,3834,Ingen,1.0
Vuluvegen 71B,40/29/0/0,4573000,70,320000,2881100,1.8,5185,Ingen,1.0
Tillegg Til Vuluryggen 0,40/30/0/0,361000,100,0,361000,1.8,649,Ingen,1.0
Vuluvegen 94,40/32/0/0,4341000,70,320000,2718700,1.8,4893,Ingen,1.0
40/33/0/0 0,40/33/0/0,0,100,0,0,1.8,0,Ingen,1.0
Vuluvegen 61A,40/34/0/0,5628000,70,640000,3299600,1.8,5939,Ingen,2.0
40/35/0/0 0,40/35/0/0,0,100,0,0,1.8,0,Ingen,1.0
Vuluvegen 96,40/36/0/0,9379000,70,640000,5925300,1.8,10665,Ingen,2.0
Vuluvegen 75A,40/37/0/0,6010000,70,320000,3887000,1.8,6996,Ingen,1.0
Møllevegen 1,41/1/0/0,4953000,70,320000,3147100,1.8,5664,Ingen,1.0
Torp 0,41/2/0/0,1391000,70,320000,653700,1.8,1176,§ 5 h delvis,1.0
Torpaunet A 0,41/3/0/0,380000,100,0,380000,1.8,684,Ingen,1.0
Vuluvegen 22,42/1/0/0,4690000,70,320000,2963000,1.8,5333,§ 5 h delvis,1.0
Skansenvegen 2,42/2/0/0,6619000,70,320000,4313300,1.8,7763,Ingen,1.0
Skansenvegen 22,42/3/0/0,3768000,70,1280000,1357600,1.8,2443,Ingen,4.0
Storsandan 0,42/4/0/0,0,100,0,0,1.8,0,Ingen,1.0
Sandviken 0,42/6/0/0,76000,100,0,76000,1.8,136,Ingen,1.0
Vuluvegen 57,42/8/0/0,1892000,70,640000,684400,1.8,1231,§ 5 h delvis,2.0
Nyheim 0,42/9/0/0,0,100,0,0,1.8,0,Ingen,1.0
Vuluvegen 41,42/10/0/0,1850000,70,320000,975000,1.8,1755,§ 5 h delvis,1.0
Sommervold 0,42/12/0/0,0,100,0,0,1.8,0,Ingen,1.0
Vuluvegen 46,42/13/0/0,4168000,70,320000,2597600,1.8,4675,Ingen,1.0
Vuluvegen 107,42/15/0/0,1386000,70,320000,650200,1.8,1170,Ingen,1.0
Storsandvegen 2,42/16/0/0,1522000,70,320000,745400,1.8,1341,Ingen,1.0
Sandfoten 0,42/18/0/0,1587000,100,0,1587000,4.0,6348,Ingen,1.0
Malvikvegen 773,42/19/0/0,3482000,70,320000,2117400,1.8,3811,Ingen,1.0
Vuluvegen 63,42/20/0/0,632000,70,320000,122400,1.8,220,Ingen,1.0
Midtsandvegen 4,42/21/0/0,1708000,70,320000,875600,1.8,1576,Ingen,1.0
Sagelvvegen 6,42/22/0/0,3662000,70,320000,2243400,1.8,4038,Ingen,1.0
Skansenvegen 5,42/23/0/0,3223000,70,320000,1936100,1.8,3484,Ingen,1.0
Midtsandvegen 12,42/26/0/0,16043000,100,0,16043000,4.0,64172,Ingen,1.0
Vuluvegen 48,42/27/0/0,0,100,0,0,1.8,0,Ingen,1.0
Skansenvegen 18,42/28/0/0,1495000,70,320000,726500,1.8,1307,Ingen,1.0
Sagelvvegen 2,42/30/0/0,3446000,70,320000,2092200,1.8,3765,Ingen,1.0
Storsandvegen 7,42/31/0/0,1453000,70,320000,697100,1.8,1254,Ingen,1.0
Storsandvegen 9,42/32/0/0,1697000,70,320000,867900,1.8,1562,Ingen,1.0
Malvikvegen 755A,42/33/0/1,4647000,70,320000,2932900,1.8,5279,Ingen,1.0
Malvikvegen 755B,42/33/0/2,4662000,70,320000,2943400,1.8,5298,Ingen,1.0
Skansenvegen 7,42/35/0/0,3185000,70,320000,1909500,1.8,3437,Ingen,1.0
Midtsandvegen 10,42/36/0/0,1698000,100,0,1698000,4.0,6792,Ingen,1.0
Vuluvegen 1,42/37/0/0,3166000,70,320000,1896200,1.8,3413,Ingen,1.0
Vuluvegen 5,42/38/0/0,2775000,70,320000,1622500,1.8,2920,Ingen,1.0
Vuluvegen 3,42/39/0/0,3391000,70,320000,2053700,1.8,3696,Ingen,1.0
Malvikvegen 751,42/40/0/0,2181000,70,320000,1206700,1.8,2172,Ingen,1.0
Vuluvegen 43,42/41/0/0,3518000,70,640000,1822600,1.8,3280,Ingen,2.0
Bukta Iii 0,42/43/0/0,0,100,0,0,1.8,0,Ingen,1.0
Vuluvegen 7,42/44/0/0,3228000,70,320000,1939600,1.8,3491,Ingen,1.0
Vuluvegen 23,42/48/0/0,3924000,70,320000,2426800,1.8,4368,Ingen,1.0
Malvikvegen 771,42/49/0/0,3427000,70,320000,2078900,1.8,3742,Ingen,1.0
Sagelvvegen 4,42/50/0/0,3873000,70,320000,2391100,1.8,4303,Ingen,1.0
Malvikvegen 680,42/51/0/0,3750000,70,320000,2305000,1.8,4149,Ingen,1.0
Vuluvegen 25,42/52/0/0,4605000,70,320000,2903500,1.8,5226,Ingen,1.0
Vuluvegen 29,42/54/0/0,5513000,70,320000,3539100,1.8,6370,Ingen,1.0
Vuluvegen 31,42/55/0/0,3785000,70,640000,2009500,1.8,3617,Ingen,2.0
Vuluvegen 35,42/56/0/0,3051000,70,320000,1815700,1.8,3268,Ingen,1.0
Vuluvegen 33,42/57/0/0,3185000,70,320000,1909500,1.8,3437,Ingen,1.0
Parsell  17 0,42/60/0/0,0,100,0,0,1.8,0,Ingen,1.0
Vuluvegen 45,42/63/0/0,3554000,70,320000,2167800,1.8,3902,Ingen,1.0
Midtsand Ii 0,42/66/0/0,0,100,0,0,1.8,0,Ingen,1.0
Sagelvvegen 7,42/68/0/0,3680000,70,320000,2256000,1.8,4060,Ingen,1.0
Vuluvegen 58,42/69/0/0,3959000,70,640000,2131300,1.8,3836,Ingen,2.0
Vuluvegen 9,42/70/0/0,3611000,70,320000,2207700,1.8,3973,Ingen,1.0
Tillegg Til Vesletun 0,42/71/0/0,0,100,0,0,1.8,0,Ingen,1.0
Tillegg Til Lykkebo 0,42/72/0/0,0,100,0,0,1.8,0,Ingen,1.0
Malvikvegen 753,42/73/0/0,5834000,70,320000,3763800,1.8,6774,Ingen,1.0
Storsandvegen 5,42/75/0/0,6280000,100,0,6280000,4.0,25120,Ingen,1.0
Vuluvegen 20,42/76/0/0,16807000,70,320000,11444900,1.8,20600,Ingen,1.0
Sagelvvegen 12 0,42/79/0/0,0,100,0,0,1.8,0,Ingen,1.0
Kråa 0,42/84/0/0,0,100,0,0,1.8,0,Ingen,1.0
Storsandtunet 0,42/88/0/0,2838000,100,0,2838000,4.0,11352,Ingen,1.0
Parsell Av Storsandan 0,42/89/0/0,0,100,0,0,1.8,0,Ingen,1.0
Midtsandvegen 8,42/90/0/0,2507000,70,320000,1434900,1.8,2582,Ingen,1.0
Midtsandvegen 6,42/91/0/0,4479000,70,320000,2815300,1.8,5067,Ingen,1.0
Skansenvegen 6,42/93/0/0,5089000,70,320000,3242300,1.8,5836,Ingen,1.0
Skansenvegen 8,42/94/0/0,5089000,70,320000,3242300,1.8,5836,Ingen,1.0
Malvikvegen 682,42/95/0/0,6421000,70,320000,4174700,1.8,7514,Ingen,1.0
Skansenvegen 4,42/96/0/0,0,100,0,0,1.8,0,Ingen,1.0
Skansenvegen 10,42/98/0/0,5815000,70,320000,3750500,1.8,6750,Ingen,1.0
Skansenvegen 4A,42/106/0/0,4128000,70,320000,2569600,1.8,4625,Ingen,1.0
Skansenvegen 4B,42/107/0/0,4095000,70,320000,2546500,1.8,4583,Ingen,1.0
Malvikvegen 801,43/1/0/0,1389000,70,320000,652300,1.8,1174,§ 5 h delvis,1.0
Malvikvegen 813,43/2/0/0,4129000,70,320000,2570300,1.8,4626,Ingen,1.0
Midtsandtrø 0,43/3/0/0,0,100,0,0,1.8,0,Ingen,1.0
Malvikvegen 817,43/6/0/0,4780000,70,320000,3026000,1.8,5446,Ingen,1.0
Malvikvegen 805,43/7/0/0,2815000,70,320000,1650500,1.8,2970,Ingen,1.0
Malvikvegen 811,43/9/0/0,2570000,70,320000,1479000,1.8,2662,Ingen,1.0
Malvikvegen 809,43/10/0/0,7530000,70,320000,4951000,1.8,8911,Ingen,1.0
Malvikvegen 807C,43/11/0/0,5760000,70,320000,3712000,1.8,6681,Ingen,1.0
Malvikvegen 807B,43/12/0/0,5798000,70,640000,3418600,1.8,6153,Ingen,2.0
Malvikvegen 819,43/13/0/0,3391000,70,320000,2053700,1.8,3696,Ingen,1.0
Malvikvegen 807,43/14/0/0,3608000,70,320000,2205600,1.8,3970,Ingen,1.0
Malvikvegen 815,43/17/0/0,3427000,70,320000,2078900,1.8,3742,Ingen,1.0
Malvikvegen 803,43/18/0/0,2775000,70,320000,1622500,1.8,2920,Ingen,1.0
Malvikvegen 821,43/19/0/0,3873000,70,320000,2391100,1.8,4303,Ingen,1.0
Vuluvegen 273,43/21/0/0,3479000,100,0,3479000,4.0,13916,Ingen,1.0
Vuluvegen 265,43/22/0/0,15201000,100,0,15201000,4.0,60804,Ingen,1.0
Vuluvegen 263,43/29/0/0,15400000,100,0,15400000,4.0,61600,Ingen,1.0
Svedalsvegen 1,44/1/0/0,3004000,70,640000,1462800,1.8,2633,§ 5 h delvis,2.0
Svedalsvegen 1,44/1/0/0,1358000,100,0,1358000,4.0,5432,§ 5 h delvis,1.0
44/1/3/0 0,44/1/3/0,2133000,100,0,2133000,4.0,8532,Ingen,1.0
Søre Svedalen 0,44/2/0/0,0,100,0,0,1.8,0,Ingen,1.0
Svedalsvegen 42,44/3/0/0,2445000,70,320000,1391500,1.8,2504,§ 5 h delvis,1.0
Svedalsvegen 41,44/5/0/0,4313000,70,320000,2699100,1.8,4858,Ingen,1.0
Midtsandvegen 17,44/6/0/0,4650000,70,640000,2615000,1.8,4707,Ingen,2.0
Svedalsvegen 19,44/7/0/0,5365000,70,640000,3115500,1.8,5607,Ingen,2.0
Svedalsvegen 13,44/10/0/0,2674000,70,320000,1551800,1.8,2793,Ingen,1.0
Midtsandvegen 22,44/11/0/0,869000,70,320000,288300,1.8,518,Ingen,1.0
Svedalsvegen 22,44/13/0/0,4195000,70,320000,2616500,1.8,4709,Ingen,1.0
Svedalsvegen 24,44/14/0/0,5526000,70,640000,3228200,1.8,5810,Ingen,2.0
Svedalsvegen 14,44/16/0/0,4965000,70,320000,3155500,1.8,5679,Ingen,1.0
Svedalsvegen 16,44/17/0/0,8292000,70,640000,5164400,1.8,9295,Ingen,2.0
Svedalsvegen 28,44/18/0/0,892000,70,320000,304400,1.8,547,Ingen,1.0
Svedalsvegen 11,44/19/0/0,2795000,70,320000,1636500,1.8,2945,Ingen,1.0
Haugsjå 0,44/20/0/0,0,100,0,0,1.8,0,Ingen,1.0
Vuluvegen 329,44/25/0/0,375000,70,320000,0,1.8,0,Ingen,1.0
Svedalsvegen 9,44/26/0/0,362000,70,320000,0,1.8,0,Ingen,1.0
Midtsandvegen 13,44/27/0/0,3608000,70,320000,2205600,1.8,3970,Ingen,1.0
Svedalsvegen 33,44/29/0/0,3733000,70,320000,2293100,1.8,4127,Ingen,1.0
Malvikvegen 841,44/30/0/0,3826000,70,320000,2358200,1.8,4244,Ingen,1.0
Midtsandvegen 15,44/33/0/0,3553000,70,320000,2167100,1.8,3900,Ingen,1.0
Svedalsvegen 18,44/34/0/0,4893000,70,320000,3105100,1.8,5589,Ingen,1.0
Svedalsvegen 32,44/36/0/0,3813000,70,320000,2349100,1.8,4228,Ingen,1.0
Svedalsvegen 38,44/37/0/0,2694000,70,320000,1565800,1.8,2818,Ingen,1.0
Svedalsvegen 25,44/38/0/0,4600000,70,320000,2900000,1.8,5220,Ingen,1.0
Svedalsvegen 31,44/39/0/0,4124000,70,320000,2566800,1.8,4620,Ingen,1.0
Svedalsvegen 29,44/40/0/0,4112000,70,320000,2558400,1.8,4605,Ingen,1.0
Tillegg Til Bakketun 0,44/41/0/0,0,100,0,0,1.8,0,Ingen,1.0
Tillegg Til Bekkeli 0,44/43/0/0,0,100,0,0,1.8,0,Ingen,1.0
Veggrunn I 0,44/45/0/0,0,100,0,0,1.8,0,Ingen,1.0
Veggrunn Ii 0,44/46/0/0,0,100,0,0,1.8,0,Ingen,1.0
Svedalsvegen 23,44/47/0/0,5061000,70,320000,3222700,1.8,5800,Ingen,1.0
Svedalsvegen 30,44/48/0/0,6344000,70,320000,4120800,1.8,7417,Ingen,1.0
Tillegg Til Skogly 0,44/53/0/0,0,100,0,0,1.8,0,Ingen,1.0
Svedalsvegen 35,44/57/0/0,4027000,70,320000,2498900,1.8,4498,Ingen,1.0
Svedalsvegen 37,44/58/0/0,4843000,70,320000,3070100,1.8,5526,Ingen,1.0
Tillegg Til 44/40 0,44/60/0/0,525000,100,0,525000,1.8,945,Ingen,1.0
Vuluvegen 325,44/65/0/0,45091000,100,0,45091000,4.0,180364,Ingen,1.0
Vuluvegen 331,44/66/0/0,35534000,100,0,35534000,4.0,142136,Ingen,1.0
Vuluvegen 301,44/69/0/0,46907000,100,0,46907000,4.0,187628,Ingen,1.0
Malvik 0,45/1/0/0,1607000,70,320000,804900,1.8,1448,§ 5 h delvis,1.0
45/6/0/0 0,45/6/0/0,0,100,0,0,4.0,0,Ingen,1.0
Vuluvegen 335,45/7/0/0,11825000,100,0,11825000,4.0,47300,Ingen,1.0
Vuluvegen 337,45/8/0/0,8980000,100,0,8980000,4.0,35920,Ingen,1.0
Vuluvegen 339,45/9/0/0,0,100,0,0,1.8,0,Ingen,1.0
Vuluvegen 341,45/10/0/0,21786000,100,0,21786000,4.0,87144,Ingen,1.0
Vuluvegen 349,45/11/0/0,37857000,100,0,37857000,4.0,151428,Ingen,1.0
Malvikvegen 883,46/1/0/0,2489000,70,640000,1102300,1.8,1984,§ 5 h delvis,2.0
Smiskaret 75C,46/4/0/0,3386000,70,1280000,1090200,1.8,1962,§ 5 h delvis,4.0
Smiskaret 75A,46/4/0/0,1125000,100,0,1125000,4.0,4500,§ 5 h delvis,1.0
Midtsandvegen 29,46/6/0/0,6127000,70,320000,3968900,1.8,7144,Ingen,1.0
Sjøtrøa 7,46/7/0/0,5819000,70,640000,3433300,1.8,6179,Ingen,2.0
Malvikvegen 981,46/8/0/0,3279000,70,320000,1975300,1.8,3555,Ingen,1.0
Smiskaret 16,46/10/0/0,5480000,70,320000,3516000,1.8,6328,Ingen,1.0
Midtsandvegen 30,46/11/0/0,4829000,70,640000,2740300,1.8,4932,Ingen,2.0
Smiskaret 153,46/12/0/0,0,100,0,0,1.8,0,Ingen,1.0
Smiskaret 1B,46/13/0/0,6258000,70,320000,4060600,1.8,7309,Ingen,1.0
Smiskaret 77,46/16/0/0,6805000,70,320000,4443500,1.8,7998,Ingen,1.0
Smiskaret 80B,46/17/0/0,9925000,70,320000,6627500,1.8,11929,Ingen,1.0
Smiskaret 42,46/20/0/0,72000,100,0,72000,1.8,129,Ingen,1.0
Smiskaret 95,46/21/0/0,1000000,70,320000,380000,1.8,684,Ingen,1.0
Svehøgda 158,46/23/0/0,4708000,70,320000,2975600,1.8,5356,Ingen,1.0
Smiskaret 14,46/25/0/0,0,100,0,0,1.8,0,Ingen,1.0
Smiskaret 71,46/26/0/0,6694000,70,320000,4365800,1.8,7858,Ingen,1.0
Smiskaret 40,46/27/0/0,4845000,70,320000,3071500,1.8,5528,Ingen,1.0
Malvikvegen 1001,46/29/0/0,3469000,70,320000,2108300,1.8,3794,Ingen,1.0
Smiskaret 32,46/30/0/0,6615000,70,320000,4310500,1.8,7758,Ingen,1.0
Smiskaret 8,46/31/0/0,0,70,320000,0,1.8,0,Ingen,1.0
Malvikvegen 937,46/32/0/0,793000,70,320000,235100,1.8,423,Ingen,1.0
Smiskaret 149,46/33/0/0,3745000,70,320000,2301500,1.8,4142,Ingen,1.0
Sjøtrøa 5,46/34/0/0,3853000,70,320000,2377100,1.8,4278,Ingen,1.0
Stavsodden I 0,46/38/0/0,66000,100,0,66000,1.8,118,Ingen,1.0
Smiskaret 3,46/40/0/0,5013000,70,320000,3189100,1.8,5740,Ingen,1.0
Smiskaret 46,46/41/0/0,4595000,70,640000,2576500,1.8,4637,Ingen,2.0
Smiskaret 44,46/42/0/0,3553000,70,320000,2167100,1.8,3900,Ingen,1.0
Smiskaret 10,46/43/0/0,3636000,70,320000,2225200,1.8,4005,Ingen,1.0
Malvikvegen 871,46/44/0/0,3298000,70,320000,1988600,1.8,3579,Ingen,1.0
46/46/0/0 0,46/46/0/0,0,70,320000,0,1.8,0,Ingen,1.0
Smiskaret 12B,46/47/0/0,6422000,70,320000,4175400,1.8,7515,Ingen,1.0
Malvikvegen 885,46/49/0/0,6040000,70,320000,3908000,1.8,7034,Ingen,1.0
Smiskaret 81,46/51/0/0,5662000,70,320000,3643400,1.8,6558,Ingen,1.0
Smiskaret 93,46/52/0/0,5013000,70,320000,3189100,1.8,5740,Ingen,1.0
Sveberg Hommelvik 0,46/53/0/0,4375000,70,320000,2742500,1.8,4936,Ingen,1.0
Smiskaret 55,46/54/0/0,5108000,70,320000,3255600,1.8,5860,Ingen,1.0
Smiskaret 80A,46/56/0/0,8479000,70,320000,5615300,1.8,10107,Ingen,1.0
Smiskaret 59,46/60/0/0,4965000,70,320000,3155500,1.8,5679,Ingen,1.0
Midtsandvegen 26,46/61/0/0,1305000,70,320000,593500,1.8,1068,Ingen,1.0
Sjøtrøa 11,46/62/0/0,19540000,70,1280000,12398000,1.8,22316,Ingen,4.0
Sjøtrøa 19,46/63/0/0,6171000,70,320000,3999700,1.8,7199,Ingen,1.0
Sjøtrøa 21,46/64/0/0,5447000,70,320000,3492900,1.8,6287,Ingen,1.0
Sjøtrøa 25,46/65/0/0,7221000,70,320000,4734700,1.8,8522,Ingen,1.0
Smiskaret 74,46/66/0/0,6805000,70,320000,4443500,1.8,7998,Ingen,1.0
Fjæra 0,46/67/0/0,56000,100,0,56000,1.8,100,Ingen,1.0
Smiskaret 31,46/68/0/0,6171000,70,320000,3999700,1.8,7199,Ingen,1.0
Smiskaret 29,46/69/0/0,6001000,70,320000,3880700,1.8,6985,Ingen,1.0
Smiskaret 5,46/74/0/0,5930000,70,320000,3831000,1.8,6895,Ingen,1.0
Smiskaret 7,46/75/0/0,5179000,70,640000,2985300,1.8,5373,Ingen,2.0
Smiskaret 9,46/76/0/0,6019000,70,320000,3893300,1.8,7007,Ingen,1.0
Smiskaret 11,46/77/0/0,6767000,70,320000,4416900,1.8,7950,Ingen,1.0
Smiskaret 13A,46/78/0/0,5536000,70,320000,3555200,1.8,6399,Ingen,1.0
Smiskaret 15,46/79/0/0,6258000,70,640000,3740600,1.8,6733,Ingen,2.0
Smiskaret 17,46/80/0/0,5617000,70,320000,3611900,1.8,6501,Ingen,1.0
Smiskaret 19,46/81/0/0,6040000,70,320000,3908000,1.8,7034,Ingen,1.0
Smiskaret 21,46/82/0/0,4324000,70,320000,2706800,1.8,4872,Ingen,1.0
Smiskaret 23,46/83/0/0,3892000,70,640000,2084400,1.8,3751,Ingen,2.0
Smiskaret 25,46/84/0/0,6019000,70,640000,3573300,1.8,6431,Ingen,2.0
Smiskaret 27,46/85/0/0,5819000,70,320000,3753300,1.8,6755,Ingen,1.0
Smiskaret 33,46/86/0/0,6724000,70,320000,4386800,1.8,7896,Ingen,1.0
Smiskaret 35,46/87/0/0,6236000,70,640000,3725200,1.8,6705,Ingen,2.0
Smiskaret 37,46/88/0/0,4475000,70,320000,2812500,1.8,5062,Ingen,1.0
Smiskaret 39,46/89/0/0,7559000,70,960000,4331300,1.8,7796,Ingen,3.0
Smiskaret 41,46/90/0/0,5267000,70,320000,3366900,1.8,6060,Ingen,1.0
Smiskaret 43,46/91/0/0,4359000,70,640000,2411300,1.8,4340,Ingen,2.0
Smiskaret 45,46/92/0/0,4265000,70,320000,2665500,1.8,4797,Ingen,1.0
Smiskaret 47,46/93/0/0,4575000,70,320000,2882500,1.8,5188,Ingen,1.0
Smiskaret 49,46/94/0/0,5480000,70,320000,3516000,1.8,6328,Ingen,1.0
Smiskaret 51,46/95/0/0,6150000,70,320000,3985000,1.8,7173,Ingen,1.0
Smiskaret 61,46/96/0/0,5886000,70,640000,3480200,1.8,6264,Ingen,2.0
Smiskaret 65,46/98/0/0,8519000,70,640000,5323300,1.8,9581,Ingen,2.0
Smiskaret 67,46/99/0/0,7413000,70,640000,4549100,1.8,8188,Ingen,2.0
Smiskaret 69,46/100/0/0,6115000,70,640000,3640500,1.8,6552,Ingen,2.0
Smiskaret 79,46/101/0/0,9190000,70,640000,5793000,1.8,10427,Ingen,2.0
Smiskaret 83,46/102/0/0,0,100,0,0,1.8,0,Ingen,1.0
Smiskaret 85,46/103/0/0,6062000,70,640000,3603400,1.8,6486,Ingen,2.0
Smiskaret 89,46/106/0/0,8125000,70,640000,5047500,1.8,9085,Ingen,2.0
Smiskaret 91,46/107/0/0,5886000,70,320000,3800200,1.8,6840,Ingen,1.0
Smiskaret 99,46/108/0/0,6115000,70,640000,3640500,1.8,6552,Ingen,2.0
Smiskaret 101,46/109/0/0,5435000,70,320000,3484500,1.8,6272,Ingen,1.0
Smiskaret 103,46/110/0/0,7309000,70,640000,4476300,1.8,8057,Ingen,2.0
Smiskaret 105,46/111/0/0,5797000,70,320000,3737900,1.8,6728,Ingen,1.0
Smiskaret 107,46/112/0/0,6430000,70,640000,3861000,1.8,6949,Ingen,2.0
Smiskaret 109,46/113/0/0,5342000,70,320000,3419400,1.8,6154,Ingen,1.0
Smiskaret 111,46/114/0/0,5282000,70,640000,3057400,1.8,5503,Ingen,2.0
Smiskaret 113,46/115/0/0,5365000,70,320000,3435500,1.8,6183,Ingen,1.0
Smiskaret 115,46/116/0/0,6034000,70,640000,3583800,1.8,6450,Ingen,2.0
Smiskaret 117,46/117/0/0,5886000,70,320000,3800200,1.8,6840,Ingen,1.0
Smiskaret 119,46/118/0/0,5944000,70,320000,3840800,1.8,6913,Ingen,1.0
Smiskaret 121,46/119/0/0,7099000,70,640000,4329300,1.8,7792,Ingen,2.0
Smiskaret 123,46/120/0/0,4772000,70,320000,3020400,1.8,5436,Ingen,1.0
Smiskaret 125,46/121/0/0,5132000,70,640000,2952400,1.8,5314,Ingen,2.0
Smiskaret 127,46/122/0/0,5114000,70,320000,3259800,1.8,5867,Ingen,1.0
Smiskaret 129,46/123/0/0,4818000,70,320000,3052600,1.8,5494,Ingen,1.0
Smiskaret 131,46/124/0/0,6751000,70,640000,4085700,1.8,7354,Ingen,2.0
Smiskaret 133,46/125/0/0,6199000,70,320000,4019300,1.8,7234,Ingen,1.0
Smiskaret 135,46/126/0/0,4941000,70,320000,3138700,1.8,5649,Ingen,1.0
Smiskaret 137,46/127/0/0,5267000,70,320000,3366900,1.8,6060,Ingen,1.0
Smiskaret 139,46/128/0/0,5052000,70,320000,3216400,1.8,5789,Ingen,1.0
Smiskaret 141,46/129/0/0,4720000,70,320000,2984000,1.8,5371,Ingen,1.0
Smiskaret 143,46/130/0/0,4462000,70,320000,2803400,1.8,5046,Ingen,1.0
Smiskaret 145,46/131/0/0,5061000,70,640000,2902700,1.8,5224,Ingen,2.0
Smiskaret 147,46/132/0/0,6472000,70,320000,4210400,1.8,7578,Ingen,1.0
Sjøtrøa 3,46/133/0/0,6870000,70,640000,4169000,1.8,7504,Ingen,2.0
Sjøtrøa 1,46/134/0/0,6258000,70,640000,3740600,1.8,6733,Ingen,2.0
Smiskaret 18,46/135/0/0,5503000,70,640000,3212100,1.8,5781,Ingen,2.0
Smiskaret 20,46/136/0/0,5640000,70,320000,3628000,1.8,6530,Ingen,1.0
Smiskaret 22,46/137/0/0,4833000,70,320000,3063100,1.8,5513,Ingen,1.0
Smiskaret 24,46/138/0/0,5132000,70,640000,2952400,1.8,5314,Ingen,2.0
Smiskaret 26,46/139/0/0,7231000,70,320000,4741700,1.8,8535,Ingen,1.0
Smiskaret 34,46/140/0/0,7620000,70,320000,5014000,1.8,9025,Ingen,1.0
Smiskaret 36,46/141/0/0,5958000,70,640000,3530600,1.8,6355,Ingen,2.0
Smiskaret 38,46/142/0/0,4825000,70,320000,3057500,1.8,5503,Ingen,1.0
Smiskaret 48,46/143/0/0,4772000,70,320000,3020400,1.8,5436,Ingen,1.0
Smiskaret 50,46/144/0/0,6451000,70,640000,3875700,1.8,6976,Ingen,2.0
Smiskaret 52,46/145/0/0,4355000,70,320000,2728500,1.8,4911,Ingen,1.0
Smiskaret 54,46/146/0/0,5842000,70,640000,3449400,1.8,6208,Ingen,2.0
Smiskaret 56,46/147/0/0,5640000,70,640000,3308000,1.8,5954,Ingen,2.0
Smiskaret 58,46/148/0/0,5030000,70,320000,3201000,1.8,5761,Ingen,1.0
Smiskaret 60,46/149/0/0,6515000,70,640000,3920500,1.8,7056,Ingen,2.0
Smiskaret 62B,46/150/0/1,4396000,70,320000,2757200,1.8,4962,Ingen,1.0
Smiskaret 62A,46/150/0/2,4329000,70,320000,2710300,1.8,4878,Ingen,1.0
Smiskaret 64,46/151/0/0,5707000,70,640000,3354900,1.8,6038,Ingen,2.0
Smiskaret 66,46/152/0/0,6515000,70,640000,3920500,1.8,7056,Ingen,2.0
Smiskaret 68,46/153/0/0,6106000,70,320000,3954200,1.8,7117,Ingen,1.0
Smiskaret 70,46/154/0/0,6084000,70,640000,3618800,1.8,6513,Ingen,2.0
Smiskaret 72,46/155/0/0,4917000,70,320000,3121900,1.8,5619,Ingen,1.0
Smiskaret 76,46/157/0/0,5061000,70,320000,3222700,1.8,5800,Ingen,1.0
Smiskaret 78,46/158/0/0,4625000,70,320000,2917500,1.8,5251,Ingen,1.0
Smiskaret 82,46/159/0/0,5707000,70,640000,3354900,1.8,6038,Ingen,2.0
Smiskaret 84,46/160/0/0,5417000,70,320000,3471900,1.8,6249,Ingen,1.0
Smiskaret 86A,46/161/0/1,2607000,70,320000,1504900,1.8,2708,Ingen,1.0
Smiskaret 86D,46/161/0/2,4559000,70,320000,2871300,1.8,5168,Ingen,1.0
Smiskaret 88A,46/162/0/1,3728000,70,320000,2289600,1.8,4121,Ingen,1.0
Smiskaret 88D,46/162/0/2,7178000,70,320000,4704600,1.8,8468,Ingen,1.0
Smiskaret 90A,46/163/0/1,3055000,70,320000,1818500,1.8,3273,Ingen,1.0
Smiskaret 90B,46/163/0/2,2357000,70,320000,1329900,1.8,2393,Ingen,1.0
Smiskaret 90D,46/163/0/3,4090000,70,320000,2543000,1.8,4577,Ingen,1.0
Smiskaret 90C,46/163/0/4,1925000,70,320000,1027500,1.8,1849,Ingen,1.0
Smiskaret 94,46/165/0/0,3811000,70,320000,2347700,1.8,4225,Ingen,1.0
Smiskaret 100,46/168/0/0,5108000,70,320000,3255600,1.8,5860,Ingen,1.0
Smiskaret 102,46/169/0/0,7309000,70,320000,4796300,1.8,8633,Ingen,1.0
Smiskaret 104,46/170/0/0,5458000,70,320000,3500600,1.8,6301,Ingen,1.0
Smiskaret 106,46/171/0/0,5079000,70,640000,2915300,1.8,5247,Ingen,2.0
Smiskaret 108,46/172/0/0,7152000,70,320000,4686400,1.8,8435,Ingen,1.0
Smiskaret 110A,46/173/0/1,3661000,70,320000,2242700,1.8,4036,Ingen,1.0
Smiskaret 110B,46/173/0/2,3661000,70,320000,2242700,1.8,4036,Ingen,1.0
Tillegg Til 46/34 0,46/179/0/0,45000,100,0,45000,1.8,81,Ingen,1.0
Kindsethvegen 2,46/181/0/0,7542000,70,640000,4639400,1.8,8350,Ingen,2.0
Kindsethvegen 4,46/182/0/0,7231000,70,640000,4421700,1.8,7959,Ingen,2.0
Kindsethvegen 6,46/183/0/0,6560000,70,320000,4272000,1.8,7689,Ingen,1.0
Kindsethvegen 8,46/184/0/0,8273000,70,640000,5151100,1.8,9271,Ingen,2.0
Kindsethvegen 10,46/185/0/0,5145000,70,320000,3281500,1.8,5906,Ingen,1.0
Kindsethvegen 12,46/186/0/0,6642000,70,320000,4329400,1.8,7792,Ingen,1.0
Kindsethvegen 14,46/187/0/0,6143000,70,320000,3980100,1.8,7164,Ingen,1.0
Kindsethvegen 16,46/188/0/0,5176000,70,320000,3303200,1.8,5945,Ingen,1.0
Kindsethvegen 18,46/189/0/0,3596000,70,640000,1877200,1.8,3378,Ingen,2.0
Kindsethvegen 20,46/190/0/0,5798000,70,320000,3738600,1.8,6729,Ingen,1.0
Kindsethvegen 1 0,46/191/0/0,384000,100,0,384000,1.8,691,Ingen,1.0
Kindsethvegen 3,46/192/0/0,5566000,70,320000,3576200,1.8,6437,Ingen,1.0
Kindsethvegen 5,46/193/0/0,5742000,70,320000,3699400,1.8,6658,Ingen,1.0
Kindsethvegen 7,46/194/0/0,4960000,70,320000,3152000,1.8,5673,Ingen,1.0
Kindsethvegen 9A,46/195/0/0,5114000,70,320000,3259800,1.8,5867,Ingen,1.0
Kindsethvegen 11,46/196/0/0,8298000,70,320000,5488600,1.8,9879,Ingen,1.0
Kindsethvegen 21,46/197/0/0,9563000,70,640000,6054100,1.8,10897,Ingen,2.0
Bjørnmyra 2A,46/198/0/0,5176000,70,320000,3303200,1.8,5945,Ingen,1.0
Bjørnmyra 4A,46/199/0/0,4548000,70,320000,2863600,1.8,5154,Ingen,1.0
Bjørnmyra 6A,46/200/0/0,4708000,70,320000,2975600,1.8,5356,Ingen,1.0
Bjørnmyra 8,46/201/0/0,4418000,70,320000,2772600,1.8,4990,Ingen,1.0
Bjørnmyra 10,46/202/0/0,6533000,70,320000,4253100,1.8,7655,Ingen,1.0
Bjørnmyra 12,46/203/0/0,6886000,70,320000,4500200,1.8,8100,Ingen,1.0
Bjørnmyra 14,46/204/0/0,5857000,70,320000,3779900,1.8,6803,Ingen,1.0
Bjørnmyra 16,46/205/0/0,5857000,70,320000,3779900,1.8,6803,Ingen,1.0
Bjørnmyra 34,46/206/0/0,6143000,70,320000,3980100,1.8,7164,Ingen,1.0
Bjørnmyra 36A,46/207/0/0,6422000,70,320000,4175400,1.8,7515,Ingen,1.0
Bjørnmyra 38A,46/208/0/0,5683000,70,320000,3658100,1.8,6584,Ingen,1.0
Bjørnmyra 40,46/209/0/0,5477000,70,320000,3513900,1.8,6325,Ingen,1.0
Myrvegen 18,46/210/0/0,6505000,70,320000,4233500,1.8,7620,Ingen,1.0
Myrvegen 20,46/211/0/0,6450000,70,640000,3875000,1.8,6975,Ingen,2.0
Myrvegen 22,46/212/0/0,7231000,70,320000,4741700,1.8,8535,Ingen,1.0
Myrvegen 24,46/213/0/0,7823000,70,320000,5156100,1.8,9280,Ingen,1.0
Myrvegen 26,46/214/0/0,7178000,70,320000,4704600,1.8,8468,Ingen,1.0
Myrvegen 28,46/215/0/0,8737000,70,320000,5795900,1.8,10432,Ingen,1.0
Myrvegen 30,46/216/0/0,6669000,70,320000,4348300,1.8,7826,Ingen,1.0
Myrvegen 32,46/217/0/0,5683000,70,320000,3658100,1.8,6584,Ingen,1.0
Myrvegen 34,46/218/0/0,7019000,70,320000,4593300,1.8,8267,Ingen,1.0
Myrvegen 36,46/219/0/0,6339000,70,320000,4117300,1.8,7411,Ingen,1.0
Myrvegen 38,46/220/0/0,4244000,70,320000,2650800,1.8,4771,Ingen,1.0
Myrvegen 40,46/221/0/0,5536000,70,320000,3555200,1.8,6399,Ingen,1.0
Myrvegen 42,46/222/0/0,4612000,70,320000,2908400,1.8,5235,Ingen,1.0
Myrvegen 44,46/223/0/0,5053000,70,320000,3217100,1.8,5790,Ingen,1.0
Myrvegen 46,46/224/0/0,5506000,70,320000,3534200,1.8,6361,Ingen,1.0
Myrvegen 48,46/225/0/0,5114000,70,320000,3259800,1.8,5867,Ingen,1.0
Myrvegen 39,46/226/0/0,4803000,70,320000,3042100,1.8,5475,Ingen,1.0
Myrvegen 49,46/227/0/0,7361000,70,320000,4832700,1.8,8698,Ingen,1.0
Smiskaret 96A,46/228/0/0,4244000,70,320000,2650800,1.8,4771,Ingen,1.0
Smiskaret 96B,46/229/0/0,3882000,70,320000,2397400,1.8,4315,Ingen,1.0
Smiskaret 98A,46/230/0/0,3882000,70,320000,2397400,1.8,4315,Ingen,1.0
Smiskaret 98B,46/231/0/0,3882000,70,320000,2397400,1.8,4315,Ingen,1.0
Smiskaret 98C,46/232/0/0,3882000,70,320000,2397400,1.8,4315,Ingen,1.0
Smiskaret 87A,46/233/0/0,4103000,70,320000,2552100,1.8,4593,Ingen,1.0
Smiskaret 87B,46/234/0/0,4103000,70,320000,2552100,1.8,4593,Ingen,1.0
Smiskaret 87C,46/235/0/0,3786000,70,320000,2330200,1.8,4194,Ingen,1.0
Smiskaret 87D,46/236/0/0,3882000,70,320000,2397400,1.8,4315,Ingen,1.0
Smiskaret 87E,46/237/0/0,3939000,70,320000,2437300,1.8,4387,Ingen,1.0
Myrvegen 10,46/238/0/0,5506000,70,320000,3534200,1.8,6361,Ingen,1.0
Myrvegen 6,46/241/0/0,6255000,70,320000,4058500,1.8,7305,Ingen,1.0
Bjørnmyra 9,46/242/0/0,6199000,70,320000,4019300,1.8,7234,Ingen,1.0
Essotomta 0,46/243/0/0,0,100,0,0,4.0,0,Ingen,1.0
Kindsethvegen 1A,46/244/0/0,4701000,70,320000,2970700,1.8,5347,Ingen,1.0
Kindsethvegen 1B,46/245/0/0,4478000,70,320000,2814600,1.8,5066,Ingen,1.0
Myrvegen 12,46/246/0/0,6588000,70,320000,4291600,1.8,7724,Ingen,1.0
"Linjegrunn, Nordlandbanen 0",46/247/0/0,0,100,0,0,4.0,0,Ingen,1.0
Bjørnmyra 49A,46/248/0/0,2953000,70,320000,1747100,1.8,3144,Ingen,1.0
Myrvegen 2,46/249/0/0,4049000,70,320000,2514300,1.8,4525,Ingen,1.0
Myrvegen 4,46/250/0/0,5022000,70,320000,3195400,1.8,5751,Ingen,1.0
Myrvegen 8,46/251/0/0,3976000,70,320000,2463200,1.8,4433,Ingen,1.0
Myrvegen 14,46/252/0/0,3939000,70,320000,2437300,1.8,4387,Ingen,1.0
Myrvegen 16,46/253/0/0,3939000,70,320000,2437300,1.8,4387,Ingen,1.0
Bjørnmyra 49B,46/254/0/0,2953000,70,320000,1747100,1.8,3144,Ingen,1.0
Bjørnmyra 51A,46/255/0/0,3055000,70,320000,1818500,1.8,3273,Ingen,1.0
Bjørnmyra 51B,46/256/0/0,3257000,70,320000,1959900,1.8,3527,Ingen,1.0
Bjørnmyra 25,46/257/0/0,6086000,70,320000,3940200,1.8,7092,Ingen,1.0
Bjørnmyra 27,46/258/0/0,5566000,70,640000,3256200,1.8,5861,Ingen,2.0
Bjørnmyra 29,46/259/0/0,4685000,70,320000,2959500,1.8,5327,Ingen,1.0
Bjørnmyra 31,46/260/0/0,6450000,70,320000,4195000,1.8,7551,Ingen,1.0
Bjørnmyra 41,46/261/0/0,5915000,70,320000,3820500,1.8,6876,Ingen,1.0
Bjørnmyra 43,46/262/0/0,5197000,70,320000,3317900,1.8,5972,Ingen,1.0
Bjørnmyra 7,46/263/0/0,4740000,70,320000,2998000,1.8,5396,Ingen,1.0
Bjørnmyra 5,46/264/0/0,5114000,70,320000,3259800,1.8,5867,Ingen,1.0
Bjørnmyra 3,46/265/0/0,4067000,70,320000,2526900,1.8,4548,Ingen,1.0
Bjørnmyra 1A,46/266/0/0,5114000,70,320000,3259800,1.8,5867,Ingen,1.0
Bjørnmyra 35,46/267/0/0,6115000,70,320000,3960500,1.8,7128,Ingen,1.0
Bjørnmyra 33A,46/268/0/0,5800000,70,320000,3740000,1.8,6732,Ingen,1.0
Bjørnmyra 39A,46/269/0/1,3055000,70,320000,1818500,1.8,3273,Ingen,1.0
Bjørnmyra 37A,46/269/0/2,3524000,70,320000,2146800,1.8,3864,Ingen,1.0
Bjørnmyra 39B,46/269/0/3,3291000,70,320000,1983700,1.8,3570,Ingen,1.0
Bjørnmyra 37B,46/269/0/4,3291000,70,320000,1983700,1.8,3570,Ingen,1.0
Bjørnmyra 17,46/271/0/0,5829000,70,320000,3760300,1.8,6768,Ingen,1.0
Bjørnmyra 19,46/272/0/0,4548000,70,320000,2863600,1.8,5154,Ingen,1.0
Bjørnmyra 2B,46/273/0/0,4740000,70,320000,2998000,1.8,5396,Ingen,1.0
Bjørnmyra 4B,46/274/0/0,5267000,70,320000,3366900,1.8,6060,Ingen,1.0
Bjørnmyra 6B,46/275/0/0,4960000,70,320000,3152000,1.8,5673,Ingen,1.0
Bjørnmyra 36B,46/276/0/0,5857000,70,320000,3779900,1.8,6803,Ingen,1.0
Bjørnmyra 38B,46/277/0/0,5297000,70,320000,3387900,1.8,6098,Ingen,1.0
Bjørnmyra 38C,46/278/0/0,4960000,70,320000,3152000,1.8,5673,Ingen,1.0
Bjørnmyra 1B,46/279/0/0,5145000,70,320000,3281500,1.8,5906,Ingen,1.0
Bjørnmyra 33B,46/281/0/0,4740000,70,320000,2998000,1.8,5396,Ingen,1.0
Smiskaret 72A,46/282/0/0,8705000,70,640000,5453500,1.8,9816,Ingen,2.0
Smiskaret 80C,46/283/0/0,10888000,70,640000,6981600,1.8,12566,Ingen,2.0
Bjørnmyra 45,46/284/0/0,6422000,70,320000,4175400,1.8,7515,Ingen,1.0
Bjørnmyra 47,46/285/0/0,5145000,70,320000,3281500,1.8,5906,Ingen,1.0
Myrvegen 41,46/286/0/0,5771000,70,320000,3719700,1.8,6695,Ingen,1.0
Myrvegen 43,46/287/0/0,6311000,70,320000,4097700,1.8,7375,Ingen,1.0
Myrvegen 45,46/288/0/0,5006000,70,320000,3184200,1.8,5731,Ingen,1.0
Myrvegen 47,46/289/0/0,5800000,70,320000,3740000,1.8,6732,Ingen,1.0
Bjørnmyra 11,46/290/0/0,3892000,70,320000,2404400,1.8,4327,Ingen,1.0
Bjørnmyra 13,46/291/0/0,3790000,70,320000,2333000,1.8,4199,Ingen,1.0
Bjørnmyra 15,46/292/0/0,4543000,70,320000,2860100,1.8,5148,Ingen,1.0
Bjørnmyra 21A,46/293/0/1,3021000,70,320000,1794700,1.8,3230,Ingen,1.0
Bjørnmyra 21B,46/293/0/2,3021000,70,320000,1794700,1.8,3230,Ingen,1.0
Bjørnmyra 23A,46/293/0/3,2885000,70,320000,1699500,1.8,3059,Ingen,1.0
Bjørnmyra 23B,46/293/0/4,3307000,70,320000,1994900,1.8,3590,Ingen,1.0
Myrvegen 50,46/295/0/0,5886000,70,320000,3800200,1.8,6840,Ingen,1.0
Kindsethvegen 9B,46/298/0/0,4644000,70,320000,2930800,1.8,5275,Ingen,1.0
Stavsjøvegen 31,46/301/0/0,11516000,100,0,11516000,4.0,46064,Ingen,1.0
Smiskaret 12A,46/302/0/0,5084000,70,640000,2918800,1.8,5253,Ingen,2.0
Smiskaret 86B,46/303/0/3,2571000,70,320000,1479700,1.8,2663,Ingen,1.0
Smiskaret 86C,46/303/0/4,5297000,70,320000,3387900,1.8,6098,Ingen,1.0
Smiskaret 88B,46/304/0/1,3786000,70,320000,2330200,1.8,4194,Ingen,1.0
Smiskaret 88C,46/304/0/2,4346000,70,320000,2722200,1.8,4899,Ingen,1.0
Svehøgda 1,46/305/0/0,7361000,70,640000,4512700,1.8,8122,Ingen,2.0
Svehøgda 3,46/306/0/0,6505000,70,320000,4233500,1.8,7620,Ingen,1.0
Svehøgda 5,46/307/0/0,8249000,70,640000,5134300,1.8,9241,Ingen,2.0
Svehøgda 7,46/308/0/0,7798000,70,320000,5138600,1.8,9249,Ingen,1.0
Svehøgda 9,46/309/0/0,7491000,70,640000,4603700,1.8,8286,Ingen,2.0
Svehøgda 11,46/310/0/0,4874000,70,640000,2771800,1.8,4989,Ingen,2.0
Svehøgda 13,46/311/0/0,7491000,70,320000,4923700,1.8,8862,Ingen,1.0
Svehøgda 15,46/312/0/0,6143000,70,320000,3980100,1.8,7164,Ingen,1.0
Svehøgda 17,46/313/0/0,6966000,70,640000,4236200,1.8,7625,Ingen,2.0
Svehøgda 19,46/314/0/0,7283000,70,640000,4458100,1.8,8024,Ingen,2.0
Svehøgda 21,46/315/0/0,5829000,70,640000,3440300,1.8,6192,Ingen,2.0
Svehøgda 23,46/316/0/0,8000000,70,640000,4960000,1.8,8928,Ingen,2.0
Svehøgda 25,46/317/0/0,7696000,70,320000,5067200,1.8,9120,Ingen,1.0
Svehøgda 27,46/318/0/0,8174000,70,640000,5081800,1.8,9147,Ingen,2.0
Svehøgda 29,46/319/0/0,5972000,70,320000,3860400,1.8,6948,Ingen,1.0
Svehøgda 31,46/320/0/0,6143000,70,640000,3660100,1.8,6588,Ingen,2.0
Svehøgda 33,46/321/0/0,6311000,70,320000,4097700,1.8,7375,Ingen,1.0
Svehøgda 35,46/322/0/0,7335000,70,320000,4814500,1.8,8666,Ingen,1.0
Svehøgda 37,46/323/0/0,6029000,70,320000,3900300,1.8,7020,Ingen,1.0
Smiskaret 13B,46/326/0/0,4883000,70,320000,3098100,1.8,5576,Ingen,1.0
Svehøgda 14,46/328/0/0,5857000,70,320000,3779900,1.8,6803,Ingen,1.0
Svehøgda 16,46/329/0/0,5447000,70,320000,3492900,1.8,6287,Ingen,1.0
Svehøgda 18,46/330/0/0,5506000,70,320000,3534200,1.8,6361,Ingen,1.0
Svehøgda 20,46/331/0/0,5447000,70,320000,3492900,1.8,6287,Ingen,1.0
Svehøgda 22,46/332/0/0,4781000,70,320000,3026700,1.8,5448,Ingen,1.0
Svehøgda 24,46/333/0/0,5857000,70,320000,3779900,1.8,6803,Ingen,1.0
Svehøgda 135,46/335/0/0,6697000,70,640000,4047900,1.8,7286,Ingen,2.0
Svehøgda 137,46/336/0/0,4750000,70,320000,3005000,1.8,5409,Ingen,1.0
Svehøgda 139,46/337/0/0,6001000,70,320000,3880700,1.8,6985,Ingen,1.0
Svehøgda 141,46/338/0/0,7257000,70,320000,4759900,1.8,8567,Ingen,1.0
Svehøgda 143,46/339/0/0,8224000,70,320000,5436800,1.8,9786,Ingen,1.0
Svehøgda 145,46/340/0/0,7335000,70,640000,4494500,1.8,8090,Ingen,2.0
Svehøgda 147,46/341/0/0,6697000,70,320000,4367900,1.8,7862,Ingen,1.0
Svehøgda 149,46/342/0/0,6143000,70,320000,3980100,1.8,7164,Ingen,1.0
Svehøgda 151,46/343/0/0,6283000,70,320000,4078100,1.8,7340,Ingen,1.0
Svehøgda 153,46/344/0/0,5114000,70,320000,3259800,1.8,5867,Ingen,1.0
Svehøgda 155,46/345/0/0,5447000,70,320000,3492900,1.8,6287,Ingen,1.0
Svehøgda 157,46/346/0/0,5267000,70,320000,3366900,1.8,6060,Ingen,1.0
Svehøgda 138,46/347/0/0,5857000,70,320000,3779900,1.8,6803,Ingen,1.0
Svehøgda 159,46/348/0/0,5625000,70,320000,3617500,1.8,6511,Ingen,1.0
Svehøgda 140,46/349/0/0,7823000,70,640000,4836100,1.8,8704,Ingen,2.0
Svehøgda 161,46/350/0/0,6912000,70,320000,4518400,1.8,8133,Ingen,1.0
Svehøgda 142,46/351/0/0,7568000,70,320000,4977600,1.8,8959,Ingen,1.0
Svehøgda 163,46/352/0/0,7798000,70,640000,4818600,1.8,8673,Ingen,2.0
Svehøgda 144,46/353/0/0,4803000,70,320000,3042100,1.8,5475,Ingen,1.0
Svehøgda 165,46/354/0/0,5566000,70,640000,3256200,1.8,5861,Ingen,2.0
Svehøgda 146,46/355/0/0,7046000,70,640000,4292200,1.8,7725,Ingen,2.0
Svehøgda 167,46/356/0/0,4216000,70,320000,2631200,1.8,4736,Ingen,1.0
Svehøgda 148,46/357/0/0,6001000,70,320000,3880700,1.8,6985,Ingen,1.0
Svehøgda 171,46/358/0/0,6311000,70,320000,4097700,1.8,7375,Ingen,1.0
Svehøgda 150,46/359/0/0,5991000,70,320000,3873700,1.8,6972,Ingen,1.0
Svehøgda 156,46/360/0/0,6732000,70,640000,4072400,1.8,7330,Ingen,2.0
Svehøgda 160,46/361/0/0,6283000,70,320000,4078100,1.8,7340,Ingen,1.0
Svehøgda 162,46/362/0/0,6001000,70,320000,3880700,1.8,6985,Ingen,1.0
Svehøgda 166,46/363/0/0,6171000,70,320000,3999700,1.8,7199,Ingen,1.0
Svehøgda 136,46/365/0/0,5327000,70,320000,3408900,1.8,6136,Ingen,1.0
Dalabakkan 49,46/366/0/0,34525000,100,0,34525000,4.0,138100,Ingen,1.0
Svehøgda 6,46/367/0/0,4732000,70,320000,2992400,1.8,5386,Ingen,1.0
Svehøgda 154,46/368/0/0,5206000,70,640000,3004200,1.8,5407,Ingen,2.0
Svehøgda 2,46/369/0/0,4670000,70,320000,2949000,1.8,5308,Ingen,1.0
Svehøgda 4,46/370/0/0,4670000,70,320000,2949000,1.8,5308,Ingen,1.0
Svehøgda 8,46/371/0/0,4716000,70,320000,2981200,1.8,5366,Ingen,1.0
Svehøgda 10,46/372/0/0,4607000,70,320000,2904900,1.8,5228,Ingen,1.0
Svehøgda 12,46/373/0/0,4972000,70,320000,3160400,1.8,5688,Ingen,1.0
Svehøgda 74,46/374/0/0,5829000,70,320000,3760300,1.8,6768,Ingen,1.0
Svehøgda 72,46/375/0/0,6533000,70,320000,4253100,1.8,7655,Ingen,1.0
Svehøgda 96,46/376/0/0,6697000,70,320000,4367900,1.8,7862,Ingen,1.0
Svehøgda 94,46/377/0/0,11299000,70,640000,7269300,1.8,13084,Ingen,2.0
Svehøgda 92,46/378/0/0,8833000,70,320000,5863100,1.8,10553,Ingen,1.0
Svehøgda 90,46/379/0/0,7046000,70,320000,4612200,1.8,8301,Ingen,1.0
Svehøgda 88,46/380/0/0,8107000,70,320000,5354900,1.8,9638,Ingen,1.0
Svehøgda 86,46/381/0/0,9418000,70,640000,5952600,1.8,10714,Ingen,2.0
Svehøgda 84,46/382/0/0,10736000,70,640000,6875200,1.8,12375,Ingen,2.0
Svehøgda 76,46/383/0/0,5915000,70,320000,3820500,1.8,6876,Ingen,1.0
Svehøgda 78,46/384/0/0,10314000,70,640000,6579800,1.8,11843,Ingen,2.0
Svehøgda 80,46/385/0/0,5206000,70,320000,3324200,1.8,5983,Ingen,1.0
Svehøgda 82,46/386/0/0,10358000,70,320000,6930600,1.8,12475,Ingen,1.0
Svehøgda 164,46/387/0/0,6335000,70,320000,4114500,1.8,7406,Ingen,1.0
Svehøgda 152,46/388/0/0,5683000,70,320000,3658100,1.8,6584,Ingen,1.0
Svehøgda 50,46/390/0/0,5417000,70,320000,3471900,1.8,6249,Ingen,1.0
Svehøgda 52,46/391/0/0,4682000,70,320000,2957400,1.8,5323,Ingen,1.0
Svehøgda 54,46/392/0/0,5857000,70,320000,3779900,1.8,6803,Ingen,1.0
Svehøgda 56,46/393/0/0,5617000,70,640000,3291900,1.8,5925,Ingen,2.0
Svehøgda 58,46/394/0/0,5972000,70,320000,3860400,1.8,6948,Ingen,1.0
Svehøgda 60,46/395/0/0,5771000,70,320000,3719700,1.8,6695,Ingen,1.0
Svehøgda 62,46/396/0/0,5915000,70,320000,3820500,1.8,6876,Ingen,1.0
Svehøgda 64,46/397/0/0,5944000,70,320000,3840800,1.8,6913,Ingen,1.0
Svehøgda 66,46/398/0/0,5857000,70,320000,3779900,1.8,6803,Ingen,1.0
Svehøgda 68,46/399/0/0,6560000,70,320000,4272000,1.8,7689,Ingen,1.0
Svehøgda 70,46/400/0/0,5777000,70,640000,3403900,1.8,6127,Ingen,2.0
Svehøgda 38E,46/402/0/0,4417000,70,320000,2771900,1.8,4989,Ingen,1.0
Svehøgda 40,46/408/0/0,3285000,70,320000,1979500,1.8,3563,Ingen,1.0
Svehøgda 42,46/409/0/0,3216000,70,320000,1931200,1.8,3476,Ingen,1.0
Svehøgda 44,46/410/0/0,5158000,70,640000,2970600,1.8,5347,Ingen,2.0
Svehøgda 46,46/411/0/0,4429000,70,320000,2780300,1.8,5004,Ingen,1.0
Svehøgda 48,46/412/0/0,4295000,70,320000,2686500,1.8,4835,Ingen,1.0
Svehøgda 26,46/413/0/0,4670000,70,320000,2949000,1.8,5308,Ingen,1.0
Svehøgda 28,46/414/0/0,4197000,70,320000,2617900,1.8,4712,Ingen,1.0
Svehøgda 30,46/415/0/0,6058000,70,320000,3920600,1.8,7057,Ingen,1.0
Svehøgda 32,46/416/0/0,6029000,70,320000,3900300,1.8,7020,Ingen,1.0
Stavsjøvegen 25,46/417/0/0,15257000,100,0,15257000,4.0,61028,Ingen,1.0
"Fellesar Svehøgda 134 A,B,C,D 0",46/418/0/0,0,100,0,0,1.8,0,Ingen,1.0
Svehøgda 132,46/419/0/0,5915000,70,320000,3820500,1.8,6876,Ingen,1.0
Svehøgda 130,46/420/0/0,6277000,70,320000,4073900,1.8,7333,Ingen,1.0
Svehøgda 128,46/421/0/0,3402000,70,320000,2061400,1.8,3710,Ingen,1.0
Svehøgda 126,46/422/0/0,6143000,70,320000,3980100,1.8,7164,Ingen,1.0
Svehøgda 124,46/423/0/0,7975000,70,320000,5262500,1.8,9472,Ingen,1.0
Svehøgda 122,46/424/0/0,7549000,70,320000,4964300,1.8,8935,Ingen,1.0
Svehøgda 120C,46/425/0/0,4957000,70,320000,3149900,1.8,5669,Ingen,1.0
Svehøgda 118,46/426/0/0,8990000,70,640000,5653000,1.8,10175,Ingen,2.0
Svehøgda 116,46/427/0/0,8809000,70,640000,5526300,1.8,9947,Ingen,2.0
Svehøgda 114,46/428/0/0,5411000,70,640000,3147700,1.8,5665,Ingen,2.0
Svehøgda 112,46/429/0/0,4470000,70,320000,2809000,1.8,5056,Ingen,1.0
Svehøgda 110,46/430/0/0,5227000,70,320000,3338900,1.8,6010,Ingen,1.0
Svehøgda 100,46/431/0/0,11431000,70,320000,7681700,1.8,13827,Ingen,1.0
Svehøgda 102,46/432/0/0,6405000,70,640000,3843500,1.8,6918,Ingen,2.0
Svehøgda 104,46/433/0/0,9327000,70,640000,5888900,1.8,10600,Ingen,2.0
Svehøgda 106,46/434/0/0,5566000,70,320000,3576200,1.8,6437,Ingen,1.0
Svehøgda 108A,46/435/0/0,3940000,70,320000,2438000,1.8,4388,Ingen,1.0
Svebergvegen 3,46/436/0/0,142187000,100,0,142187000,4.0,568748,Ingen,1.0
Smiskaret 73,46/437/0/0,8199000,70,320000,5419300,1.8,9754,Ingen,1.0
Tillegg Til 46/44 0,46/440/0/0,0,100,0,0,1.8,0,Ingen,1.0
Svehøgda 108B,46/441/0/0,4710000,70,320000,2977000,1.8,5358,Ingen,1.0
46/442/0/0 0,46/442/0/0,0,100,0,0,1.8,0,Ingen,1.0
46/443/0/0 0,46/443/0/0,0,100,0,0,1.8,0,Ingen,1.0
46/444/0/0 0,46/444/0/0,0,100,0,0,1.8,0,Ingen,1.0
46/445/0/0 0,46/445/0/0,0,100,0,0,4.0,0,Ingen,1.0
Stavsjøvegen 27,46/446/0/0,0,100,0,0,4.0,0,Ingen,1.0
Stavsjøvegen 2,46/447/0/0,14814000,100,0,14814000,4.0,59256,Ingen,1.0
Svehøgda 120B,46/448/0/0,4898000,70,320000,3108600,1.8,5595,Ingen,1.0
Svehøgda 120A,46/449/0/0,5015000,70,320000,3190500,1.8,5742,Ingen,1.0
Svebergvegen 1,46/450/0/0,21170000,100,0,21170000,4.0,84680,Ingen,1.0
Svebergvegen 5,46/451/0/0,2428000,70,640000,1059600,1.8,1907,Ingen,2.0
Svebergvegen 5,46/451/0/0,1492000,100,0,1492000,4.0,5968,Ingen,1.0
Svehøgda 169,46/452/0/0,3263000,70,320000,1964100,1.8,3535,Ingen,1.0
Svehøgda 134A,46/453/0/0,4732000,70,320000,2992400,1.8,5386,Ingen,1.0
Svehøgda 134B,46/454/0/0,5667000,70,320000,3646900,1.8,6564,Ingen,1.0
Svehøgda 134C,46/455/0/0,5366000,70,320000,3436200,1.8,6185,Ingen,1.0
Svehøgda 134D,46/456/0/0,5366000,70,320000,3436200,1.8,6185,Ingen,1.0
Svehøgda 38A,46/457/0/0,4839000,70,320000,3067300,1.8,5521,Ingen,1.0
Svehøgda 38B,46/458/0/0,4459000,70,320000,2801300,1.8,5042,Ingen,1.0
Svehøgda 38C,46/459/0/0,4643000,70,320000,2930100,1.8,5274,Ingen,1.0
Svehøgda 38D,46/460/0/0,4839000,70,320000,3067300,1.8,5521,Ingen,1.0
46/462/0/0 0,46/462/0/0,0,100,0,0,1.8,0,Ingen,1.0
46/463/0/0 0,46/463/0/0,0,100,0,0,1.8,0,Ingen,1.0
Vidhaugen 100,46/464/0/0,6598000,70,320000,4298600,1.8,7737,Ingen,1.0
VIDHAUGEN 102,46/465/0/0,9866000,70,320000,6586200,1.8,11855,Ingen,1.0
Vidhaugen 104,46/466/0/0,10013000,70,320000,6689100,1.8,12040,Ingen,1.0
Vidhaugen 106,46/467/0/0,10276000,70,320000,6873200,1.8,12371,Ingen,1.0
Vidhaugen 108,46/468/0/0,8010000,70,320000,5287000,1.8,9516,Ingen,1.0
Vidhaugen 110,46/469/0/0,8010000,70,640000,4967000,1.8,8940,Ingen,2.0
Vidhaugen 112,46/470/0/0,8347000,70,640000,5202900,1.8,9365,Ingen,2.0
Vidhaugen 114,46/471/0/0,8010000,70,320000,5287000,1.8,9516,Ingen,1.0
Vidhaugen 116,46/472/0/0,10793000,70,640000,6915100,1.8,12447,Ingen,2.0
Vidhaugen 118,46/473/0/0,10043000,70,320000,6710100,1.8,12078,Ingen,1.0
Vidhaugen 145,46/474/0/0,8277000,70,640000,5153900,1.8,9277,Ingen,2.0
Vidhaugen 141,46/476/0/0,7347000,70,320000,4822900,1.8,8681,Ingen,1.0
VIDHAUGEN 139,46/477/0/0,10334000,70,320000,6913800,1.8,12444,Ingen,1.0
Vidhaugen 137,46/478/0/0,9866000,70,320000,6586200,1.8,11855,Ingen,1.0
Vidhaugen 135,46/479/0/0,10736000,70,320000,7195200,1.8,12951,Ingen,1.0
Vidhaugen 133,46/480/0/0,9866000,70,320000,6586200,1.8,11855,Ingen,1.0
Vidhaugen 131,46/481/0/0,8522000,70,320000,5645400,1.8,10161,Ingen,1.0
Vidhaugen 129,46/482/0/0,7313000,70,320000,4799100,1.8,8638,Ingen,1.0
Vidhaugen 127,46/483/0/0,10228000,70,320000,6839600,1.8,12311,Ingen,1.0
VIDHAUGEN 125,46/484/0/0,9418000,70,640000,5952600,1.8,10714,Ingen,2.0
Vidhaugen 123,46/485/0/0,8491000,70,320000,5623700,1.8,10122,Ingen,1.0
VIDHAUGEN 121,46/486/0/0,9021000,70,320000,5994700,1.8,10790,Ingen,1.0
Sjøtrøa 23,46/489/0/0,6818000,70,320000,4452600,1.8,8014,Ingen,1.0
Vidhaugen 93,46/492/0/0,5484000,70,320000,3518800,1.8,6333,Ingen,1.0
VIDHAUGEN 95,46/493/0/0,5331000,70,320000,3411700,1.8,6141,Ingen,1.0
Vidhaugen 97,46/494/0/0,5331000,70,320000,3411700,1.8,6141,Ingen,1.0
VIDHAUGEN 99,46/495/0/0,7347000,70,320000,4822900,1.8,8681,Ingen,1.0
VIDHAUGEN 101,46/496/0/0,4972000,70,320000,3160400,1.8,5688,Ingen,1.0
Vidhaugen 103,46/497/0/0,6408000,70,320000,4165600,1.8,7498,Ingen,1.0
VIDHAUGEN 105,46/498/0/0,6299000,70,320000,4089300,1.8,7360,Ingen,1.0
VIDHAUGEN 107,46/499/0/0,5555000,70,320000,3568500,1.8,6423,Ingen,1.0
VIDHAUGEN 109,46/500/0/0,6515000,70,320000,4240500,1.8,7632,Ingen,1.0
VIDHAUGEN 111,46/501/0/0,5932000,70,320000,3832400,1.8,6898,Ingen,1.0
VIDHAUGEN 113,46/502/0/0,5290000,70,320000,3383000,1.8,6089,Ingen,1.0
Vidhaugen 115,46/503/0/0,6408000,70,320000,4165600,1.8,7498,Ingen,1.0
46/506/0/0 0,46/506/0/0,0,100,0,0,1.8,0,Ingen,1.0
Brakkerigg ved Sveberglia 5 0,46/507/0/0,0,100,0,0,1.8,0,Ingen,1.0
Øvre Sveberglia 1,46/512/0/0,8427000,70,320000,5578900,1.8,10042,Ingen,1.0
ØVRE SVEBERGLIA 2,46/513/0/0,8773000,70,320000,5821100,1.8,10477,Ingen,1.0
Øvre Sveberglia 3,46/514/0/0,9267000,70,320000,6166900,1.8,11100,Ingen,1.0
Øvre Sveberglia 4,46/515/0/0,7500000,70,640000,4610000,1.8,8298,Ingen,2.0
Øvre Sveberglia 5,46/516/0/0,9267000,70,320000,6166900,1.8,11100,Ingen,1.0
ØVRE SVEBERGLIA 6,46/517/0/0,8804000,70,320000,5842800,1.8,10517,Ingen,1.0
ØVRE SVEBERGLIA 7,46/518/0/0,5472000,70,640000,3190400,1.8,5742,Ingen,2.0
Øvre Sveberglia 8,46/519/0/0,9414000,70,320000,6269800,1.8,11285,Ingen,1.0
ØVRE SVEBERGLIA 9,46/520/0/0,8109000,70,640000,5036300,1.8,9065,Ingen,2.0
Øvre Sveberglia 10,46/521/0/0,6807000,70,640000,4124900,1.8,7424,Ingen,2.0
ØVRE SVEBERGLIA 11,46/522/0/0,8534000,70,640000,5333800,1.8,9600,Ingen,2.0
Øvre Sveberglia 12,46/523/0/0,7198000,70,320000,4718600,1.8,8493,Ingen,1.0
Øvre Sveberglia 13,46/524/0/0,7498000,70,640000,4608600,1.8,8295,Ingen,2.0
ØVRE SVEBERGLIA 15,46/526/0/0,7800000,70,640000,4820000,1.8,8676,Ingen,2.0
ØVRE SVEBERGLIA 17,46/527/0/0,6027000,70,320000,3898900,1.8,7018,Ingen,1.0
Øvre Sveberglia 19,46/528/0/0,6299000,70,320000,4089300,1.8,7360,Ingen,1.0
Øvre Sveberglia 21,46/529/0/0,10305000,70,320000,6893500,1.8,12408,Ingen,1.0
ØVRE SVEBERGLIA 23,46/530/0/0,8107000,70,320000,5354900,1.8,9638,Ingen,1.0
Øvre Sveberglia 25,46/531/0/0,7786000,70,640000,4810200,1.8,8658,Ingen,2.0
Øvre Sveberglia 27,46/532/0/0,8459000,70,320000,5601300,1.8,10082,Ingen,1.0
Øvre Sveberglia 29,46/533/0/0,7229000,70,320000,4740300,1.8,8532,Ingen,1.0
Øvre Sveberglia 31,46/534/0/0,7147000,70,320000,4682900,1.8,8429,Ingen,1.0
ØVRE SVEBERGLIA 30,46/535/0/0,8990000,70,640000,5653000,1.8,10175,Ingen,2.0
Øvre Sveberglia 40,46/536/0/0,10295000,70,320000,6886500,1.8,12395,Ingen,1.0
Øvre Sveberglia 42,46/537/0/0,8804000,70,320000,5842800,1.8,10517,Ingen,1.0
ØVRE SVEBERGLIA 44,46/538/0/0,10822000,70,320000,7255400,1.8,13059,Ingen,1.0
Øvre Sveberglia 46,46/539/0/0,9175000,70,640000,5782500,1.8,10408,Ingen,2.0
Øvre Sveberglia 48,46/540/0/0,8617000,70,320000,5711900,1.8,10281,Ingen,1.0
ØVRE SVEBERGLIA 50,46/541/0/0,9448000,70,320000,6293600,1.8,11328,Ingen,1.0
Øvre Sveberglia 36,46/544/0/0,6500000,70,320000,4230000,1.8,7614,Ingen,1.0
Øvre Sveberglia 34,46/545/0/0,10160000,70,320000,6792000,1.8,12225,Ingen,1.0
ØVRE SVEBERGLIA 32,46/546/0/0,7977000,70,320000,5263900,1.8,9475,Ingen,1.0
Vidhaugen 11,46/547/0/0,7615000,70,320000,5010500,1.8,9018,Ingen,1.0
Vidhaugen 9,46/548/0/0,6534000,70,320000,4253800,1.8,7656,Ingen,1.0
Vidhaugen 7,46/549/0/0,8836000,70,320000,5865200,1.8,10557,Ingen,1.0
Vidhaugen 5,46/550/0/0,5981000,70,320000,3866700,1.8,6960,Ingen,1.0
Vidhaugen 3,46/551/0/0,6731000,70,320000,4391700,1.8,7905,Ingen,1.0
Vidhaugen 1,46/552/0/0,7615000,70,320000,5010500,1.8,9018,Ingen,1.0
Vidhaugen 13,46/553/0/0,7682000,70,320000,5057400,1.8,9103,Ingen,1.0
Vidhaugen 15,46/554/0/0,8406000,70,320000,5564200,1.8,10015,Ingen,1.0
Vidhaugen 17,46/555/0/0,6504000,70,320000,4232800,1.8,7619,Ingen,1.0
Vidhaugen 19,46/556/0/0,6660000,70,320000,4342000,1.8,7815,Ingen,1.0
Vidhaugen 21,46/557/0/0,6851000,70,320000,4475700,1.8,8056,Ingen,1.0
Vidhaugen 23,46/558/0/0,8679000,70,320000,5755300,1.8,10359,Ingen,1.0
Vidhaugen 35,46/559/0/0,8841000,70,320000,5868700,1.8,10563,Ingen,1.0
Vidhaugen 33,46/560/0/0,7998000,70,320000,5278600,1.8,9501,Ingen,1.0
Vidhaugen 31,46/561/0/0,10462000,70,320000,7003400,1.8,12606,Ingen,1.0
Vidhaugen 29,46/562/0/0,10362000,70,320000,6933400,1.8,12480,Ingen,1.0
Vidhaugen 27,46/563/0/0,8589000,70,320000,5692300,1.8,10246,Ingen,1.0
Sveabakken 2,46/564/0/0,8959000,70,640000,5631300,1.8,10136,Ingen,2.0
Sveabakken 4,46/565/0/0,8332000,70,640000,5192400,1.8,9346,Ingen,2.0
Sveabakken 6,46/566/0/0,12787000,70,640000,8310900,1.8,14959,Ingen,2.0
Vidhaugen 25A,46/567/0/1,4086000,70,320000,2540200,1.8,4572,Ingen,1.0
Vidhaugen 25C,46/567/0/2,3692000,70,320000,2264400,1.8,4075,Ingen,1.0
Vidhaugen 25B,46/567/0/3,3939000,70,320000,2437300,1.8,4387,Ingen,1.0
Vidhaugen 25B,46/567/0/4,3692000,70,320000,2264400,1.8,4075,Ingen,1.0
Vidhaugen 25D,46/567/0/5,3692000,70,320000,2264400,1.8,4075,Ingen,1.0
Vidhaugen 25F,46/567/0/6,3366000,70,320000,2036200,1.8,3665,Ingen,1.0
Vidhaugen 25E,46/567/0/7,3692000,70,320000,2264400,1.8,4075,Ingen,1.0
Vidhaugen 25E,46/567/0/8,3692000,70,320000,2264400,1.8,4075,Ingen,1.0
Vidhaugen 25G,46/567/0/9,3692000,70,320000,2264400,1.8,4075,Ingen,1.0
Vidhaugen 25I,46/567/0/10,3491000,70,320000,2123700,1.8,3822,Ingen,1.0
Vidhaugen 25H,46/567/0/11,3939000,70,320000,2437300,1.8,4387,Ingen,1.0
Vidhaugen 25H,46/567/0/12,3692000,70,320000,2264400,1.8,4075,Ingen,1.0
Vidhaugen 25J,46/567/0/13,3692000,70,320000,2264400,1.8,4075,Ingen,1.0
Vidhaugen 25L,46/567/0/14,3692000,70,320000,2264400,1.8,4075,Ingen,1.0
Vidhaugen 25K,46/567/0/15,3939000,70,320000,2437300,1.8,4387,Ingen,1.0
Vidhaugen 25K,46/567/0/16,3592000,70,320000,2194400,1.8,3949,Ingen,1.0
Sveabakken 16,46/568/0/0,8805000,70,320000,5843500,1.8,10518,Ingen,1.0
Sveabakken 18,46/569/0/0,7172000,70,320000,4700400,1.8,8460,Ingen,1.0
Smiskaret 1C,46/571/0/0,5190000,70,320000,3313000,1.8,5963,Ingen,1.0
Smiskaret 1A,46/572/0/0,12595000,70,640000,8176500,1.8,14717,Ingen,2.0
Øvre Sveberglia 14,46/574/0/0,7846000,70,320000,5172200,1.8,9309,Ingen,1.0
Øvre Sveberglia 16,46/575/0/0,6838000,70,320000,4466600,1.8,8039,Ingen,1.0
Øvre Sveberglia 18,46/576/0/0,6258000,70,320000,4060600,1.8,7309,Ingen,1.0
Øvre Sveberglia 20,46/577/0/0,8073000,70,320000,5331100,1.8,9595,Ingen,1.0
Øvre Sveberglia 22,46/578/0/0,7960000,70,320000,5252000,1.8,9453,Ingen,1.0
Øvre Sveberglia 24,46/579/0/0,6456000,70,320000,4199200,1.8,7558,Ingen,1.0
Øvre Sveberglia 26,46/580/0/0,6258000,70,320000,4060600,1.8,7309,Ingen,1.0
Sveberglia 6,46/581/0/0,9006000,70,640000,5664200,1.8,10195,Ingen,2.0
Sveberglia 4,46/582/0/0,11503000,70,640000,7412100,1.8,13341,Ingen,2.0
Sveberglia 2,46/583/0/0,11535000,70,320000,7754500,1.8,13958,Ingen,1.0
Vidhaugen 2,46/584/0/0,6180000,70,320000,4006000,1.8,7210,Ingen,1.0
Vidhaugen 4,46/585/0/0,6161000,70,320000,3992700,1.8,7186,Ingen,1.0
Vidhaugen 6,46/586/0/0,6365000,70,640000,3815500,1.8,6867,Ingen,2.0
Vidhaugen 12,46/587/0/1,4471000,70,320000,2809700,1.8,5057,Ingen,1.0
Vidhaugen 14,46/587/0/2,4942000,70,320000,3139400,1.8,5650,Ingen,1.0
Vidhaugen 10,46/587/0/3,6032000,70,320000,3902400,1.8,7024,Ingen,1.0
Vidhaugen 8,46/587/0/4,6992000,70,320000,4574400,1.8,8233,Ingen,1.0
Sveabakken 1,46/589/0/0,12692000,70,640000,8244400,1.8,14839,Ingen,2.0
Sveabakken 3,46/590/0/0,10494000,70,320000,7025800,1.8,12646,Ingen,1.0
Sveabakken 5,46/591/0/0,11439000,70,640000,7367300,1.8,13261,Ingen,2.0
Sveabakken 7,46/592/0/0,9719000,70,640000,6163300,1.8,11093,Ingen,2.0
Sveabakken 9,46/594/0/0,9197000,70,320000,6117900,1.8,11012,Ingen,1.0
Sveabakken 27,46/595/0/0,6420000,70,320000,4174000,1.8,7513,Ingen,1.0
Sveabakken 8,46/596/0/0,9890000,70,320000,6603000,1.8,11885,Ingen,1.0
Sveabakken 10,46/597/0/0,8259000,70,320000,5461300,1.8,9830,Ingen,1.0
Sveabakken 12,46/598/0/0,8841000,70,320000,5868700,1.8,10563,Ingen,1.0
Sveabakken 14,46/599/0/0,6365000,70,320000,4135500,1.8,7443,Ingen,1.0
Vidhaugen 16,46/600/0/0,6085000,70,320000,3939500,1.8,7091,Ingen,1.0
Vidhaugen 18,46/601/0/0,8296000,70,320000,5487200,1.8,9876,Ingen,1.0
Vidhaugen 20,46/602/0/0,6085000,70,320000,3939500,1.8,7091,Ingen,1.0
Vidhaugen 22,46/603/0/0,6085000,70,320000,3939500,1.8,7091,Ingen,1.0
Vidhaugen 24,46/604/0/0,6085000,70,320000,3939500,1.8,7091,Ingen,1.0
Vidhaugen 26,46/605/0/0,5988000,70,320000,3871600,1.8,6968,Ingen,1.0
Vidhaugen 28,46/606/0/0,5988000,70,320000,3871600,1.8,6968,Ingen,1.0
Vidhaugen 30,46/607/0/0,5969000,70,320000,3858300,1.8,6944,Ingen,1.0
Vidhaugen 32,46/608/0/0,5988000,70,320000,3871600,1.8,6968,Ingen,1.0
Vidhaugen 34,46/609/0/0,6085000,70,320000,3939500,1.8,7091,Ingen,1.0
Sveabakken 26,46/610/0/0,8296000,70,320000,5487200,1.8,9876,Ingen,1.0
Sveabakken 24,46/611/0/0,8333000,70,320000,5513100,1.8,9923,Ingen,1.0
Sveabakken 22,46/612/0/0,7172000,70,320000,4700400,1.8,8460,Ingen,1.0
Sveabakken 20,46/613/0/0,8479000,70,320000,5615300,1.8,10107,Ingen,1.0
Sveberglia 1,46/617/0/0,3974000,70,320000,2461800,1.8,4431,Ingen,1.0
Sveberglia 3,46/618/0/0,4617000,70,320000,2911900,1.8,5241,Ingen,1.0
Sveberglia 9,46/619/0/1,3841000,70,320000,2368700,1.8,4263,Ingen,1.0
Sveberglia 5,46/619/0/2,3841000,70,320000,2368700,1.8,4263,Ingen,1.0
Sveberglia 7,46/619/0/3,3450000,70,320000,2095000,1.8,3771,Ingen,1.0
Sveberglia 7,46/619/0/4,3549000,70,320000,2164300,1.8,3895,Ingen,1.0
Sveberglia 15,46/621/0/1,3841000,70,320000,2368700,1.8,4263,Ingen,1.0
Sveberglia 11,46/621/0/2,3841000,70,320000,2368700,1.8,4263,Ingen,1.0
Sveberglia 13,46/621/0/3,3841000,70,320000,2368700,1.8,4263,Ingen,1.0
Sveberglia 13,46/621/0/4,3841000,70,320000,2368700,1.8,4263,Ingen,1.0
Sveberglia 17,46/622/0/0,5876000,70,320000,3793200,1.8,6827,Ingen,1.0
Sveberglia 19,46/623/0/0,6132000,70,320000,3972400,1.8,7150,Ingen,1.0
Sveberglia 21,46/624/0/0,5876000,70,320000,3793200,1.8,6827,Ingen,1.0
Sveberglia 23,46/625/0/0,5876000,70,320000,3793200,1.8,6827,Ingen,1.0
Sveberglia 25,46/626/0/0,5006000,70,320000,3184200,1.8,5731,Ingen,1.0
Sveberglia 27,46/627/0/0,6174000,70,320000,4001800,1.8,7203,Ingen,1.0
Stavlia 1,46/630/0/0,6161000,70,320000,3992700,1.8,7186,Ingen,1.0
Stavlia 3,46/631/0/0,5969000,70,320000,3858300,1.8,6944,Ingen,1.0
Stavlia 5,46/632/0/0,6180000,70,320000,4006000,1.8,7210,Ingen,1.0
Stavlia 7,46/633/0/0,6161000,70,320000,3992700,1.8,7186,Ingen,1.0
Stavlia 9,46/634/0/0,5969000,70,320000,3858300,1.8,6944,Ingen,1.0
Stavlia 11,46/635/0/0,5969000,70,320000,3858300,1.8,6944,Ingen,1.0
Stavlia 13,46/636/0/0,5969000,70,320000,3858300,1.8,6944,Ingen,1.0
Stavlia 15,46/637/0/0,5988000,70,320000,3871600,1.8,6968,Ingen,1.0
Stavlia 17,46/638/0/0,5988000,70,320000,3871600,1.8,6968,Ingen,1.0
Stavlia 19,46/639/0/0,6161000,70,320000,3992700,1.8,7186,Ingen,1.0
Stavlia 21,46/640/0/0,5988000,70,320000,3871600,1.8,6968,Ingen,1.0
Stavlia 23,46/641/0/0,5988000,70,320000,3871600,1.8,6968,Ingen,1.0
Stavlia 25,46/642/0/0,8110000,70,320000,5357000,1.8,9642,Ingen,1.0
Stavlia 27,46/643/0/0,6161000,70,320000,3992700,1.8,7186,Ingen,1.0
Stavlia 2,46/644/0/0,6158000,70,320000,3990600,1.8,7183,Ingen,1.0
Stavlia 4,46/645/0/0,5988000,70,320000,3871600,1.8,6968,Ingen,1.0
Stavlia 6,46/646/0/0,5790000,70,320000,3733000,1.8,6719,Ingen,1.0
Stavlia 8,46/647/0/0,6123000,70,320000,3966100,1.8,7138,Ingen,1.0
Stavlia 10,46/648/0/0,5055000,70,320000,3218500,1.8,5793,Ingen,1.0
Stavlia 12,46/649/0/0,5478000,70,320000,3514600,1.8,6326,Ingen,1.0
Stavlia 14,46/650/0/0,5478000,70,320000,3514600,1.8,6326,Ingen,1.0
Stavlia 16,46/651/0/0,5457000,70,320000,3499900,1.8,6299,Ingen,1.0
Stavlia 18,46/652/0/0,5478000,70,320000,3514600,1.8,6326,Ingen,1.0
Stavlia 20,46/653/0/0,5478000,70,320000,3514600,1.8,6326,Ingen,1.0
Stavlia 22,46/654/0/0,5478000,70,320000,3514600,1.8,6326,Ingen,1.0
Stavlia 24,46/655/0/0,5478000,70,320000,3514600,1.8,6326,Ingen,1.0
Grønbergssvingen 78,46/657/0/0,8185000,70,320000,5409500,1.8,9737,Ingen,1.0
Grønbergssvingen 76,46/659/0/0,12411000,70,320000,8367700,1.8,15061,Ingen,1.0
Grønbergssvingen 74,46/660/0/0,12164000,70,640000,7874800,1.8,14174,Ingen,2.0
Grønbergssvingen 72,46/661/0/0,9684000,70,320000,6458800,1.8,11625,Ingen,1.0
Grønbergssvingen 68,46/662/0/0,6890000,70,640000,4183000,1.8,7529,Ingen,2.0
Grønbergssvingen 70,46/663/0/0,11471000,70,320000,7709700,1.8,13877,Ingen,1.0
Grønbergssvingen 66A,46/664/0/1,5668000,70,320000,3647600,1.8,6565,Ingen,1.0
Grønbergssvingen 66B,46/664/0/2,5478000,70,320000,3514600,1.8,6326,Ingen,1.0
Grønbergssvingen 64A,46/665/0/0,11535000,70,640000,7434500,1.8,13382,Ingen,2.0
Grønbergssvingen 62,46/666/0/0,11535000,70,640000,7434500,1.8,13382,Ingen,2.0
Rotamarka 2,46/668/0/1,7283000,70,320000,4778100,1.8,8600,Ingen,1.0
Rotamarka 4,46/668/0/2,4864000,70,320000,3084800,1.8,5552,Ingen,1.0
Rotamarka 6,46/668/0/3,7235000,70,320000,4744500,1.8,8540,Ingen,1.0
Rotamarka 8,46/668/0/4,7122000,70,320000,4665400,1.8,8397,Ingen,1.0
Grønbergssvingen 101A,46/673/0/0,14404000,70,640000,9442800,1.8,16997,Ingen,2.0
Grønbergssvingen 95,46/677/0/0,8949000,70,320000,5944300,1.8,10699,Ingen,1.0
Grønbergssvingen 87,46/679/0/0,8909000,70,320000,5916300,1.8,10649,Ingen,1.0
Grønbergssvingen 85,46/680/0/0,11851000,70,640000,7655700,1.8,13780,Ingen,2.0
Grønbergssvingen 83,46/681/0/0,11535000,70,640000,7434500,1.8,13382,Ingen,2.0
Grønbergssvingen 81,46/682/0/0,11215000,70,640000,7210500,1.8,12978,Ingen,2.0
Grønbergssvingen 79,46/683/0/0,10628000,70,320000,7119600,1.8,12815,Ingen,1.0
Grønbergssvingen 77,46/684/0/0,9162000,70,640000,5773400,1.8,10392,Ingen,2.0
Grønbergssvingen 75,46/685/0/0,9372000,70,320000,6240400,1.8,11232,Ingen,1.0
Grønbergssvingen 73,46/686/0/0,11535000,70,640000,7434500,1.8,13382,Ingen,2.0
Grønbergssvingen 71,46/688/0/0,8661000,70,320000,5742700,1.8,10336,Ingen,1.0
Grønbergssvingen 69,46/689/0/0,8222000,70,320000,5435400,1.8,9783,Ingen,1.0
Grønbergssvingen 67,46/690/0/0,8239000,70,320000,5447300,1.8,9805,Ingen,1.0
Grønbergssvingen 65,46/691/0/0,8110000,70,320000,5357000,1.8,9642,Ingen,1.0
Grønbergssvingen 63,46/692/0/0,3895000,70,320000,2406500,1.8,4331,Ingen,1.0
Grønbergssvingen 61,46/693/0/0,8479000,70,320000,5615300,1.8,10107,Ingen,1.0
Grønbergssvingen 59,46/694/0/0,6907000,70,320000,4514900,1.8,8126,Ingen,1.0
Grønbergssvingen 57,46/695/0/0,10161000,70,320000,6792700,1.8,12226,Ingen,1.0
Grønbergssvingen 55,46/696/0/0,9787000,70,320000,6530900,1.8,11755,Ingen,1.0
Grønbergssvingen 53,46/697/0/0,7847000,70,320000,5172900,1.8,9311,Ingen,1.0
Grønbergssvingen 51,46/698/0/0,8769000,70,320000,5818300,1.8,10472,Ingen,1.0
Grønbergssvingen 89,46/699/0/0,10890000,70,320000,7303000,1.8,13145,Ingen,1.0
Grønbergssvingen 91,46/700/0/0,8769000,70,320000,5818300,1.8,10472,Ingen,1.0
Sveberglia 34,46/704/0/0,5674000,70,320000,3651800,1.8,6573,Ingen,1.0
Sveberglia 32,46/705/0/0,6132000,70,320000,3972400,1.8,7150,Ingen,1.0
Sveberglia 30,46/706/0/0,6630000,70,320000,4321000,1.8,7777,Ingen,1.0
Sveberglia 28,46/707/0/0,6132000,70,320000,3972400,1.8,7150,Ingen,1.0
Sveberglia 26,46/708/0/0,6132000,70,320000,3972400,1.8,7150,Ingen,1.0
Sveberglia 20,46/711/0/0,6132000,70,320000,3972400,1.8,7150,Ingen,1.0
Sveberglia 18,46/712/0/0,5119000,70,320000,3263300,1.8,5873,Ingen,1.0
Sveberglia 16,46/713/0/0,5114000,70,320000,3259800,1.8,5867,Ingen,1.0
Sveberglia 14,46/714/0/0,5876000,70,320000,3793200,1.8,6827,Ingen,1.0
Sveberglia 12,46/715/0/0,5876000,70,320000,3793200,1.8,6827,Ingen,1.0
Sveberglia 10,46/716/0/0,5876000,70,320000,3793200,1.8,6827,Ingen,1.0
Sveberglia 8,46/717/0/0,5798000,70,320000,3738600,1.8,6729,Ingen,1.0
Grønbergssvingen 2A,46/718/0/0,10228000,70,640000,6519600,1.8,11735,Ingen,2.0
Grønbergssvingen 4,46/719/0/0,2914000,70,320000,1719800,1.8,3095,Ingen,1.0
Grønbergssvingen 6,46/720/0/0,8516000,70,320000,5641200,1.8,10154,Ingen,1.0
Grønbergssvingen 14,46/721/0/0,5847000,70,320000,3772900,1.8,6791,Ingen,1.0
Grønbergssvingen 16,46/723/0/0,13969000,70,320000,9458300,1.8,17024,Ingen,1.0
Grønbergssvingen 18,46/724/0/0,8110000,70,320000,5357000,1.8,9642,Ingen,1.0
Grønbergssvingen 20,46/725/0/0,9753000,70,320000,6507100,1.8,11712,Ingen,1.0
Grønbergssvingen 22,46/726/0/1,5188000,70,320000,3311600,1.8,5960,Ingen,1.0
Grønbergssvingen 24,46/726/0/2,6292000,70,320000,4084400,1.8,7351,Ingen,1.0
Grønbergssvingen 26,46/726/0/3,6273000,70,320000,4071100,1.8,7327,Ingen,1.0
Grønbergssvingen 28,46/726/0/4,6273000,70,320000,4071100,1.8,7327,Ingen,1.0
Grønbergssvingen 30,46/726/0/5,5430000,70,320000,3481000,1.8,6265,Ingen,1.0
Grønbergssvingen 32,46/726/0/6,6273000,70,320000,4071100,1.8,7327,Ingen,1.0
Grønbergssvingen 34,46/727/0/1,6806000,70,320000,4444200,1.8,7999,Ingen,1.0
Grønbergssvingen 36,46/727/0/2,5104000,70,320000,3252800,1.8,5855,Ingen,1.0
Grønbergssvingen 38,46/727/0/3,5105000,70,320000,3253500,1.8,5856,Ingen,1.0
Grønbergssvingen 40,46/727/0/4,6806000,70,320000,4444200,1.8,7999,Ingen,1.0
Grønbergssvingen 52,46/728/0/0,6772000,70,320000,4420400,1.8,7956,Ingen,1.0
Grønbergssvingen 60,46/730/0/0,6417000,70,320000,4171900,1.8,7509,Ingen,1.0
Sveabakken 19,46/731/0/0,6310000,70,320000,4097000,1.8,7374,Ingen,1.0
Sveabakken 21,46/732/0/0,6347000,70,320000,4122900,1.8,7421,Ingen,1.0
Sveabakken 23,46/733/0/0,6310000,70,320000,4097000,1.8,7374,Ingen,1.0
Sveabakken 25,46/734/0/0,6347000,70,320000,4122900,1.8,7421,Ingen,1.0
Sveabakken 17,46/735/0/0,9511000,70,320000,6337700,1.8,11407,Ingen,1.0
Sveabakken 15,46/736/0/0,6347000,70,320000,4122900,1.8,7421,Ingen,1.0
Sveabakken 13,46/737/0/0,6686000,70,320000,4360200,1.8,7848,Ingen,1.0
Sveabakken 11,46/738/0/0,6581000,70,320000,4286700,1.8,7716,Ingen,1.0
Smiskaret 53A,46/739/0/0,8110000,70,320000,5357000,1.8,9642,Ingen,1.0
Grønbergssvingen 86,46/740/0/0,8369000,70,320000,5538300,1.8,9968,Ingen,1.0
Grønbergssvingen 84,46/741/0/0,8769000,70,320000,5818300,1.8,10472,Ingen,1.0
Grønbergssvingen 82,46/742/0/0,4498000,70,320000,2828600,1.8,5091,Ingen,1.0
Grønbergssvingen 80,46/743/0/0,8369000,70,320000,5538300,1.8,9968,Ingen,1.0
Grønbergssvingen 10,46/745/0/0,5763000,70,320000,3714100,1.8,6685,Ingen,1.0
Grønbergssvingen 12,46/746/0/0,5105000,70,320000,3253500,1.8,5856,Ingen,1.0
Grønbergssvingen 54,46/747/0/0,7923000,70,320000,5226100,1.8,9406,Ingen,1.0
Grønbergssvingen 56,46/748/0/0,8479000,70,320000,5615300,1.8,10107,Ingen,1.0
Grønbergssvingen 58,46/749/0/0,6446000,70,320000,4192200,1.8,7545,Ingen,1.0
Grønbergssvingen 42,46/751/0/0,6616000,70,320000,4311200,1.8,7760,Ingen,1.0
Grønbergssvingen 44,46/752/0/0,5988000,70,320000,3871600,1.8,6968,Ingen,1.0
Grønbergssvingen 46,46/753/0/0,5988000,70,320000,3871600,1.8,6968,Ingen,1.0
Grønbergssvingen 48,46/754/0/0,4003000,70,320000,2482100,1.8,4467,Ingen,1.0
Grønbergssvingen 50,46/755/0/0,5988000,70,320000,3871600,1.8,6968,Ingen,1.0
Smiskaret 53B,46/756/0/0,3323000,70,320000,2006100,1.8,3610,Ingen,1.0
Smiskaret 28,46/757/0/0,5542000,70,320000,3559400,1.8,6406,Ingen,1.0
Roten 0,47/2/0/0,70000,100,0,70000,1.8,126,Ingen,1.0
Roten Vestre 0,47/3/0/0,22000,100,0,22000,1.8,39,Ingen,1.0
Roten 0,47/4/0/0,0,100,0,0,1.8,0,Ingen,1.0
Malvikvegen 1027,47/5/0/0,5908000,70,320000,3815600,1.8,6868,Ingen,1.0
Malvikvegen 1015,47/6/0/0,3298000,70,320000,1988600,1.8,3579,Ingen,1.0
Malvikvegen 1113,47/8/0/0,3880000,70,320000,2396000,1.8,4312,Ingen,1.0
Grønbergs Veg 27,47/9/0/0,3907000,70,320000,2414900,1.8,4346,Ingen,1.0
Malvikvegen 1111,47/13/0/0,4144000,70,320000,2580800,1.8,4645,Ingen,1.0
Malvikvegen 1091,47/14/0/0,5886000,70,320000,3800200,1.8,6840,Ingen,1.0
Malvikvegen 1105,47/17/0/0,4723000,70,320000,2986100,1.8,5374,Ingen,1.0
Malvikvegen 1013,47/18/0/0,3718000,70,320000,2282600,1.8,4108,Ingen,1.0
Øvre Nr. 2 0,47/19/0/0,25000,100,0,25000,1.8,45,Ingen,1.0
Malvikvegen 1003,47/21/0/0,3093000,70,320000,1845100,1.8,3321,Ingen,1.0
Malvikvegen 1045,47/24/0/0,3663000,70,320000,2244100,1.8,4039,Ingen,1.0
47/25/0/0 0,47/25/0/0,400000,70,320000,0,1.8,0,Ingen,1.0
Malvikvegen 1021,47/26/0/0,4625000,70,320000,2917500,1.8,5251,Ingen,1.0
Malvikvegen 1021B,47/27/0/0,4195000,70,320000,2616500,1.8,4709,Ingen,1.0
Malvikvegen 1005,47/28/0/0,5132000,70,320000,3272400,1.8,5890,Ingen,1.0
Fuglesang Ii 0,47/29/0/0,0,100,0,0,1.8,0,Ingen,1.0
Malvikvegen 999,47/30/0/0,460000,70,320000,2000,1.8,3,Ingen,1.0
Malvikvegen 1007,47/33/0/0,3853000,70,320000,2377100,1.8,4278,Ingen,1.0
Malvikvegen 1049,47/34/0/0,508000,70,320000,35600,1.8,64,Ingen,1.0
Malvikvegen 1019,47/39/0/0,3663000,70,320000,2244100,1.8,4039,Ingen,1.0
Malvikvegen 1017,47/40/0/0,3240000,70,320000,1948000,1.8,3506,Ingen,1.0
Malvikvegen 1011,47/42/0/0,2569000,70,320000,1478300,1.8,2660,Ingen,1.0
Malvikvegen 1009,47/45/0/0,7781000,70,320000,5126700,1.8,9228,Ingen,1.0
Malvikvegen 1069,47/46/0/0,3572000,70,320000,2180400,1.8,3924,Ingen,1.0
Malvikvegen 1075,47/47/0/0,374000,70,320000,0,1.8,0,Ingen,1.0
Blåhammervegen 8,47/51/0/0,3880000,70,320000,2396000,1.8,4312,Ingen,1.0
Malvikvegen 1029,47/52/0/0,5022000,70,320000,3195400,1.8,5751,Ingen,1.0
Malvikvegen 1022,47/53/0/0,91000,70,320000,0,1.8,0,Ingen,1.0
Malvikvegen 1071,47/55/0/0,328000,70,320000,0,1.8,0,Ingen,1.0
Malvikvegen 1025,47/56/0/0,3659000,70,320000,2241300,1.8,4034,Ingen,1.0
Malvikvegen 1101,47/57/0/0,4965000,70,320000,3155500,1.8,5679,Ingen,1.0
Malvikvegen 1051,47/58/0/0,4146000,70,320000,2582200,1.8,4647,Ingen,1.0
Grønbergs Veg 29,47/59/0/0,5362000,70,320000,3433400,1.8,6180,Ingen,1.0
Malvikvegen 1073,47/61/0/0,0,100,0,0,1.8,0,Ingen,1.0
Blåhammervegen 13,47/62/0/0,3335000,70,640000,1694500,1.8,3050,Ingen,2.0
MALVIKVEGEN 1103,47/63/0/0,8984000,70,640000,5648800,1.8,10167,Ingen,2.0
Malvikvegen 1067,47/65/0/0,2674000,70,320000,1551800,1.8,2793,Ingen,1.0
Linjener 1 0,47/67/0/0,0,100,0,0,1.8,0,Ingen,1.0
Blåhammervegen 11,47/69/0/0,3960000,70,320000,2452000,1.8,4413,Ingen,1.0
Malvikvegen 1061,47/70/0/0,2915000,70,320000,1720500,1.8,3096,Ingen,1.0
Malvikvegen 1020,47/71/0/0,3663000,70,320000,2244100,1.8,4039,Ingen,1.0
Malvikvegen 1023,47/72/0/0,4525000,70,320000,2847500,1.8,5125,Ingen,1.0
Bakktun 0,47/73/0/0,0,100,0,0,1.8,0,Ingen,1.0
Parsell Iv 0,47/74/0/0,0,100,0,0,1.8,0,Ingen,1.0
47/75/0/0 0,47/75/0/0,0,100,0,0,1.8,0,Ingen,1.0
Parsell Iii 0,47/76/0/0,0,100,0,0,1.8,0,Ingen,1.0
Parsell Iii B 0,47/83/0/0,48000,100,0,48000,1.8,86,Ingen,1.0
Parsell Iii A 0,47/84/0/0,0,100,0,0,1.8,0,Ingen,1.0
Malvikvegen 1065,47/85/0/0,155000,100,0,155000,1.8,279,Ingen,1.0
Bjørklund 0,47/86/0/0,0,100,0,0,1.8,0,Ingen,1.0
Naustdelen 0,47/87/0/0,0,100,0,0,1.8,0,Ingen,1.0
Tyttebærvegen 27,47/88/0/0,5319000,70,640000,3083300,1.8,5549,Ingen,2.0
Tyttebærvegen 25,47/89/0/0,6451000,70,320000,4195700,1.8,7552,Ingen,1.0
Nypevegen 20,47/90/0/0,5564000,70,320000,3574800,1.8,6434,Ingen,1.0
Nypevegen 22,47/91/0/0,5775000,70,640000,3402500,1.8,6124,Ingen,2.0
Tyttebærvegen 14,47/93/0/0,4665000,70,320000,2945500,1.8,5301,Ingen,1.0
Tyttebærvegen 16,47/94/0/0,4650000,70,320000,2935000,1.8,5283,Ingen,1.0
Tyttebærvegen 18,47/95/0/0,3479000,70,320000,2115300,1.8,3807,Ingen,1.0
Tyttebærvegen 21,47/96/0/0,5179000,70,640000,2985300,1.8,5373,Ingen,2.0
Tillegg Til Lykkebo 0,47/98/0/0,0,100,0,0,1.8,0,Ingen,1.0
T&illegg Til Fuglesang 0,47/99/0/0,0,100,0,0,1.8,0,Ingen,1.0
Malvikvegen 1010,47/103/0/0,4893000,70,320000,3105100,1.8,5589,Ingen,1.0
Blåhammervegen 10,47/104/0/0,4144000,70,320000,2580800,1.8,4645,Ingen,1.0
Tillegg Til Bjørkheim 0,47/109/0/0,156000,100,0,156000,1.8,280,Ingen,1.0
Malvikvegen 1040,47/111/0/0,2852000,70,320000,1676400,1.8,3017,Ingen,1.0
Garasjetomt 0,47/113/0/0,75000,100,0,75000,1.8,135,Ingen,1.0
"Linjegrunn, Nordlandsbanen 0",47/114/0/0,0,100,0,0,4.0,0,Ingen,1.0
Veggrunn 3 Av Roten 0,47/117/0/0,0,100,0,0,4.0,0,Ingen,1.0
Malvikvegen 1065B,47/118/0/0,4528000,70,320000,2849600,1.8,5129,Ingen,1.0
Malvikvegen 1200,48/2/0/0,4859000,70,640000,2761300,1.8,4970,Ingen,2.0
Markens Veg 2,48/3/0/0,4575000,70,320000,2882500,1.8,5188,Ingen,1.0
Markens Veg 3,48/6/0/0,4917000,70,320000,3121900,1.8,5619,Ingen,1.0
Steinbruddvegen 10,48/7/0/0,5330000,70,320000,3411000,1.8,6139,Ingen,1.0
Markens Veg 7,48/8/0/0,7773000,70,640000,4801100,1.8,8641,Ingen,2.0
Grønbergs Veg 11B,48/9/0/0,4674000,70,320000,2951800,1.8,5313,Ingen,1.0
Grønbergs Veg 7,48/10/0/0,4221000,70,320000,2634700,1.8,4742,Ingen,1.0
Blåhammervegen 1,48/11/0/0,5503000,70,320000,3532100,1.8,6357,Ingen,1.0
Malvikvegen 1150,48/12/0/0,2735000,70,320000,1594500,1.8,2870,Ingen,1.0
Blåhammervegen 3,48/13/0/0,4625000,70,320000,2917500,1.8,5251,Ingen,1.0
Grønbergs Veg 13,48/16/0/0,2771000,70,320000,1619700,1.8,2915,Ingen,1.0
Grønbergs Veg 9,48/18/0/0,2821000,70,320000,1654700,1.8,2978,Ingen,1.0
Steinbruddvegen 2,48/19/0/0,4965000,70,320000,3155500,1.8,5679,Ingen,1.0
Silkevegen 1,48/20/0/0,6128000,70,320000,3969600,1.8,7145,Ingen,1.0
Silkevegen 2,48/21/0/0,6883000,70,640000,4178100,1.8,7520,Ingen,2.0
Malvikvegen 1201,48/22/0/0,4869000,70,320000,3088300,1.8,5558,Ingen,1.0
Hesttrøa 7,48/26/0/0,5594000,70,320000,3595800,1.8,6472,Ingen,1.0
Holberg 0,48/28/0/0,0,100,0,0,1.8,0,Ingen,1.0
Grønbergs Veg 44,48/29/0/0,3211000,70,320000,1927700,1.8,3469,Ingen,1.0
Grønbergs Veg 36,48/30/0/0,3608000,70,320000,2205600,1.8,3970,Ingen,1.0
Brannan 1,48/31/0/0,3553000,70,320000,2167100,1.8,3900,Ingen,1.0
Silkevegen 3,48/32/0/0,3115000,70,320000,1860500,1.8,3348,Ingen,1.0
Brannan 9,48/33/0/0,2698000,70,320000,1568600,1.8,2823,Ingen,1.0
Malvikvegen 1202,48/34/0/0,5155000,70,320000,3288500,1.8,5919,Ingen,1.0
Hesttrøa 9,48/35/0/0,4400000,70,320000,2760000,1.8,4968,Ingen,1.0
Brannan 13,48/36/0/0,3034000,70,320000,1803800,1.8,3246,Ingen,1.0
Grønvang I 0,48/37/0/0,79000,100,0,79000,1.8,142,Ingen,1.0
Harrangflata 6,48/38/0/0,3412000,70,320000,2068400,1.8,3723,Ingen,1.0
Steinbruddvegen 6,48/42/0/0,3907000,70,320000,2414900,1.8,4346,Ingen,1.0
Blåhammervegen 5,48/44/0/0,4797000,70,320000,3037900,1.8,5468,Ingen,1.0
Grønbergs Veg 16,48/45/0/0,3182000,70,320000,1907400,1.8,3433,Ingen,1.0
Heggbakken 25,48/46/0/0,4600000,70,320000,2900000,1.8,5220,Ingen,1.0
Hesttrøa 11,48/47/0/0,2821000,70,320000,1654700,1.8,2978,Ingen,1.0
Grønbergs Veg 18,48/53/0/0,3933000,70,320000,2433100,1.8,4379,Ingen,1.0
Blåhammervegen 6,48/55/0/0,4045000,70,320000,2511500,1.8,4520,Ingen,1.0
Heggbakken 19,48/56/0/0,3986000,70,320000,2470200,1.8,4446,Ingen,1.0
Harrangflata 9,48/57/0/0,5013000,70,320000,3189100,1.8,5740,Ingen,1.0
Harrangflata 8,48/58/0/0,4797000,70,320000,3037900,1.8,5468,Ingen,1.0
Heggbakken 13,48/61/0/0,4821000,70,320000,3054700,1.8,5498,Ingen,1.0
Grønbergs Veg 14B,48/62/0/0,5458000,70,640000,3180600,1.8,5725,Ingen,2.0
Heggbakken 7,48/63/0/0,5132000,70,320000,3272400,1.8,5890,Ingen,1.0
Heggbakken 15,48/64/0/0,5037000,70,640000,2885900,1.8,5194,Ingen,2.0
Rognly I 0,48/66/0/0,0,100,0,0,1.8,0,Ingen,1.0
Brannan 15,48/68/0/0,4045000,70,320000,2511500,1.8,4520,Ingen,1.0
Grønbergs Veg 5,48/70/0/0,3608000,70,320000,2205600,1.8,3970,Ingen,1.0
Grønbergs Veg 3,48/72/0/0,4673000,70,320000,2951100,1.8,5311,Ingen,1.0
Harrangflata 7,48/73/0/0,6258000,70,640000,3740600,1.8,6733,Ingen,2.0
Butikkvegen 7,48/74/0/0,4450000,70,320000,2795000,1.8,5031,Ingen,1.0
Silkevegen 5,48/75/0/0,4250000,70,320000,2655000,1.8,4779,Ingen,1.0
Butikkvegen 5,48/76/0/0,4079000,70,640000,2215300,1.8,3987,Ingen,2.0
Butikkvegen 4,48/77/0/0,5166000,70,640000,2976200,1.8,5357,Ingen,2.0
Grønbergs Veg 42,48/79/0/0,5731000,70,320000,3691700,1.8,6645,Ingen,1.0
Heggbakken 5,48/81/0/0,4821000,70,320000,3054700,1.8,5498,Ingen,1.0
Hesttrøa 5,48/82/0/0,6641000,70,640000,4008700,1.8,7215,Ingen,2.0
Hesttrøa 3,48/83/0/0,5249000,70,320000,3354300,1.8,6037,Ingen,1.0
Dalabakkan 12,48/84/0/0,3608000,70,320000,2205600,1.8,3970,Ingen,1.0
Dalabakkan 22A,48/85/0/1,5349000,70,320000,3424300,1.8,6163,Ingen,1.0
Dalabakkan 22B,48/85/0/2,5457000,70,320000,3499900,1.8,6299,Ingen,1.0
Dalabakkan 17,48/86/0/0,4723000,70,320000,2986100,1.8,5374,Ingen,1.0
Butikkvegen 3,48/87/0/0,4517000,70,960000,2201900,1.8,3963,Ingen,3.0
Silkevegen 7,48/88/0/0,4013000,70,320000,2489100,1.8,4480,Ingen,1.0
Heggbakken 12,48/89/0/0,5867000,70,320000,3786900,1.8,6816,Ingen,1.0
Heggbakken 3,48/91/0/0,4273000,70,320000,2671100,1.8,4807,Ingen,1.0
Heggbakken 1,48/92/0/0,4600000,70,320000,2900000,1.8,5220,Ingen,1.0
Grønbergs Veg 38,48/93/0/0,2728000,70,320000,1589600,1.8,2861,Ingen,1.0
Dalabakkan 2,48/96/0/0,3745000,70,320000,2301500,1.8,4142,Ingen,1.0
Steinbruddvegen 3,48/97/0/0,4048000,70,320000,2513600,1.8,4524,Ingen,1.0
Steinbruddvegen 1,48/98/0/0,5249000,70,640000,3034300,1.8,5461,Ingen,2.0
Heggbakken 10,48/99/0/0,4525000,70,320000,2847500,1.8,5125,Ingen,1.0
Heggbakken 18,48/100/0/0,4273000,70,320000,2671100,1.8,4807,Ingen,1.0
Steinbruddvegen 5,48/101/0/0,4200000,70,320000,2620000,1.8,4716,Ingen,1.0
Dalabakkan 4,48/102/0/0,4525000,70,320000,2847500,1.8,5125,Ingen,1.0
Heggbakken 8,48/103/0/0,4400000,70,320000,2760000,1.8,4968,Ingen,1.0
Butikkvegen 2,48/104/0/0,4912000,70,640000,2798400,1.8,5037,Ingen,2.0
Heggbakken 6,48/105/0/0,4039000,70,320000,2507300,1.8,4513,Ingen,1.0
Heggbakken 4,48/106/0/0,4971000,70,640000,2839700,1.8,5111,Ingen,2.0
Sigtun 1 0,48/107/0/0,0,100,0,0,1.8,0,Ingen,1.0
Topptun I 0,48/108/0/0,92000,100,0,92000,1.8,165,Ingen,1.0
Dalabakkan 11,48/109/0/0,5365000,70,320000,3435500,1.8,6183,Ingen,1.0
Dalabakkan 6,48/111/0/0,4797000,70,320000,3037900,1.8,5468,Ingen,1.0
Grønbergs Veg 1,48/112/0/0,6662000,70,640000,4023400,1.8,7242,Ingen,2.0
Dalabakkan 13,48/113/0/0,4723000,70,320000,2986100,1.8,5374,Ingen,1.0
Dalabakkan 3,48/114/0/0,1948000,100,0,1948000,4.0,7792,Ingen,1.0
Dalabakkan 3,48/114/0/0,1015000,70,320000,390500,1.8,702,Ingen,1.0
Steinbruddvegen 7,48/115/0/0,5480000,70,320000,3516000,1.8,6328,Ingen,1.0
Brannan 8,48/117/0/0,3960000,70,320000,2452000,1.8,4413,Ingen,1.0
Grønbergs Veg 14A,48/118/0/0,4400000,70,320000,2760000,1.8,4968,Ingen,1.0
Grønbergs Veg 12,48/119/0/0,4349000,70,320000,2724300,1.8,4903,Ingen,1.0
Åsly I 0,48/120/0/0,0,100,0,0,1.8,0,Ingen,1.0
Dalabakkan 10,48/121/0/1,3096000,70,320000,1847200,1.8,3324,Ingen,1.0
Dalabakkan 10,48/121/0/2,3132000,70,320000,1872400,1.8,3370,Ingen,1.0
Grønheim I 0,48/122/0/0,0,100,0,0,1.8,0,Ingen,1.0
Drakstadir I 0,48/124/0/0,0,100,0,0,1.8,0,Ingen,1.0
Dalabakkan 7,48/125/0/0,6193000,70,640000,3695100,1.8,6651,Ingen,2.0
Steinbruddvegen 4,48/126/0/0,4013000,70,320000,2489100,1.8,4480,Ingen,1.0
Heggbakken 2,48/127/0/0,5249000,70,320000,3354300,1.8,6037,Ingen,1.0
Leikvegen 1,48/129/0/0,8100000,70,640000,5030000,1.8,9054,Ingen,2.0
Leikvegen 3,48/130/0/0,5930000,70,320000,3831000,1.8,6895,Ingen,1.0
Dalabakkan 14,48/131/0/0,3211000,70,320000,1927700,1.8,3469,Ingen,1.0
Dalabakkan 16,48/132/0/0,4400000,70,320000,2760000,1.8,4968,Ingen,1.0
Dalabakkan 18,48/133/0/0,4723000,70,320000,2986100,1.8,5374,Ingen,1.0
Dalabakkan 9,48/134/0/0,3580000,70,320000,2186000,1.8,3934,Ingen,1.0
Grønvang Ii 0,48/135/0/0,0,100,0,0,1.8,0,Ingen,1.0
Grønbergs Veg 6,48/136/0/0,4118000,70,320000,2562600,1.8,4612,Ingen,1.0
Leikvegen 5,48/137/0/0,5202000,70,320000,3321400,1.8,5978,Ingen,1.0
Leikvegen 7,48/138/0/0,7198000,70,640000,4398600,1.8,7917,Ingen,2.0
Dalabakkan 24,48/141/0/0,4550000,70,320000,2865000,1.8,5157,Ingen,1.0
Leikvegen 6,48/143/0/0,3799000,70,320000,2339300,1.8,4210,Ingen,1.0
Dalabakkan 8B,48/144/0/0,4750000,70,320000,3005000,1.8,5409,Ingen,1.0
Nedre Grønberg 1,48/145/0/0,3553000,70,320000,2167100,1.8,3900,Ingen,1.0
Nedre Grønberg 25,48/146/0/0,3778000,70,320000,2324600,1.8,4184,Ingen,1.0
Nedre Grønberg 3,48/147/0/0,5132000,70,320000,3272400,1.8,5890,Ingen,1.0
Nedre Grønberg 5,48/148/0/0,5908000,70,320000,3815600,1.8,6868,Ingen,1.0
Nedre Grønberg 7,48/149/0/0,4425000,70,320000,2777500,1.8,4999,Ingen,1.0
Nedre Grønberg 2A,48/150/0/1,2120000,70,320000,1164000,1.8,2095,Ingen,1.0
Nedre Grønberg 2B,48/150/0/2,2908000,70,320000,1715600,1.8,3088,Ingen,1.0
Nedre Grønberg 4,48/151/0/0,4845000,70,320000,3071500,1.8,5528,Ingen,1.0
Nedre Grønberg 23,48/152/0/0,6683000,70,640000,4038100,1.8,7268,Ingen,2.0
Nedre Grønberg 21,48/153/0/0,6193000,70,640000,3695100,1.8,6651,Ingen,2.0
Nedre Grønberg 19,48/154/0/0,4039000,70,320000,2507300,1.8,4513,Ingen,1.0
Nedre Grønberg 17,48/155/0/0,5132000,70,320000,3272400,1.8,5890,Ingen,1.0
Nedre Grønberg 15,48/156/0/0,3986000,70,320000,2470200,1.8,4446,Ingen,1.0
Nedre Grønberg 13,48/157/0/0,5365000,70,320000,3435500,1.8,6183,Ingen,1.0
Nedre Grønberg 11,48/158/0/0,6215000,70,640000,3710500,1.8,6678,Ingen,2.0
Nedre Grønberg 9,48/159/0/0,4092000,70,320000,2544400,1.8,4579,Ingen,1.0
Malvikvegen 1148,48/160/0/0,92000,100,0,92000,1.8,165,Ingen,1.0
Grønbergs Veg 14C,48/161/0/0,4772000,70,320000,3020400,1.8,5436,Ingen,1.0
Blåhammervegen 9,48/163/0/0,2665000,70,320000,1545500,1.8,2781,Ingen,1.0
Dalabakkan 23,48/165/0/0,4326000,70,320000,2708200,1.8,4874,Ingen,1.0
Leikvegen 2,48/166/0/0,4982000,70,640000,2847400,1.8,5125,Ingen,2.0
Dalabakkan 19,48/167/0/0,3130000,70,320000,1871000,1.8,3367,Ingen,1.0
Marienborg 0,48/168/0/0,0,100,0,0,1.8,0,Ingen,1.0
Leikvegen 4,48/169/0/0,4450000,70,320000,2795000,1.8,5031,Ingen,1.0
Grønbergs Veg 34,48/170/0/0,3826000,70,320000,2358200,1.8,4244,Ingen,1.0
Leikvegen 8,48/171/0/0,4400000,70,320000,2760000,1.8,4968,Ingen,1.0
Leikvegen 10,48/172/0/0,5249000,70,320000,3354300,1.8,6037,Ingen,1.0
Leikvegen 12,48/173/0/0,4041000,70,320000,2508700,1.8,4515,Ingen,1.0
Markens Veg 5,48/174/0/0,2784000,70,640000,1308800,1.8,2355,Ingen,2.0
Leikvegen 9,48/175/0/0,6301000,70,320000,4090700,1.8,7363,Ingen,1.0
Grønbergs Veg 17,48/177/0/0,5108000,70,320000,3255600,1.8,5860,Ingen,1.0
Harrangflata 2,48/179/0/0,5319000,70,640000,3083300,1.8,5549,Ingen,2.0
Harrangflata 3,48/181/0/0,4965000,70,320000,3155500,1.8,5679,Ingen,1.0
Grønbergs Veg 15,48/182/0/0,4500000,70,320000,2830000,1.8,5094,Ingen,1.0
Hesttrøa 15,48/183/0/0,4797000,70,320000,3037900,1.8,5468,Ingen,1.0
Brannan 17,48/184/0/0,4425000,70,320000,2777500,1.8,4999,Ingen,1.0
Dalabakkan 25,48/186/0/0,4600000,70,320000,2900000,1.8,5220,Ingen,1.0
Dalabakkan 27,48/187/0/0,3933000,70,320000,2433100,1.8,4379,Ingen,1.0
Tillegg Til Grønvang Ii 0,48/188/0/0,0,100,0,0,1.8,0,Ingen,1.0
Hesttrøa 13,48/189/0/0,5365000,70,320000,3435500,1.8,6183,Ingen,1.0
Brannan 19,48/190/0/0,1428000,70,320000,679600,1.8,1223,Ingen,1.0
Nypevegen 19,48/191/0/0,4650000,70,320000,2935000,1.8,5283,Ingen,1.0
Nypevegen 21,48/192/0/0,3469000,70,320000,2108300,1.8,3794,Ingen,1.0
Heggbakken 16,48/193/0/0,3469000,70,640000,1788300,1.8,3218,Ingen,2.0
Brannan 21,48/194/0/0,2839000,70,320000,1667300,1.8,3001,Ingen,1.0
Dalabakkan 20,48/195/0/0,5707000,70,320000,3674900,1.8,6614,Ingen,1.0
Butikkvegen 6,48/199/0/0,3745000,70,320000,2301500,1.8,4142,Ingen,1.0
Grønbergs Veg 20,48/204/0/0,4195000,70,320000,2616500,1.8,4709,Ingen,1.0
Nedre Grønberg 12,48/205/0/0,3933000,70,320000,2433100,1.8,4379,Ingen,1.0
Heggbakken 9,48/206/0/0,3933000,70,320000,2433100,1.8,4379,Ingen,1.0
Bergtun 0,48/207/0/0,0,100,0,0,1.8,0,Ingen,1.0
Blåhammervegen 4,48/208/0/0,5132000,70,320000,3272400,1.8,5890,Ingen,1.0
Nedre Grønberg 10,48/209/0/0,5435000,70,320000,3484500,1.8,6272,Ingen,1.0
Garasjetomta 0,48/210/0/0,0,100,0,0,1.8,0,Ingen,1.0
Heggbakken 21,48/211/0/0,5365000,70,320000,3435500,1.8,6183,Ingen,1.0
Grønbergs Veg 10,48/213/0/0,5458000,70,960000,2860600,1.8,5149,Ingen,3.0
Bjørkås I 0,48/214/0/0,0,100,0,0,1.8,0,Ingen,1.0
Dalabakkan 47,48/215/0/0,3745000,70,320000,2301500,1.8,4142,Ingen,1.0
Grønbergs Veg 46,48/216/0/0,5707000,70,640000,3354900,1.8,6038,Ingen,2.0
Tillegg Til Storbakken 0,48/219/0/0,0,100,0,0,1.8,0,Ingen,1.0
Dalabakkan 8,48/220/0/0,4475000,70,320000,2812500,1.8,5062,Ingen,1.0
Dalabakkan 26,48/221/0/0,5037000,70,320000,3205900,1.8,5770,Ingen,1.0
Tillegg I Til Grønvang 0,48/223/0/0,70000,100,0,70000,1.8,126,Ingen,1.0
Brannan 11,48/224/0/0,4845000,70,320000,3071500,1.8,5528,Ingen,1.0
Nypevegen 2,48/225/0/0,5013000,70,320000,3189100,1.8,5740,Ingen,1.0
Nypevegen 4,48/226/0/0,2665000,70,320000,1545500,1.8,2781,Ingen,1.0
Nypevegen 6,48/227/0/0,4941000,70,320000,3138700,1.8,5649,Ingen,1.0
Nypevegen 8,48/228/0/0,4858000,70,320000,3080600,1.8,5545,Ingen,1.0
Nypevegen 10,48/229/0/0,6236000,70,640000,3725200,1.8,6705,Ingen,2.0
Nypevegen 12,48/230/0/0,5365000,70,320000,3435500,1.8,6183,Ingen,1.0
Nypevegen 14,48/231/0/0,5458000,70,640000,3180600,1.8,5725,Ingen,2.0
Snurruvegen 3,48/232/0/0,4772000,70,320000,3020400,1.8,5436,Ingen,1.0
Snurruvegen 5,48/233/0/0,6408000,70,640000,3845600,1.8,6922,Ingen,2.0
Snurruvegen 7,48/234/0/0,5730000,70,320000,3691000,1.8,6643,Ingen,1.0
Snurruvegen 9,48/235/0/0,4550000,70,320000,2865000,1.8,5157,Ingen,1.0
Snurruvegen 11,48/236/0/0,5819000,70,320000,3753300,1.8,6755,Ingen,1.0
Snurruvegen 13,48/237/0/0,5389000,70,640000,3132300,1.8,5638,Ingen,2.0
Snurruvegen 15,48/238/0/0,5249000,70,320000,3354300,1.8,6037,Ingen,1.0
Tyttebærvegen 1,48/240/0/0,5685000,70,640000,3339500,1.8,6011,Ingen,2.0
Tyttebærvegen 2,48/241/0/0,4748000,70,320000,3003600,1.8,5406,Ingen,1.0
Tyttebærvegen 3,48/242/0/0,5273000,70,640000,3051100,1.8,5491,Ingen,2.0
Tyttebærvegen 4,48/243/0/0,5526000,70,320000,3548200,1.8,6386,Ingen,1.0
Tyttebærvegen 5,48/244/0/0,4941000,70,320000,3138700,1.8,5649,Ingen,1.0
Tyttebærvegen 6,48/245/0/0,4425000,70,320000,2777500,1.8,4999,Ingen,1.0
Tyttebærvegen 7,48/246/0/0,4450000,70,320000,2795000,1.8,5031,Ingen,1.0
Tyttebærvegen 8,48/247/0/0,5503000,70,320000,3532100,1.8,6357,Ingen,1.0
Tyttebærvegen 9,48/248/0/0,4298000,70,320000,2688600,1.8,4839,Ingen,1.0
Tyttebærvegen 10A,48/249/0/0,3840000,70,320000,2368000,1.8,4262,Ingen,1.0
Tyttebærvegen 12,48/250/0/0,5594000,70,320000,3595800,1.8,6472,Ingen,1.0
Tyttebærvegen 13,48/251/0/0,4989000,70,320000,3172300,1.8,5710,Ingen,1.0
Tyttebærvegen 15,48/252/0/0,6323000,70,320000,4106100,1.8,7390,Ingen,1.0
Tyttebærvegen 17,48/253/0/0,6515000,70,320000,4240500,1.8,7632,Ingen,1.0
Tyttebærvegen 19,48/254/0/0,5842000,70,320000,3769400,1.8,6784,Ingen,1.0
Blåbærvegen 2,48/256/0/0,5730000,70,320000,3691000,1.8,6643,Ingen,1.0
Blåbærvegen 3,48/257/0/0,5013000,70,320000,3189100,1.8,5740,Ingen,1.0
Blåbærvegen 4,48/258/0/0,4797000,70,320000,3037900,1.8,5468,Ingen,1.0
Blåbærvegen 5,48/259/0/0,5319000,70,320000,3403300,1.8,6125,Ingen,1.0
Blåbærvegen 6,48/260/0/0,4654000,70,320000,2937800,1.8,5288,Ingen,1.0
Blåbærvegen 7,48/261/0/0,5389000,70,320000,3452300,1.8,6214,Ingen,1.0
Blåbærvegen 8,48/262/0/0,4221000,70,320000,2634700,1.8,4742,Ingen,1.0
Blåbærvegen 9,48/263/0/0,5013000,70,320000,3189100,1.8,5740,Ingen,1.0
Blåbærvegen 11,48/264/0/0,3778000,70,640000,2004600,1.8,3608,Ingen,2.0
Heggbakken 23,48/265/0/0,5132000,70,640000,2952400,1.8,5314,Ingen,2.0
Nypevegen 13,48/266/0/0,5730000,70,640000,3371000,1.8,6067,Ingen,2.0
Nypevegen 5,48/267/0/0,5365000,70,320000,3435500,1.8,6183,Ingen,1.0
Nypevegen 1,48/268/0/0,6493000,70,640000,3905100,1.8,7029,Ingen,2.0
Nypevegen 3,48/269/0/0,5319000,70,320000,3403300,1.8,6125,Ingen,1.0
Snurruvegen 2,48/270/0/0,5132000,70,320000,3272400,1.8,5890,Ingen,1.0
Nypevegen 17,48/271/0/0,5061000,70,640000,2902700,1.8,5224,Ingen,2.0
Nypevegen 15,48/272/0/0,4410000,70,640000,2447000,1.8,4404,Ingen,2.0
Blåbærvegen 10,48/273/0/0,4298000,70,320000,2688600,1.8,4839,Ingen,1.0
Snurruvegen 1,48/274/0/0,3799000,70,320000,2339300,1.8,4210,Ingen,1.0
Nypevegen 16,48/275/0/0,3745000,70,320000,2301500,1.8,4142,Ingen,1.0
Nypevegen 18,48/276/0/0,4144000,70,320000,2580800,1.8,4645,Ingen,1.0
Nedre grønberg 12 0,48/278/0/0,26000,100,0,26000,1.8,46,Ingen,1.0
Tillegg Til Solgløtt 0,48/280/0/0,0,100,0,0,1.8,0,Ingen,1.0
Tyttebærvegen 10B,48/281/0/0,3840000,70,320000,2368000,1.8,4262,Ingen,1.0
Tillegg Til Dalatun 0,48/282/0/0,0,100,0,0,1.8,0,Ingen,1.0
Leikvegen 11,48/287/0/0,5640000,70,640000,3308000,1.8,5954,Ingen,2.0
Bakketun 5 0,48/288/0/0,41000,100,0,41000,1.8,73,Ingen,1.0
Tillegg Til Utsikten 0,48/289/0/0,0,100,0,0,1.8,0,Ingen,1.0
Tillegg Til Dalatun Ii 0,48/290/0/0,18000,100,0,18000,1.8,32,Ingen,1.0
Nordberg 2 0,48/294/0/0,0,100,0,0,1.8,0,Ingen,1.0
Grønbergs Veg 11A,48/300/0/0,4650000,70,320000,2935000,1.8,5283,Ingen,1.0
Markens Veg 4,48/304/0/0,5132000,70,320000,3272400,1.8,5890,Ingen,1.0
Tillegg Til Nedre Grønberg 7 0,48/306/0/0,44000,100,0,44000,1.8,79,Ingen,1.0
Nedre Grønberg 19B,48/307/0/0,4247000,70,320000,2652900,1.8,4775,Ingen,1.0
Smihaug 0,48/308/0/0,100000,100,0,100000,1.8,180,Ingen,1.0
Stavsjøvegen 20,48/311/0/0,19898000,100,0,19898000,4.0,79592,Ingen,1.0
Stavsjøvegen 28,48/313/0/0,3239000,100,0,3239000,4.0,12956,Ingen,1.0
Stavsjøvegen 6,48/314/0/0,29612000,100,0,29612000,4.0,118448,Ingen,1.0
Stavsjøvegen 10,48/315/0/0,1860000,100,0,1860000,4.0,7440,Ingen,1.0
Stavsjøvegen 40,48/316/0/0,22915000,100,0,22915000,4.0,91660,Ingen,1.0
Nypevegen 23,48/317/0/0,8100000,70,640000,5030000,1.8,9054,Ingen,2.0
Stavsjøvegen 4,48/319/0/0,54455000,100,0,54455000,4.0,217820,Ingen,1.0
Stavsjøvegen 26,48/321/0/0,6871000,100,0,6871000,4.0,27484,Ingen,1.0
Stavsjøvegen 22,48/322/0/0,3549000,100,0,3549000,4.0,14196,Ingen,1.0
Stavsjøvegen 18,48/323/0/0,7034000,100,0,7034000,4.0,28136,Ingen,1.0
Stavsjøvegen 8,48/324/0/0,8159000,100,0,8159000,4.0,32636,Ingen,1.0
Stavsjøvegen 30,48/325/0/0,0,100,0,0,4.0,0,Ingen,1.0
Snurruvegen 4,48/326/0/0,3123000,70,640000,1546100,1.8,2782,Ingen,2.0
Snurruvegen 6,48/327/0/0,6292000,70,640000,3764400,1.8,6775,Ingen,2.0
48/329/0/0 0,48/329/0/0,0,100,0,0,4.0,0,Ingen,1.0
48/333/0/0 0,48/333/0/0,0,100,0,0,1.8,0,Ingen,1.0
Stavsjøvegen 14,48/334/0/0,192415000,100,0,192415000,4.0,769660,Ingen,1.0
Stavsjøvegen 16,48/336/0/0,14257000,100,0,14257000,4.0,57028,Ingen,1.0
48/338/0/0 0,48/338/0/0,335000,100,0,335000,4.0,1340,Ingen,1.0
Stavsjøvegen 23,48/342/0/0,14421000,100,0,14421000,4.0,57684,Ingen,1.0
Stavsjøvegen 21,48/343/0/0,4907000,100,0,4907000,4.0,19628,Ingen,1.0
Stavsjøvegen 19,48/344/0/0,9372000,100,0,9372000,4.0,37488,Ingen,1.0
Stavsjøvegen 17,48/350/0/0,21841000,100,0,21841000,4.0,87364,Ingen,1.0
48/351/0/0 0,48/351/0/0,0,100,0,0,1.8,0,Ingen,1.0
48/352/0/0 0,48/352/0/0,0,100,0,0,1.8,0,Ingen,1.0
48/353/0/0 0,48/353/0/0,0,100,0,0,1.8,0,Ingen,1.0
48/356/0/0 0,48/356/0/0,192000,100,0,192000,1.8,345,Ingen,1.0
Dalabakkan 5,48/359/0/0,6062000,70,320000,3923400,1.8,7062,Ingen,1.0
Dalabakkan 1,48/360/0/0,9742000,70,320000,6499400,1.8,11698,Ingen,1.0
Raudåsflata 25,48/367/0/0,13184000,100,0,13184000,4.0,52736,Ingen,1.0
Raudåsflata 1A,48/371/0/1,913000,100,0,913000,4.0,3652,Ingen,1.0
Raudåsflata 1B,48/371/0/2,538000,100,0,538000,4.0,2152,Ingen,1.0
Raudåsflata 1C,48/371/0/3,538000,100,0,538000,4.0,2152,Ingen,1.0
Raudåsflata 1D,48/371/0/4,538000,100,0,538000,4.0,2152,Ingen,1.0
Raudåsflata 1E,48/371/0/5,538000,100,0,538000,4.0,2152,Ingen,1.0
Raudåsflata 1F,48/371/0/6,538000,100,0,538000,4.0,2152,Ingen,1.0
Raudåsflata 1G,48/371/0/7,913000,100,0,913000,4.0,3652,Ingen,1.0
Raudåsflata 1H,48/371/0/8,1009000,100,0,1009000,4.0,4036,Ingen,1.0
Raudåsflata 1I,48/371/0/9,538000,100,0,538000,4.0,2152,Ingen,1.0
Raudåsflata 1J,48/371/0/10,538000,100,0,538000,4.0,2152,Ingen,1.0
Raudåsflata 1K,48/371/0/11,645000,100,0,645000,4.0,2580,Ingen,1.0
Raudåsflata 1L,48/371/0/12,538000,100,0,538000,4.0,2152,Ingen,1.0
Raudåsflata 1M,48/371/0/13,538000,100,0,538000,4.0,2152,Ingen,1.0
Raudåsflata 1N,48/371/0/14,1028000,100,0,1028000,4.0,4112,Ingen,1.0
Raudåsflata 23,48/372/0/0,20802000,100,0,20802000,4.0,83208,Ingen,1.0
Raudåsflata 5A,48/377/0/1,714000,100,0,714000,4.0,2856,Ingen,1.0
Raudåsflata 5B,48/377/0/2,357000,100,0,357000,4.0,1428,Ingen,1.0
Raudåsflata 5C,48/377/0/3,357000,100,0,357000,4.0,1428,Ingen,1.0
Raudåsflata 5D,48/377/0/4,357000,100,0,357000,4.0,1428,Ingen,1.0
Raudåsflata 5E,48/377/0/5,357000,100,0,357000,4.0,1428,Ingen,1.0
Raudåsflata 5F,48/377/0/6,357000,100,0,357000,4.0,1428,Ingen,1.0
Raudåsflata 5G,48/377/0/7,714000,100,0,714000,4.0,2856,Ingen,1.0
Raudåsflata 5H,48/377/0/8,714000,100,0,714000,4.0,2856,Ingen,1.0
Raudåsflata 5I,48/377/0/9,357000,100,0,357000,4.0,1428,Ingen,1.0
Raudåsflata 5J,48/377/0/10,357000,100,0,357000,4.0,1428,Ingen,1.0
Raudåsflata 5K,48/377/0/11,357000,100,0,357000,4.0,1428,Ingen,1.0
Raudåsflata 5L,48/377/0/12,357000,100,0,357000,4.0,1428,Ingen,1.0
Raudåsflata 5M,48/377/0/13,357000,100,0,357000,4.0,1428,Ingen,1.0
Raudåsflata 5N,48/377/0/14,714000,100,0,714000,4.0,2856,Ingen,1.0
Raudåsflata 3A,48/378/0/1,902000,100,0,902000,4.0,3608,Ingen,1.0
Raudåsflata 3B,48/378/0/2,532000,100,0,532000,4.0,2128,Ingen,1.0
Raudåsflata 3C,48/378/0/3,532000,100,0,532000,4.0,2128,Ingen,1.0
Raudåsflata 3D,48/378/0/4,532000,100,0,532000,4.0,2128,Ingen,1.0
Raudåsflata 3E,48/378/0/5,532000,100,0,532000,4.0,2128,Ingen,1.0
Raudåsflata 3F,48/378/0/6,532000,100,0,532000,4.0,2128,Ingen,1.0
Raudåsflata 3G,48/378/0/7,902000,100,0,902000,4.0,3608,Ingen,1.0
Raudåsflata 3H,48/378/0/8,902000,100,0,902000,4.0,3608,Ingen,1.0
Raudåsflata 3I,48/378/0/9,532000,100,0,532000,4.0,2128,Ingen,1.0
Raudåsflata 3J,48/378/0/10,532000,100,0,532000,4.0,2128,Ingen,1.0
Raudåsflata 3K,48/378/0/11,532000,100,0,532000,4.0,2128,Ingen,1.0
Raudåsflata 3L,48/378/0/12,532000,100,0,532000,4.0,2128,Ingen,1.0
Raudåsflata 3M,48/378/0/13,532000,100,0,532000,4.0,2128,Ingen,1.0
Raudåsflata 3N,48/378/0/14,902000,100,0,902000,4.0,3608,Ingen,1.0
Raudåsflata 9,48/381/0/0,35218000,100,0,35218000,4.0,140872,Ingen,1.0
Raudåsflata 15A,48/384/0/1,1043000,100,0,1043000,4.0,4172,Ingen,1.0
Raudåsflata 15B,48/384/0/2,521000,100,0,521000,4.0,2084,Ingen,1.0
Raudåsflata 15C,48/384/0/3,521000,100,0,521000,4.0,2084,Ingen,1.0
Raudåsflata 15D,48/384/0/4,521000,100,0,521000,4.0,2084,Ingen,1.0
Raudåsflata 15E,48/384/0/5,521000,100,0,521000,4.0,2084,Ingen,1.0
Raudåsflata 15F,48/384/0/6,521000,100,0,521000,4.0,2084,Ingen,1.0
Raudåsflata 15G,48/384/0/7,521000,100,0,521000,4.0,2084,Ingen,1.0
Raudåsflata 15H,48/384/0/8,1043000,100,0,1043000,4.0,4172,Ingen,1.0
Raudåsflata 15I,48/384/0/9,1043000,100,0,1043000,4.0,4172,Ingen,1.0
Raudåsflata 15J,48/384/0/10,521000,100,0,521000,4.0,2084,Ingen,1.0
Raudåsflata 15K,48/384/0/11,521000,100,0,521000,4.0,2084,Ingen,1.0
Raudåsflata 15L,48/384/0/12,521000,100,0,521000,4.0,2084,Ingen,1.0
Raudåsflata 15M,48/384/0/13,521000,100,0,521000,4.0,2084,Ingen,1.0
Raudåsflata 15N,48/384/0/14,521000,100,0,521000,4.0,2084,Ingen,1.0
Raudåsflata 15O,48/384/0/15,521000,100,0,521000,4.0,2084,Ingen,1.0
Raudåsflata 15P,48/384/0/16,1043000,100,0,1043000,4.0,4172,Ingen,1.0
Raudåsflata 13A,48/385/0/1,949000,100,0,949000,4.0,3796,Ingen,1.0
Raudåsflata 13B,48/385/0/2,474000,100,0,474000,4.0,1896,Ingen,1.0
Raudåsflata 13C,48/385/0/3,474000,100,0,474000,4.0,1896,Ingen,1.0
Raudåsflata 13D,48/385/0/4,474000,100,0,474000,4.0,1896,Ingen,1.0
Raudåsflata 13E,48/385/0/5,474000,100,0,474000,4.0,1896,Ingen,1.0
Raudåsflata 13F,48/385/0/6,474000,100,0,474000,4.0,1896,Ingen,1.0
Raudåsflata 13G,48/385/0/7,474000,100,0,474000,4.0,1896,Ingen,1.0
Raudåsflata 13H,48/385/0/8,949000,100,0,949000,4.0,3796,Ingen,1.0
Raudåsflata 13I,48/385/0/9,949000,100,0,949000,4.0,3796,Ingen,1.0
Raudåsflata 13J,48/385/0/10,474000,100,0,474000,4.0,1896,Ingen,1.0
Raudåsflata 13K,48/385/0/11,474000,100,0,474000,4.0,1896,Ingen,1.0
Raudåsflata 13L,48/385/0/12,474000,100,0,474000,4.0,1896,Ingen,1.0
Raudåsflata 13M,48/385/0/13,474000,100,0,474000,4.0,1896,Ingen,1.0
Raudåsflata 13N,48/385/0/14,474000,100,0,474000,4.0,1896,Ingen,1.0
Raudåsflata 13O,48/385/0/15,474000,100,0,474000,4.0,1896,Ingen,1.0
Raudåsflata 13P,48/385/0/16,949000,100,0,949000,4.0,3796,Ingen,1.0
Raudåsflata 17L,48/386/0/1,1024000,100,0,1024000,4.0,4096,Ingen,1.0
Raudåsflata 17M,48/386/0/2,512000,100,0,512000,4.0,2048,Ingen,1.0
Raudåsflata 17N,48/386/0/3,512000,100,0,512000,4.0,2048,Ingen,1.0
Raudåsflata 17O,48/386/0/4,1024000,100,0,1024000,4.0,4096,Ingen,1.0
Raudåsflata 17Q,48/386/0/6,512000,100,0,512000,4.0,2048,Ingen,1.0
Raudåsflata 17R,48/386/0/7,512000,100,0,512000,4.0,2048,Ingen,1.0
Raudåsflata 17S,48/386/0/8,512000,100,0,512000,4.0,2048,Ingen,1.0
Raudåsflata 17T,48/386/0/9,512000,100,0,512000,4.0,2048,Ingen,1.0
Raudåsflata 17U,48/386/0/10,512000,100,0,512000,4.0,2048,Ingen,1.0
Raudåsflata 17V,48/386/0/11,512000,100,0,512000,4.0,2048,Ingen,1.0
Raudåsflata 17A,48/386/0/12,512000,100,0,512000,4.0,2048,Ingen,1.0
Raudåsflata 17B,48/386/0/13,512000,100,0,512000,4.0,2048,Ingen,1.0
Raudåsflata 17C,48/386/0/14,512000,100,0,512000,4.0,2048,Ingen,1.0
Raudåsflata 17D,48/386/0/15,512000,100,0,512000,4.0,2048,Ingen,1.0
Raudåsflata 17E,48/386/0/16,512000,100,0,512000,4.0,2048,Ingen,1.0
Raudåsflata 17F,48/386/0/17,1024000,100,0,1024000,4.0,4096,Ingen,1.0
Raudåsflata 17H,48/386/0/19,512000,100,0,512000,4.0,2048,Ingen,1.0
Raudåsflata 17I,48/386/0/20,512000,100,0,512000,4.0,2048,Ingen,1.0
Raudåsflata 17J,48/386/0/21,512000,100,0,512000,4.0,2048,Ingen,1.0
Raudåsflata 17K,48/386/0/22,1024000,100,0,1024000,4.0,4096,Ingen,1.0
Raudåsflata 11A,48/387/0/1,958000,100,0,958000,4.0,3832,Ingen,1.0
Raudåsflata 11B,48/387/0/2,479000,100,0,479000,4.0,1916,Ingen,1.0
Raudåsflata 11C,48/387/0/3,479000,100,0,479000,4.0,1916,Ingen,1.0
Raudåsflata 11D,48/387/0/4,479000,100,0,479000,4.0,1916,Ingen,1.0
Raudåsflata 11E,48/387/0/5,479000,100,0,479000,4.0,1916,Ingen,1.0
Raudåsflata 11F,48/387/0/6,479000,100,0,479000,4.0,1916,Ingen,1.0
Raudåsflata 11G,48/387/0/7,479000,100,0,479000,4.0,1916,Ingen,1.0
Raudåsflata 11H,48/387/0/8,958000,100,0,958000,4.0,3832,Ingen,1.0
Raudåsflata 11I,48/387/0/9,958000,100,0,958000,4.0,3832,Ingen,1.0
Raudåsflata 11J,48/387/0/10,479000,100,0,479000,4.0,1916,Ingen,1.0
Raudåsflata 11K,48/387/0/11,479000,100,0,479000,4.0,1916,Ingen,1.0
Raudåsflata 11L,48/387/0/12,479000,100,0,479000,4.0,1916,Ingen,1.0
Raudåsflata 11M,48/387/0/13,479000,100,0,479000,4.0,1916,Ingen,1.0
Raudåsflata 11N,48/387/0/14,479000,100,0,479000,4.0,1916,Ingen,1.0
Raudåsflata 11O,48/387/0/15,479000,100,0,479000,4.0,1916,Ingen,1.0
Raudåsflata 11P,48/387/0/16,958000,100,0,958000,4.0,3832,Ingen,1.0
Raudåsflata 7,48/388/0/0,8628000,100,0,8628000,4.0,34512,Ingen,1.0
Raudåsflata 20,48/390/0/0,12843000,100,0,12843000,4.0,51372,Ingen,1.0
Brattalia 0,48/393/0/0,3740000,70,320000,2298000,1.8,4136,Ingen,1.0
Hommelvik 0,49/1/0/0,1616000,70,320000,811200,1.8,1460,§ 5 h delvis,1.0
Malvikvegen 1285,49/1/3/0,2779000,70,640000,1305300,1.8,2349,Ingen,2.0
Moen 0,49/2/0/0,0,100,0,0,1.8,0,Ingen,1.0
Johan Nygaardsvolds Gate 39,49/2/7/0,3355000,70,320000,2028500,1.8,3651,Ingen,1.0
Malvikvegen 1305,49/3/0/0,5405000,70,640000,3143500,1.8,5658,Ingen,2.0
Halstadaunet 0,49/5/0/0,0,100,0,0,1.8,0,Ingen,1.0
Halsdtad 0,49/6/0/0,0,100,0,0,1.8,0,Ingen,1.0
Malvikvegen 1307,49/10/0/0,4144000,70,320000,2580800,1.8,4645,Ingen,1.0
Modalen 2,49/11/0/0,2735000,70,320000,1594500,1.8,2870,Ingen,1.0
Moholt 0,49/13/0/0,0,100,0,0,1.8,0,Ingen,1.0
Movegen 7,49/14/0/0,4525000,70,320000,2847500,1.8,5125,Ingen,1.0
Havnevegen 313,49/15/0/0,17401000,100,0,17401000,4.0,69604,Ingen,1.0
Markens Veg 1,49/16/0/0,4221000,70,320000,2634700,1.8,4742,Ingen,1.0
Malvikvegen 1222,49/18/0/0,4917000,70,320000,3121900,1.8,5619,Ingen,1.0
Malvikvegen 1293,49/19/0/0,7299000,70,320000,4789300,1.8,8620,Ingen,1.0
Gammelløfta 4,49/22/0/0,3065000,70,320000,1825500,1.8,3285,Ingen,1.0
Selbuvegen 11,49/24/0/0,3778000,70,320000,2324600,1.8,4184,Ingen,1.0
Gammelløfta 2,49/25/0/0,3880000,70,320000,2396000,1.8,4312,Ingen,1.0
Selbuvegen 5,49/26/0/0,3907000,70,320000,2414900,1.8,4346,Ingen,1.0
Selbuvegen 7,49/27/0/0,2665000,70,320000,1545500,1.8,2781,Ingen,1.0
Movegen 1,49/28/0/0,5226000,70,320000,3338200,1.8,6008,Ingen,1.0
Gammelløfta 9,49/30/0/0,3525000,70,320000,2147500,1.8,3865,Ingen,1.0
Malvikvegen 1281,49/33/0/0,5132000,70,320000,3272400,1.8,5890,Ingen,1.0
Hesttrøa 4,49/34/0/0,6040000,70,640000,3588000,1.8,6458,Ingen,2.0
Malvikvegen 1220,49/35/0/0,3826000,70,320000,2358200,1.8,4244,Ingen,1.0
Selbuvegen 13,49/36/0/0,4039000,70,320000,2507300,1.8,4513,Ingen,1.0
Movegen 2,49/37/0/0,3792000,70,0,2654400,1.8,4777,Ingen,1.0
Selbuvegen 2,49/39/0/0,4550000,70,320000,2865000,1.8,5157,Ingen,1.0
Selbuvegen 4,49/40/0/0,4118000,70,320000,2562600,1.8,4612,Ingen,1.0
Selbuvegen 29,49/41/0/0,4092000,70,320000,2544400,1.8,4579,Ingen,1.0
Reidar Jenssens Gate 5,49/42/0/0,6344000,70,320000,4120800,1.8,7417,Ingen,1.0
Selbuvegen 25,49/44/0/0,4797000,70,320000,3037900,1.8,5468,Ingen,1.0
Gammelløfta 19,49/45/0/0,5797000,70,320000,3737900,1.8,6728,Ingen,1.0
Malvikvegen 1303,49/46/0/0,4145000,70,320000,2581500,1.8,4646,Ingen,1.0
Movegen 3A,49/48/0/0,5202000,70,320000,3321400,1.8,5978,Ingen,1.0
Isdammen 0,49/49/0/0,0,100,0,0,1.8,0,Ingen,1.0
Movegen 5,49/50/0/0,6171000,70,640000,3679700,1.8,6623,Ingen,2.0
Stubbvegen 1,49/55/0/0,6891000,70,320000,4503700,1.8,8106,Ingen,1.0
Millers Veg 4,49/56/0/0,4949000,70,640000,2824300,1.8,5083,Ingen,2.0
Stubbvegen 3,49/57/0/0,4195000,70,320000,2616500,1.8,4709,Ingen,1.0
Motrøvegen 3A,49/58/0/0,3854000,70,320000,2377800,1.8,4280,Ingen,1.0
Millers Veg 10,49/61/0/0,5503000,70,320000,3532100,1.8,6357,Ingen,1.0
Hesttrøa 8,49/62/0/0,4893000,70,320000,3105100,1.8,5589,Ingen,1.0
Motrøvegen 2,49/63/0/0,3996000,70,320000,2477200,1.8,4458,Ingen,1.0
Maivegen 8,49/64/0/0,4917000,70,320000,3121900,1.8,5619,Ingen,1.0
Maivegen 9,49/65/0/0,5435000,70,640000,3164500,1.8,5696,Ingen,2.0
Movegen 3B,49/67/0/0,4400000,70,320000,2760000,1.8,4968,Ingen,1.0
Reidar Jenssens Gate 3,49/69/0/0,4425000,70,320000,2777500,1.8,4999,Ingen,1.0
Maivegen 11,49/70/0/0,4399000,70,320000,2759300,1.8,4966,Ingen,1.0
Reidar Jenssens Gate 1,49/72/0/0,4065000,70,320000,2525500,1.8,4545,Ingen,1.0
Reidar Jenssens Gate 2B,49/73/0/1,3552000,70,320000,2166400,1.8,3899,Ingen,1.0
Reidar Jenssens Gate 2A,49/73/0/2,3374000,70,320000,2041800,1.8,3675,Ingen,1.0
Stubbvegen 2,49/74/0/0,5819000,70,320000,3753300,1.8,6755,Ingen,1.0
Millers Veg 12,49/75/0/0,5179000,70,320000,3305300,1.8,5949,Ingen,1.0
Maivegen 13,49/76/0/0,5819000,70,320000,3753300,1.8,6755,Ingen,1.0
Movegen 8,49/77/0/0,5775000,70,320000,3722500,1.8,6700,Ingen,1.0
Hesttrøa 6,49/82/0/0,5365000,70,320000,3435500,1.8,6183,Ingen,1.0
Millers Veg 5,49/85/0/0,4275000,70,320000,2672500,1.8,4810,Ingen,1.0
Malvikvegen 1218,49/86/0/0,0,70,0,0,1.8,0,Ingen,1.0
Gammelløfta 15,49/89/0/0,3772000,70,320000,2320400,1.8,4176,Ingen,1.0
Malvikvegen 1291,49/90/0/0,4425000,70,320000,2777500,1.8,4999,Ingen,1.0
Selbuvegen 18,49/91/0/0,4699000,70,320000,2969300,1.8,5344,Ingen,1.0
Millers Veg 18,49/94/0/0,4213000,70,320000,2629100,1.8,4732,Ingen,1.0
Maivegen 15,49/95/0/0,5952000,70,320000,3846400,1.8,6923,Ingen,1.0
Gammelløfta 13,49/97/0/0,3469000,70,320000,2108300,1.8,3794,Ingen,1.0
Selbuvegen 10A,49/98/0/0,5124000,70,640000,2946800,1.8,5304,Ingen,2.0
Hesttrøa 2,49/99/0/0,5389000,70,320000,3452300,1.8,6214,Ingen,1.0
Malvikvegen 1231,49/100/0/0,4772000,70,320000,3020400,1.8,5436,Ingen,1.0
Malvikvegen 1289,49/101/0/0,4475000,70,320000,2812500,1.8,5062,Ingen,1.0
Øvermo 1 0,49/102/0/0,68000,100,0,68000,1.8,122,Ingen,1.0
Movegen 4,49/103/0/0,4500000,70,320000,2830000,1.8,5094,Ingen,1.0
Maivegen 3,49/104/0/0,3880000,70,320000,2396000,1.8,4312,Ingen,1.0
Maivegen 2,49/105/0/0,6493000,70,320000,4225100,1.8,7605,Ingen,1.0
Millers Veg 1A,49/106/0/0,3327000,70,320000,2008900,1.8,3616,Ingen,1.0
Millers Veg 6,49/107/0/0,4133000,70,320000,2573100,1.8,4631,Ingen,1.0
Maivegen 4,49/111/0/0,4723000,70,320000,2986100,1.8,5374,Ingen,1.0
Millers Veg 1B,49/113/0/0,4400000,70,320000,2760000,1.8,4968,Ingen,1.0
Motrøvegen 9,49/116/0/0,3880000,70,320000,2396000,1.8,4312,Ingen,1.0
Selbuvegen 27,49/118/0/0,4916000,70,640000,2801200,1.8,5042,Ingen,2.0
Selbuvegen 24,49/120/0/0,3718000,70,320000,2282600,1.8,4108,Ingen,1.0
Millers Veg 14,49/121/0/0,6586000,70,320000,4290200,1.8,7722,Ingen,1.0
Motrøvegen 7,49/122/0/0,7439000,70,640000,4567300,1.8,8221,Ingen,2.0
Lundring 1 0,49/125/0/0,0,100,0,0,1.8,0,Ingen,1.0
Stubbvegen 5,49/128/0/0,3004000,70,320000,1782800,1.8,3209,Ingen,1.0
Gammelløfta 17,49/129/0/0,4772000,70,320000,3020400,1.8,5436,Ingen,1.0
Selbuvegen 20,49/131/0/0,4013000,70,320000,2489100,1.8,4480,Ingen,1.0
Millers Veg 16,49/132/0/0,3900000,70,320000,2410000,1.8,4338,Ingen,1.0
Selbuvegen 32B,49/133/0/0,5061000,70,320000,3222700,1.8,5800,Ingen,1.0
Maivegen 5,49/135/0/0,5662000,70,320000,3643400,1.8,6558,Ingen,1.0
Nyheim B 0,49/136/0/0,260000,100,0,260000,1.8,468,Ingen,1.0
Selbuvegen 26B,49/138/0/0,4195000,70,320000,2616500,1.8,4709,Ingen,1.0
Selbuvegen 61,49/139/0/0,3663000,70,320000,2244100,1.8,4039,Ingen,1.0
Selbuvegen 67,49/140/0/0,3880000,70,320000,2396000,1.8,4312,Ingen,1.0
Selbuvegen 46,49/142/0/0,5952000,70,320000,3846400,1.8,6923,Ingen,1.0
Malvikvegen 1287,49/143/0/1,3407000,70,320000,2064900,1.8,3716,Ingen,1.0
Malvikvegen 1287,49/143/0/2,3168000,70,320000,1897600,1.8,3415,Ingen,1.0
Millers Veg 24,49/144/0/0,0,100,0,0,1.8,0,Ingen,1.0
Selbuvegen 33,49/145/0/0,3745000,70,320000,2301500,1.8,4142,Ingen,1.0
Selbuvegen 58,49/148/0/0,5425000,70,320000,3477500,1.8,6259,Ingen,1.0
Millers Veg 25,49/149/0/0,4699000,70,320000,2969300,1.8,5344,Ingen,1.0
Maivegen 6,49/151/0/0,4600000,70,320000,2900000,1.8,5220,Ingen,1.0
Millers Veg 3,49/152/0/0,5952000,70,320000,3846400,1.8,6923,Ingen,1.0
Selbuvegen 35,49/153/0/0,5549000,70,320000,3564300,1.8,6415,Ingen,1.0
Stubbvegen 7A,49/154/0/0,6236000,70,640000,3725200,1.8,6705,Ingen,2.0
Millers Veg 20A,49/155/0/0,2629000,70,640000,1200300,1.8,2160,Ingen,2.0
Selbuvegen 28,49/156/0/0,4221000,70,320000,2634700,1.8,4742,Ingen,1.0
Motrøvegen 5,49/157/0/0,6040000,70,640000,3588000,1.8,6458,Ingen,2.0
Selbuvegen 30,49/159/0/0,4566000,70,640000,2556200,1.8,4601,Ingen,2.0
Selbuvegen 30A,49/161/0/0,3182000,70,320000,1907400,1.8,3433,Ingen,1.0
Pålsvegen 5,49/162/0/0,2974000,70,640000,1441800,1.8,2595,Ingen,2.0
Selbuvegen 22,49/163/0/0,4772000,70,320000,3020400,1.8,5436,Ingen,1.0
Selbuvegen 37,49/165/0/0,4400000,70,640000,2440000,1.8,4392,Ingen,2.0
Millers Veg 24,49/167/0/0,5085000,70,320000,3239500,1.8,5831,Ingen,1.0
Millers Veg 26,49/168/0/0,6128000,70,320000,3969600,1.8,7145,Ingen,1.0
Skogli 2 0,49/169/0/0,0,100,0,0,1.8,0,Ingen,1.0
Selbuvegen 49,49/171/0/0,3182000,70,320000,1907400,1.8,3433,Ingen,1.0
Gammelløfta 18,49/172/0/0,4250000,70,640000,2335000,1.8,4203,Ingen,2.0
Selbuvegen 69,49/173/0/0,4039000,70,320000,2507300,1.8,4513,Ingen,1.0
Selbuvegen 65,49/174/0/0,4500000,70,320000,2830000,1.8,5094,Ingen,1.0
Selbuvegen 16,49/175/0/0,4425000,70,320000,2777500,1.8,4999,Ingen,1.0
Fjeldmo 2 0,49/176/0/0,65000,100,0,65000,1.8,117,Ingen,1.0
Selbuvegen 59,49/177/0/0,4144000,70,320000,2580800,1.8,4645,Ingen,1.0
Storbergvegen 12,49/178/0/0,5797000,70,320000,3737900,1.8,6728,Ingen,1.0
Movold 2 0,49/179/0/0,0,100,0,0,1.8,0,Ingen,1.0
Selbuvegen 73,49/180/0/0,3768000,70,320000,2317600,1.8,4171,Ingen,1.0
Selbuvegen 57,49/181/0/0,5549000,70,320000,3564300,1.8,6415,Ingen,1.0
Selbuvegen 31,49/183/0/0,4440000,70,640000,2468000,1.8,4442,Ingen,2.0
Bergstua Iii 0,49/184/0/0,0,100,0,0,1.8,0,Ingen,1.0
Selbuvegen 52,49/185/0/0,2569000,70,320000,1478300,1.8,2660,Ingen,1.0
Millers Veg 2,49/188/0/0,5249000,70,320000,3354300,1.8,6037,Ingen,1.0
Selbuvegen 32,49/189/0/0,3327000,70,320000,2008900,1.8,3616,Ingen,1.0
Havnevegen 311,49/195/0/0,10297000,100,0,10297000,4.0,41188,Ingen,1.0
Vågos Ii 0,49/197/0/0,0,100,0,0,1.8,0,Ingen,1.0
Selbuvegen 32A,49/198/0/0,4525000,70,320000,2847500,1.8,5125,Ingen,1.0
Selbuvegen 53,49/199/0/0,4349000,70,320000,2724300,1.8,4903,Ingen,1.0
MILLERS VEG 22,49/200/0/0,4195000,70,320000,2616500,1.8,4709,Ingen,1.0
Skaugli - Veg 0,49/201/0/0,0,100,0,0,1.8,0,Ingen,1.0
Hommelvik 0,49/202/0/0,9941000,100,0,9941000,4.0,39764,Ingen,1.0
Gammelløfta 6,49/203/0/0,3488000,70,320000,2121600,1.8,3818,Ingen,1.0
Skolesletta 1 0,49/205/0/0,112000,100,0,112000,1.8,201,Ingen,1.0
Skolesletten Y.1. 0,49/208/0/0,32000,100,0,32000,1.8,57,Ingen,1.0
Malvikvegen 1233B,49/211/0/1,4342000,70,320000,2719400,1.8,4894,Ingen,1.0
Malvikvegen 1233A,49/211/0/2,433000,100,0,433000,4.0,1732,Ingen,1.0
Malvikvegen 1233A,49/211/0/3,1035000,100,0,1035000,4.0,4140,Ingen,1.0
Malvikvegen 1233A,49/211/0/4,1239000,100,0,1239000,4.0,4956,Ingen,1.0
Malvikvegen 1233A,49/211/0/5,4925000,70,320000,3127500,1.8,5629,Ingen,1.0
Malvikvegen 1233A,49/211/0/6,382000,100,0,382000,4.0,1528,Ingen,1.0
Malvikvegen 1233A,49/211/0/7,378000,100,0,378000,4.0,1512,Ingen,1.0
Selbuvegen 36,49/215/0/0,4941000,70,320000,3138700,1.8,5649,Ingen,1.0
Movold 2 0,49/216/0/0,0,100,0,0,1.8,0,Ingen,1.0
Viken 0,49/217/0/0,0,100,0,0,1.8,0,Ingen,1.0
Selbuvegen 26,49/220/0/0,3746000,70,320000,2302200,1.8,4143,Ingen,1.0
Selbuvegen 55,49/222/0/0,4092000,70,320000,2544400,1.8,4579,Ingen,1.0
Gammelløfta 11,49/225/0/0,2144000,70,640000,860800,1.8,1549,Ingen,2.0
Selbuvegen 75,49/227/0/0,3372000,70,320000,2040400,1.8,3672,Ingen,1.0
Pålsvegen 1,49/230/0/0,2875000,70,320000,1692500,1.8,3046,Ingen,1.0
Pålsvegen 3,49/231/0/0,5061000,70,640000,2902700,1.8,5224,Ingen,2.0
Storbergvegen 1,49/232/0/0,4118000,70,320000,2562600,1.8,4612,Ingen,1.0
Selbuvegen 38,49/233/0/0,4917000,70,320000,3121900,1.8,5619,Ingen,1.0
Tillegg Til Eggens Minde 0,49/234/0/0,0,100,0,0,1.8,0,Ingen,1.0
Malvikvegen 1301,49/235/0/0,1805000,70,320000,943500,1.8,1698,Ingen,1.0
Bjønnstien 3,49/236/0/0,4402000,70,320000,2761400,1.8,4970,Ingen,1.0
Bjønnstien 4,49/237/0/0,4425000,70,320000,2777500,1.8,4999,Ingen,1.0
Selbuvegen 71,49/238/0/0,3032000,70,320000,1802400,1.8,3244,Ingen,1.0
Selbuvegen 56,49/239/0/0,3608000,70,320000,2205600,1.8,3970,Ingen,1.0
Tillegg Til Granås 0,49/240/0/0,0,100,0,0,1.8,0,Ingen,1.0
Tillegg Til Parsell 6 0,49/241/0/0,0,100,0,0,1.8,0,Ingen,1.0
Selbuvegen 41,49/242/0/0,5061000,70,320000,3222700,1.8,5800,Ingen,1.0
Selbuvegen 40,49/243/0/0,4965000,70,640000,2835500,1.8,5103,Ingen,2.0
Selbuvegen 34,49/244/0/0,4246000,70,320000,2652200,1.8,4773,Ingen,1.0
Movegen 6,49/245/0/0,5319000,70,320000,3403300,1.8,6125,Ingen,1.0
Modalen 1,49/250/0/0,4476000,70,320000,2813200,1.8,5063,Ingen,1.0
Pålsvegen 4,49/251/0/0,3446000,70,320000,2092200,1.8,3765,Ingen,1.0
Pålsvegen 2,49/252/0/0,3768000,70,320000,2317600,1.8,4171,Ingen,1.0
Selbuvegen 63,49/253/0/0,5273000,70,640000,3051100,1.8,5491,Ingen,2.0
Tillegg Til Bergli 0,49/254/0/0,0,100,0,0,1.8,0,Ingen,1.0
Storbergvegen 23,49/255/0/0,4941000,70,320000,3138700,1.8,5649,Ingen,1.0
Storbergvegen 5,49/256/0/0,4092000,70,320000,2544400,1.8,4579,Ingen,1.0
Storbergvegen 19,49/257/0/0,6124000,70,320000,3966800,1.8,7140,Ingen,1.0
Storbergvegen 17,49/258/0/0,4699000,70,320000,2969300,1.8,5344,Ingen,1.0
Storbergvegen 15,49/259/0/0,4674000,70,320000,2951800,1.8,5313,Ingen,1.0
Storbergvegen 11,49/260/0/0,5037000,70,320000,3205900,1.8,5770,Ingen,1.0
Storbergvegen 9,49/261/0/0,4821000,70,320000,3054700,1.8,5498,Ingen,1.0
Storbergvegen 7,49/262/0/0,5085000,70,320000,3239500,1.8,5831,Ingen,1.0
Storbergvegen 21,49/263/0/0,4965000,70,320000,3155500,1.8,5679,Ingen,1.0
Storbergvegen 3,49/264/0/0,4989000,70,320000,3172300,1.8,5710,Ingen,1.0
Storbergvegen 14,49/265/0/0,6258000,70,640000,3740600,1.8,6733,Ingen,2.0
Markavegen 7,49/266/0/0,6040000,70,320000,3908000,1.8,7034,Ingen,1.0
Markavegen 7B,49/267/0/0,5037000,70,320000,3205900,1.8,5770,Ingen,1.0
Pålsvegen 6,49/269/0/0,4244000,70,320000,2650800,1.8,4771,Ingen,1.0
Storbergvegen 16,49/272/0/0,4845000,70,320000,3071500,1.8,5528,Ingen,1.0
Selbuvegen 42,49/273/0/0,3525000,70,320000,2147500,1.8,3865,Ingen,1.0
Pålsvegen 8,49/274/0/0,4095000,70,320000,2546500,1.8,4583,Ingen,1.0
Tunet 0,49/276/0/0,50000,100,0,50000,1.8,90,Ingen,1.0
Motrøvegen 3B,49/277/0/0,4133000,70,320000,2573100,1.8,4631,Ingen,1.0
Tillegg Til Arnero 0,49/278/0/0,0,100,0,0,1.8,0,Ingen,1.0
Åsbergvegen 7,49/279/0/0,3261000,70,320000,1962700,1.8,3532,Ingen,1.0
Åsbergvegen 5,49/280/0/0,3354000,70,320000,2027800,1.8,3650,Ingen,1.0
Bjønnstien 2,49/281/0/0,2476000,70,320000,1413200,1.8,2543,Ingen,1.0
Bjønnstien 1,49/282/0/0,3327000,70,320000,2008900,1.8,3616,Ingen,1.0
Selbuvegen 44,49/283/0/0,3880000,70,320000,2396000,1.8,4312,Ingen,1.0
Selbuvegen 51,49/285/0/0,2406000,70,320000,1364200,1.8,2455,Ingen,1.0
Tillegg Til Fjellheim 0,49/287/0/0,0,100,0,0,1.8,0,Ingen,1.0
Millers Veg 28,49/288/0/0,5365000,70,320000,3435500,1.8,6183,Ingen,1.0
Motrøvegen 13,49/289/0/0,5108000,70,320000,3255600,1.8,5860,Ingen,1.0
Motrøvegen 11,49/290/0/0,4625000,70,320000,2917500,1.8,5251,Ingen,1.0
Veggrunn Parsell C 0,49/291/0/0,0,100,0,0,4.0,0,Ingen,1.0
Selbuvegen 42B,49/292/0/0,4723000,70,320000,2986100,1.8,5374,Ingen,1.0
Movegen 9,49/298/0/0,2115000,70,320000,1160500,1.8,2088,Ingen,1.0
Movegen 11A,49/299/0/1,3324000,70,320000,2006800,1.8,3612,Ingen,1.0
Movegen 13A,49/299/0/2,2816000,70,320000,1651200,1.8,2972,Ingen,1.0
Movegen 11B,49/299/0/3,4384000,70,320000,2748800,1.8,4947,Ingen,1.0
Movegen 13B,49/299/0/4,3782000,70,320000,2327400,1.8,4189,Ingen,1.0
Movegen 17A,49/300/0/1,3190000,70,320000,1913000,1.8,3443,Ingen,1.0
Movegen 15A,49/300/0/2,3021000,70,320000,1794700,1.8,3230,Ingen,1.0
Movegen 15B,49/300/0/3,4539000,70,320000,2857300,1.8,5143,Ingen,1.0
Movegen 17B,49/300/0/4,4259000,70,320000,2661300,1.8,4790,Ingen,1.0
Movegen 19A,49/301/0/1,3055000,70,320000,1818500,1.8,3273,Ingen,1.0
Movegen 19B,49/301/0/2,4259000,70,320000,2661300,1.8,4790,Ingen,1.0
Movegen 21A,49/301/0/3,3055000,70,320000,1818500,1.8,3273,Ingen,1.0
Movegen 21B,49/301/0/4,4259000,70,320000,2661300,1.8,4790,Ingen,1.0
Movegen 23A,49/302/0/1,3055000,70,320000,1818500,1.8,3273,Ingen,1.0
Movegen 23B,49/302/0/2,4632000,70,320000,2922400,1.8,5260,Ingen,1.0
Movegen 25A,49/302/0/3,3123000,70,320000,1866100,1.8,3358,Ingen,1.0
Movegen 25B,49/302/0/4,3139000,70,320000,1877300,1.8,3379,Ingen,1.0
Tillegg Til 49/3 0,49/304/0/0,0,100,0,0,1.8,0,Ingen,1.0
Markavegen 9,49/307/0/0,4400000,70,320000,2760000,1.8,4968,Ingen,1.0
Selbuvegen 26A,49/309/0/0,6276000,70,640000,3753200,1.8,6755,Ingen,2.0
49/310/0/0 0,49/310/0/0,0,100,0,0,1.8,0,Ingen,1.0
Pålsvegen 7,49/312/0/0,1783000,70,320000,928100,1.8,1670,Ingen,1.0
Modalen 8,49/313/0/0,5250000,70,320000,3355000,1.8,6039,Ingen,1.0
Modalen 6,49/314/0/0,5192000,70,320000,3314400,1.8,5965,Ingen,1.0
Malvikvegen 1237,49/315/0/0,1742000,100,0,1742000,4.0,6968,Ingen,1.0
Selbuvegen 32C,49/323/0/0,7737000,70,640000,4775900,1.8,8596,Ingen,2.0
Malvikvegen 1328,51/1/0/0,5541000,100,0,5541000,4.0,22164,Ingen,1.0
51/3/0/0 0,51/3/0/0,0,100,0,0,1.8,0,Ingen,1.0
51/4/0/0 0,51/4/0/0,0,100,0,0,1.8,0,Ingen,1.0
51/5/0/0 0,51/5/0/0,0,100,0,0,1.8,0,Ingen,1.0
51/6/0/0 0,51/6/0/0,0,100,0,0,1.8,0,Ingen,1.0
51/7/0/0 0,51/7/0/0,0,100,0,0,1.8,0,Ingen,1.0
Moheim 0,52/1/0/0,192000,100,0,192000,1.8,345,Ingen,1.0
Selbuvegen 3,52/2/0/0,6171000,70,320000,3999700,1.8,7199,Ingen,1.0
Selbuvegen 3,52/2/0/0,136000,100,0,136000,4.0,544,Ingen,1.0
Malvikvegen 1323,52/5/0/0,6344000,70,320000,4120800,1.8,7417,Ingen,1.0
Lundberg 0,52/6/0/0,0,100,0,0,1.8,0,Ingen,1.0
Gammelløfta 5,52/7/0/0,3580000,70,320000,2186000,1.8,3934,Ingen,1.0
Selbuvegen 1,52/8/0/0,2293000,70,320000,1285100,1.8,2313,Ingen,1.0
Selbuvegen 1,52/8/0/0,881000,100,0,881000,4.0,3524,Ingen,1.0
Malvikvegen 1325A,52/9/0/1,4185000,70,320000,2609500,1.8,4697,Ingen,1.0
Malvikvegen 1325B,52/9/0/2,1691000,70,320000,863700,1.8,1554,Ingen,1.0
Gammelløfta 3,52/10/0/0,3766000,70,640000,1996200,1.8,3593,Ingen,2.0
Gammelløfta 1,52/11/0/0,4221000,70,320000,2634700,1.8,4742,Ingen,1.0
52/12/0/0 0,52/12/0/0,0,100,0,0,1.8,0,Ingen,1.0
Malvikvegen 1335,53/1/0/0,22572000,100,0,22572000,4.0,90288,Ingen,1.0
Malvikvegen 1503,54/1/0/0,2499000,70,320000,1429300,1.8,2572,§ 5 h delvis,1.0
Steinaldervegen 1,54/2/0/0,5451000,70,320000,3495700,1.8,6292,§ 5 h delvis,1.0
Vårmo 0,54/3/0/0,0,100,0,0,1.8,0,Ingen,1.0
Havnevegen 3,54/10/0/0,1699000,70,320000,869300,1.8,1564,Ingen,1.0
Nygårds Alle 13,54/11/0/0,5091000,70,960000,2603700,1.8,4686,Ingen,3.0
Steinaldervegen 14A,54/12/0/0,4869000,70,320000,3088300,1.8,5558,Ingen,1.0
Holmenkollvegen 1,54/13/0/0,4273000,70,320000,2671100,1.8,4807,Ingen,1.0
Havnevegen 11,54/16/0/0,0,100,0,0,1.8,0,Ingen,1.0
Grønli 1 0,54/17/0/0,4092000,70,320000,2544400,1.8,4579,Ingen,1.0
Liavegen 67,54/18/0/0,2358000,70,320000,1330600,1.8,2395,Ingen,1.0
Øvre Solbakken 2,54/19/0/0,6086000,70,320000,3940200,1.8,7092,Ingen,1.0
Holmenkollvegen 4,54/20/0/0,4525000,70,320000,2847500,1.8,5125,Ingen,1.0
Steinarheim 0,54/21/0/0,0,100,0,0,1.8,0,Ingen,1.0
Sveianvegen 4A,54/23/0/1,3374000,70,320000,2041800,1.8,3675,Ingen,1.0
Sveianvegen 4A,54/23/0/2,3391000,70,320000,2053700,1.8,3696,Ingen,1.0
Holmenkollvegen 12,54/24/0/0,4929000,70,320000,3130300,1.8,5634,Ingen,1.0
Liavegen 34,54/25/0/0,4625000,70,320000,2917500,1.8,5251,Ingen,1.0
Nygårdsvegen 13,54/26/0/0,5319000,70,320000,3403300,1.8,6125,Ingen,1.0
Nygården Ii 0,54/27/0/0,0,100,0,0,1.8,0,Ingen,1.0
Steinaldervegen 6,54/28/0/0,3826000,70,320000,2358200,1.8,4244,Ingen,1.0
Steinaldervegen 4,54/29/0/0,5842000,70,320000,3769400,1.8,6784,Ingen,1.0
Holmenkollvegen 14,54/31/0/0,6258000,70,640000,3740600,1.8,6733,Ingen,2.0
Liavegen 73,54/34/0/0,5998000,70,320000,3878600,1.8,6981,Ingen,1.0
Øvre Solbakken 10,54/35/0/0,5375000,70,640000,3122500,1.8,5620,Ingen,2.0
Holmenkollvegen 18,54/40/0/0,4221000,70,320000,2634700,1.8,4742,Ingen,1.0
Liavegen 93,54/41/0/0,3525000,70,320000,2147500,1.8,3865,Ingen,1.0
Liavegen 87,54/42/0/0,5842000,70,320000,3769400,1.8,6784,Ingen,1.0
Solsletta 0,54/43/0/0,0,100,0,0,1.8,0,Ingen,1.0
Nygårdsvegen 15,54/44/0/0,3608000,70,320000,2205600,1.8,3970,Ingen,1.0
Steinaldervegen 12,54/45/0/0,4236000,70,320000,2645200,1.8,4761,Ingen,1.0
Holmenkollvegen 20,54/46/0/1,3497000,70,320000,2127900,1.8,3830,Ingen,1.0
Holmenkollvegen 20,54/46/0/2,2966000,70,320000,1756200,1.8,3161,Ingen,1.0
Holmenkollvegen 22B,54/47/0/0,3826000,70,320000,2358200,1.8,4244,Ingen,1.0
Holmenkollvegen 26,54/48/0/0,5864000,70,640000,3464800,1.8,6236,Ingen,2.0
Øvre Solbakken 8,54/50/0/0,4575000,70,320000,2882500,1.8,5188,Ingen,1.0
Holmenkollvegen 25,54/51/0/0,5819000,70,640000,3433300,1.8,6179,Ingen,2.0
Holmenkollvegen 23,54/52/0/0,6891000,70,320000,4503700,1.8,8106,Ingen,1.0
Holmenkollvegen 27,54/53/0/0,5273000,70,320000,3371100,1.8,6067,Ingen,1.0
Øvre Solbakken 14,54/54/0/0,4650000,70,320000,2935000,1.8,5283,Ingen,1.0
Holmenkollvegen 1A,54/55/0/0,4039000,70,320000,2507300,1.8,4513,Ingen,1.0
Holmenkollvegen 24,54/56/0/0,5365000,70,640000,3115500,1.8,5607,Ingen,2.0
Havnevegen 1,54/57/0/0,0,100,0,0,1.8,0,Ingen,1.0
Holmenkollvegen 3,54/59/0/0,3880000,70,320000,2396000,1.8,4312,Ingen,1.0
Karistua I 0,54/61/0/0,0,100,0,0,1.8,0,Ingen,1.0
Steinaldervegen 18A,54/62/0/0,4650000,70,320000,2935000,1.8,5283,Ingen,1.0
Steinaldervegen 9,54/63/0/0,4723000,70,320000,2986100,1.8,5374,Ingen,1.0
Steinaldervegen 13,54/65/0/0,3799000,70,320000,2339300,1.8,4210,Ingen,1.0
Nygårdsvegen 2,54/66/0/0,5412000,70,320000,3468400,1.8,6243,Ingen,1.0
Sveianvegen 8,54/67/0/0,5480000,70,320000,3516000,1.8,6328,Ingen,1.0
Sveianvegen 12,54/68/0/0,5202000,70,320000,3321400,1.8,5978,Ingen,1.0
Holmenkollvegen 11,54/69/0/0,4195000,70,320000,2616500,1.8,4709,Ingen,1.0
Holmenkollvegen 34A,54/70/0/1,3358000,70,320000,2030600,1.8,3655,Ingen,1.0
Holmenkollvegen 34B,54/70/0/2,4024000,70,320000,2496800,1.8,4494,Ingen,1.0
Holmenkollvegen 32,54/71/0/0,4195000,70,320000,2616500,1.8,4709,Ingen,1.0
Smebergvegen 9,54/74/0/0,7500000,70,320000,4930000,1.8,8874,Ingen,1.0
Holmenkollvegen 17,54/77/0/0,5365000,70,640000,3115500,1.8,5607,Ingen,2.0
Steinaldervegen 2,54/78/0/0,4247000,70,320000,2652900,1.8,4775,Ingen,1.0
Nygårdsvegen 6,54/79/0/0,4869000,70,320000,3088300,1.8,5558,Ingen,1.0
Øvre Solbakken 6A,54/80/0/0,4400000,70,320000,2760000,1.8,4968,Ingen,1.0
Holmenkollvegen 6,54/81/0/0,5273000,70,320000,3371100,1.8,6067,Ingen,1.0
Malvikvegen 1490,54/82/0/0,5997000,70,320000,3877900,1.8,6980,Ingen,1.0
Nygårdsvegen 8,54/83/0/0,3608000,70,320000,2205600,1.8,3970,Ingen,1.0
Holmenkollvegen 30,54/84/0/0,3880000,70,320000,2396000,1.8,4312,Ingen,1.0
Holmenkollvegen 28A,54/86/0/0,3880000,70,320000,2396000,1.8,4312,Ingen,1.0
Smebergvegen 4,54/87/0/0,7419000,70,640000,4553300,1.8,8195,Ingen,2.0
Nygårdsvegen 29,54/89/0/0,657000,70,320000,139900,1.8,251,Ingen,1.0
Smebergvegen 2,54/90/0/0,4273000,70,320000,2671100,1.8,4807,Ingen,1.0
Smebergvegen 1,54/91/0/0,4551000,70,320000,2865700,1.8,5158,Ingen,1.0
Bjørka 0,54/92/0/0,0,100,0,0,1.8,0,Ingen,1.0
Nygårdsvegen 43,54/93/0/0,4013000,70,320000,2489100,1.8,4480,Ingen,1.0
Nygårdsvegen 35,54/94/0/0,4797000,70,320000,3037900,1.8,5468,Ingen,1.0
Nygårdsvegen 41,54/95/0/0,4550000,70,320000,2865000,1.8,5157,Ingen,1.0
Nygårdsvegen 37,54/96/0/0,4650000,70,320000,2935000,1.8,5283,Ingen,1.0
Nygårdsvegen 39,54/97/0/0,4118000,70,320000,2562600,1.8,4612,Ingen,1.0
Smebergvegen 5,54/99/0/0,6258000,70,640000,3740600,1.8,6733,Ingen,2.0
Smebergvegen 7,54/101/0/0,4941000,70,320000,3138700,1.8,5649,Ingen,1.0
Liavegen 97,54/102/0/0,4013000,70,320000,2489100,1.8,4480,Ingen,1.0
Nygårdsvegen 31,54/103/0/0,3327000,70,320000,2008900,1.8,3616,Ingen,1.0
Nygårdsvegen 27,54/104/0/0,4723000,70,320000,2986100,1.8,5374,Ingen,1.0
Nygårdsvegen 7,54/105/0/1,3456000,70,320000,2099200,1.8,3778,Ingen,1.0
Nygårdsvegen 5,54/105/0/2,5096000,70,320000,3247200,1.8,5844,Ingen,1.0
Nygårdsvegen 3,54/105/0/3,4588000,70,320000,2891600,1.8,5204,Ingen,1.0
Nygårdsvegen 1,54/105/0/4,4872000,70,640000,2770400,1.8,4986,Ingen,2.0
Steinaldervegen 16A,54/106/0/0,4893000,70,320000,3105100,1.8,5589,Ingen,1.0
Øvre Solbakken 4,54/107/0/0,4650000,70,320000,2935000,1.8,5283,Ingen,1.0
Liavegen 38B,54/108/0/0,8949000,70,320000,5944300,1.8,10699,Ingen,1.0
Liavegen 38,54/109/0/0,6344000,70,320000,4120800,1.8,7417,Ingen,1.0
Nygårds Alle 9,54/110/0/0,4982000,70,640000,2847400,1.8,5125,Ingen,2.0
Nygårdsvegen 16,54/111/0/0,5908000,70,320000,3815600,1.8,6868,Ingen,1.0
Nygårdsvegen 14,54/112/0/0,5132000,70,640000,2952400,1.8,5314,Ingen,2.0
Banelia Iv 0,54/113/0/0,50000,100,0,50000,1.8,90,Ingen,1.0
Øvre Solbakken 16,54/114/0/0,5061000,70,320000,3222700,1.8,5800,Ingen,1.0
Øvre Solbakken 50,54/115/0/0,7299000,70,960000,4149300,1.8,7468,Ingen,3.0
Nygårdsvegen 19,54/116/0/0,4039000,70,320000,2507300,1.8,4513,Ingen,1.0
Banetillegget 0,54/117/0/0,0,100,0,0,1.8,0,Ingen,1.0
Øvre Solbakken 18,54/118/0/0,4821000,70,320000,3054700,1.8,5498,Ingen,1.0
Øvre Solbakken 52,54/119/0/0,4650000,70,320000,2935000,1.8,5283,Ingen,1.0
Nygårdsvegen 18,54/120/0/0,4247000,70,320000,2652900,1.8,4775,Ingen,1.0
Øvre Solbakken 20,54/122/0/0,3327000,70,320000,2008900,1.8,3616,Ingen,1.0
Øvre Solbakken 22,54/123/0/0,4650000,70,320000,2935000,1.8,5283,Ingen,1.0
Øvre Solbakken 24,54/124/0/0,3880000,70,320000,2396000,1.8,4312,Ingen,1.0
Øvre Solbakken 26,54/125/0/0,5412000,70,320000,3468400,1.8,6243,Ingen,1.0
Øvre Solbakken 28,54/126/0/0,3986000,70,320000,2470200,1.8,4446,Ingen,1.0
Øvre Solbakken 30,54/127/0/0,5480000,70,320000,3516000,1.8,6328,Ingen,1.0
Øvre Solbakken 32,54/128/0/0,5594000,70,320000,3595800,1.8,6472,Ingen,1.0
Øvre Solbakken 34,54/129/0/0,4349000,70,320000,2724300,1.8,4903,Ingen,1.0
Øvre Solbakken 36,54/130/0/0,4221000,70,320000,2634700,1.8,4742,Ingen,1.0
Øvre Solbakken 38,54/131/0/0,5435000,70,320000,3484500,1.8,6272,Ingen,1.0
Øvre Solbakken 40,54/132/0/0,3327000,70,320000,2008900,1.8,3616,Ingen,1.0
Øvre Solbakken 42,54/133/0/0,6472000,70,320000,4210400,1.8,7578,Ingen,1.0
Øvre Solbakken 44,54/134/0/0,3580000,70,320000,2186000,1.8,3934,Ingen,1.0
Øvre Solbakken 46,54/135/0/0,3327000,70,320000,2008900,1.8,3616,Ingen,1.0
Øvre Solbakken 48,54/136/0/0,4475000,70,320000,2812500,1.8,5062,Ingen,1.0
Øvre Solbakken 65,54/137/0/0,4298000,70,320000,2688600,1.8,4839,Ingen,1.0
Øvre Solbakken 63,54/138/0/0,3826000,70,320000,2358200,1.8,4244,Ingen,1.0
Øvre Solbakken 61,54/139/0/0,4772000,70,320000,3020400,1.8,5436,Ingen,1.0
Øvre Solbakken 59,54/140/0/0,3152000,70,320000,1886400,1.8,3395,Ingen,1.0
Øvre Solbakken 57,54/141/0/0,3525000,70,320000,2147500,1.8,3865,Ingen,1.0
Øvre Solbakken 55,54/142/0/0,5365000,70,320000,3435500,1.8,6183,Ingen,1.0
Øvre Solbakken 53,54/143/0/0,4772000,70,320000,3020400,1.8,5436,Ingen,1.0
Øvre Solbakken 51,54/144/0/0,3772000,70,320000,2320400,1.8,4176,Ingen,1.0
Øvre Solbakken 49,54/145/0/0,5707000,70,320000,3674900,1.8,6614,Ingen,1.0
Sveianvegen 6,54/147/0/0,4221000,70,320000,2634700,1.8,4742,Ingen,1.0
Liavegen 36,54/148/0/0,5752000,70,320000,3706400,1.8,6671,Ingen,1.0
Liavegen 24,54/151/0/0,3960000,70,320000,2452000,1.8,4413,Ingen,1.0
Øvre Solbakken 29,54/152/0/0,5132000,70,320000,3272400,1.8,5890,Ingen,1.0
Holmenkollvegen 19,54/153/0/0,5819000,70,320000,3753300,1.8,6755,Ingen,1.0
Nygårdsvegen 21,54/154/0/0,4144000,70,320000,2580800,1.8,4645,Ingen,1.0
Nygårdsvegen 23,54/155/0/0,5273000,70,320000,3371100,1.8,6067,Ingen,1.0
Nygårdsvegen 25,54/156/0/0,3826000,70,320000,2358200,1.8,4244,Ingen,1.0
Tillegg Til Liahaugen 0,54/157/0/0,0,100,0,0,1.8,0,Ingen,1.0
Liavegen 95,54/158/0/0,4821000,70,320000,3054700,1.8,5498,Ingen,1.0
Liavegen 28,54/159/0/0,5013000,70,320000,3189100,1.8,5740,Ingen,1.0
Holmenkollvegen 5,54/160/0/0,5594000,70,640000,3275800,1.8,5896,Ingen,2.0
Holmenkollvegen 7,54/161/0/0,6040000,70,640000,3588000,1.8,6458,Ingen,2.0
Øvre Solbakken 54,54/162/0/0,4195000,70,320000,2616500,1.8,4709,Ingen,1.0
Nygårdsvegen 11,54/164/0/0,5013000,70,320000,3189100,1.8,5740,Ingen,1.0
Nygårdsvegen 17,54/165/0/0,3745000,70,320000,2301500,1.8,4142,Ingen,1.0
Liavegen 91,54/166/0/0,4575000,70,320000,2882500,1.8,5188,Ingen,1.0
Øvre Solbakken 56,54/167/0/0,0,100,0,0,1.8,0,Ingen,1.0
Nygårds Alle 11,54/168/0/0,4965000,70,320000,3155500,1.8,5679,Ingen,1.0
Steinaldervegen 11,54/169/0/0,4797000,70,320000,3037900,1.8,5468,Ingen,1.0
Jobu I 0,54/171/0/0,0,100,0,0,1.8,0,Ingen,1.0
Bergly I 0,54/172/0/0,0,100,0,0,1.8,0,Ingen,1.0
Holmenkollvegen 16,54/175/0/0,5155000,70,320000,3288500,1.8,5919,Ingen,1.0
Steinrabben I 0,54/176/0/0,0,100,0,0,1.8,0,Ingen,1.0
Nygårdsvegen 33,54/177/0/0,5013000,70,320000,3189100,1.8,5740,Ingen,1.0
Holmenkollvegen 15,54/178/0/0,5594000,70,320000,3595800,1.8,6472,Ingen,1.0
Øvre Solbakken 69,54/179/0/0,4450000,70,320000,2795000,1.8,5031,Ingen,1.0
Øvre Solbakken 71,54/180/0/0,5132000,70,320000,3272400,1.8,5890,Ingen,1.0
Øvre Solbakken 12,54/181/0/0,3826000,70,320000,2358200,1.8,4244,Ingen,1.0
Nygårds Alle 7,54/182/0/0,6040000,70,640000,3588000,1.8,6458,Ingen,2.0
Tillegg Til Parsell 16 0,54/183/0/0,0,100,0,0,1.8,0,Ingen,1.0
Solglimt 0,54/185/0/0,0,100,0,0,1.8,0,Ingen,1.0
Tillegg Til Fredli I 0,54/186/0/0,0,100,0,0,1.8,0,Ingen,1.0
Øvre Solbakken 75,54/187/0/0,5594000,70,320000,3595800,1.8,6472,Ingen,1.0
Øvre Solbakken 27,54/188/0/0,5013000,70,320000,3189100,1.8,5740,Ingen,1.0
Holmenkollvegen 21,54/190/0/0,4170000,70,320000,2599000,1.8,4678,Ingen,1.0
Tillegg Til Parsell 24 0,54/191/0/0,21000,100,0,21000,1.8,37,Ingen,1.0
Nygårds Alle 5,54/193/0/0,3880000,70,320000,2396000,1.8,4312,Ingen,1.0
Liavegen 30,54/194/0/0,5155000,70,320000,3288500,1.8,5919,Ingen,1.0
Liavegen 89,54/196/0/0,5155000,70,320000,3288500,1.8,5919,Ingen,1.0
Steinaldervegen 8,54/197/0/0,4772000,70,320000,3020400,1.8,5436,Ingen,1.0
Holmenkollvegen 2D,54/199/0/0,3880000,70,320000,2396000,1.8,4312,Ingen,1.0
Sveianvegen 10,54/200/0/0,5249000,70,320000,3354300,1.8,6037,Ingen,1.0
Steinaldervegen 10,54/203/0/0,4821000,70,320000,3054700,1.8,5498,Ingen,1.0
Liavegen 71,54/204/0/0,5572000,70,320000,3580400,1.8,6444,Ingen,1.0
Nygårdsvegen 4,54/205/0/0,4092000,70,320000,2544400,1.8,4579,Ingen,1.0
Holmenkollvegen 2E,54/206/0/0,4989000,70,320000,3172300,1.8,5710,Ingen,1.0
Steinaldervegen 7,54/207/0/0,4550000,70,320000,2865000,1.8,5157,Ingen,1.0
Holmenkollvegen 10 0,54/208/0/0,109000,100,0,109000,1.8,196,Ingen,1.0
Holmenkollvegen 13,54/209/0/0,5108000,70,320000,3255600,1.8,5860,Ingen,1.0
Liavegen 26,54/210/0/0,5503000,70,320000,3532100,1.8,6357,Ingen,1.0
Øvre Solbakken 23,54/211/0/0,5037000,70,640000,2885900,1.8,5194,Ingen,2.0
Øvre Solbakken 25,54/212/0/0,4625000,70,320000,2917500,1.8,5251,Ingen,1.0
Holmenkollvegen 8,54/214/0/0,8466000,70,640000,5286200,1.8,9515,Ingen,2.0
Øvre Solbakken 31,54/216/0/0,3933000,70,320000,2433100,1.8,4379,Ingen,1.0
Nygårdsvegen 10,54/217/0/0,5037000,70,320000,3205900,1.8,5770,Ingen,1.0
Liavegen 69,54/219/0/0,4989000,70,320000,3172300,1.8,5710,Ingen,1.0
Tillegg Til Knausen 0,54/220/0/0,0,100,0,0,1.8,0,Ingen,1.0
Holmenkollvegen 22A,54/221/0/0,3853000,70,320000,2377100,1.8,4278,Ingen,1.0
Steinaldervegen 15,54/222/0/0,0,100,0,0,1.8,0,Ingen,1.0
Steinaldervegen 16B,54/227/0/0,5752000,70,320000,3706400,1.8,6671,Ingen,1.0
Tillegg Til Bomberget 0,54/228/0/0,0,100,0,0,4.0,0,Ingen,1.0
Sveianvegen 2A,54/232/0/0,5182000,70,320000,3307400,1.8,5953,Ingen,1.0
Sveianvegen 14,54/233/0/0,5975000,70,320000,3862500,1.8,6952,Ingen,1.0
Tillegg Til Banelia Vii 0,54/235/0/0,0,100,0,0,1.8,0,Ingen,1.0
Øvre Solbakken 73,54/237/0/0,4950000,70,320000,3145000,1.8,5661,Ingen,1.0
Steinaldervegen 18B,54/243/0/0,56000,100,0,56000,1.8,100,Ingen,1.0
Malvikvegen 1507,54/245/0/0,4233000,70,320000,2643100,1.8,4757,Ingen,1.0
Steinaldervegen 14B,54/246/0/0,3880000,70,320000,2396000,1.8,4312,Ingen,1.0
Liavegen 32,54/247/0/0,6451000,70,320000,4195700,1.8,7552,Ingen,1.0
Holmenkollvegen 2A,54/251/0/0,8010000,70,640000,4967000,1.8,8940,Ingen,2.0
Liavegen 83E,54/252/0/0,8332000,70,320000,5512400,1.8,9922,Ingen,1.0
Liavegen 83F,54/253/0/0,6801000,70,320000,4440700,1.8,7993,Ingen,1.0
Liavegen 83C,54/254/0/0,5101000,70,320000,3250700,1.8,5851,Ingen,1.0
Liavegen 83D,54/255/0/0,6902000,70,320000,4511400,1.8,8120,Ingen,1.0
Liavegen 83B,54/256/0/0,0,100,0,0,1.8,0,Ingen,1.0
Liavegen 83A,54/257/0/0,0,100,0,0,1.8,0,Ingen,1.0
54/261/0/0 0,54/261/0/0,0,100,0,0,1.8,0,Ingen,1.0
54/262/0/0 0,54/262/0/0,0,100,0,0,1.8,0,Ingen,1.0
Sveianvegen 4B,54/263/0/0,5296000,70,320000,3387200,1.8,6096,Ingen,1.0
54/267/0/0 0,54/267/0/0,284000,100,0,284000,1.8,511,Ingen,1.0
Holmenkollvegen 2C,54/268/0/0,10026000,70,320000,6698200,1.8,12056,Ingen,1.0
Liavegen 40B,54/271/0/0,7680000,70,320000,5056000,1.8,9100,Ingen,1.0
Malvikvegen 1505,54/272/0/0,6065000,70,320000,3925500,1.8,7065,Ingen,1.0
Holmenkollvegen 28C,54/280/0/1,3919000,70,320000,2423300,1.8,4361,Ingen,1.0
Holmenkollvegen 28B,54/280/0/2,5148000,70,320000,3283600,1.8,5910,Ingen,1.0
Liavegen 59,55/1/0/0,3177000,70,960000,1263900,1.8,2275,§ 5 h delvis,3.0
7550 Hommelvik 0,55/2/0/0,0,100,0,0,1.8,0,Ingen,1.0
Hommelvikhøgda 0,55/3/0/0,1148000,70,640000,163600,1.8,294,§ 5 h delvis,2.0
55/4/0/0 - Muruvik Hommelvik 0,55/4/0/0,17024000,100,0,17024000,4.0,68096,Ingen,1.0
Flatholmvegen 26,55/5/0/0,8130000,70,320000,5371000,1.8,9667,Ingen,1.0
Muruvikvegen 7B,55/6/0/0,4145000,70,640000,2261500,1.8,4070,Ingen,2.0
Flatholmvegen 44,55/8/0/0,6806000,70,320000,4444200,1.8,7999,Ingen,1.0
Muruvikvegen 14,55/10/0/0,3409000,70,320000,2066300,1.8,3719,Ingen,1.0
Flatholmvegen 48,55/12/0/0,1800000,70,320000,940000,1.8,1692,Ingen,1.0
Flatholmvegen 49,55/16/0/0,1507000,70,320000,734900,1.8,1322,Ingen,1.0
Flatholmvegen 51,55/17/0/0,1693000,70,320000,865100,1.8,1557,Ingen,1.0
Flatholmvegen 36A,55/21/0/0,3755000,70,640000,1988500,1.8,3579,Ingen,2.0
Muruvikvegen 12,55/23/0/0,2023000,70,320000,1096100,1.8,1972,Ingen,1.0
Arntzenbakken 3,55/24/0/0,4088000,70,320000,2541600,1.8,4574,Ingen,1.0
Liavegen 63,55/25/0/0,3608000,70,320000,2205600,1.8,3970,Ingen,1.0
Muruvikvegen 21,55/26/0/0,6025000,70,320000,3897500,1.8,7015,Ingen,1.0
Muruvikvegen 18,55/27/0/0,4610000,70,320000,2907000,1.8,5232,Ingen,1.0
Fotasvingen 3,55/28/0/0,5307000,70,320000,3394900,1.8,6110,§ 5 h delvis,1.0
Arntzenbakken 8,55/29/0/0,3134000,70,320000,1873800,1.8,3372,Ingen,1.0
Muruvikvegen 4,55/31/0/0,3220000,70,320000,1934000,1.8,3481,Ingen,1.0
Arntzenbakken 1,55/33/0/0,3155000,70,320000,1888500,1.8,3399,Ingen,1.0
Muruvikvegen 5,55/35/0/0,5210000,70,320000,3327000,1.8,5988,Ingen,1.0
Sundtbakken 1,55/36/0/0,4195000,70,320000,2616500,1.8,4709,Ingen,1.0
Muruvikvegen 9A,55/37/0/1,3009000,70,320000,1786300,1.8,3215,Ingen,1.0
Muruvikvegen 9A,55/37/0/2,3089000,70,320000,1842300,1.8,3316,Ingen,1.0
Lertrøvegen 2,55/38/0/0,2733000,70,320000,1593100,1.8,2867,Ingen,1.0
Flatholmvegen 47,55/39/0/0,3594000,70,320000,2195800,1.8,3952,Ingen,1.0
Flatholmen 17,55/40/0/0,1060000,70,320000,422000,1.8,759,Ingen,1.0
Muruvikvegen 3,55/43/0/0,4202000,70,320000,2621400,1.8,4718,Ingen,1.0
Arntzenbakken 5,55/44/0/0,3472000,70,320000,2110400,1.8,3798,Ingen,1.0
Malvikvegen 1565,55/45/0/0,4999000,70,320000,3179300,1.8,5722,Ingen,1.0
Hommelviktrøa 0,55/46/0/0,0,100,0,0,1.8,0,Ingen,1.0
Heierås 0,55/47/0/0,25000,100,0,25000,1.8,45,Ingen,1.0
Furuhaugvegen 22,55/48/0/0,4164000,70,320000,2594800,1.8,4670,Ingen,1.0
Muruvikvegen 17,55/49/0/0,3262000,70,320000,1963400,1.8,3534,Ingen,1.0
Muruvikvegen 10,55/50/0/0,2981000,70,320000,1766700,1.8,3180,Ingen,1.0
Aaslund 0,55/52/0/0,227000,100,0,227000,1.8,408,Ingen,1.0
Flatholmvegen 10,55/54/0/0,3177000,70,320000,1903900,1.8,3427,Ingen,1.0
Flatholmvegen 12B,55/55/0/0,6550000,70,320000,4265000,1.8,7677,Ingen,1.0
Thorshaug 0,55/56/0/0,0,100,0,0,1.8,0,Ingen,1.0
Flatholmvegen 42B,55/59/0/0,2570000,70,320000,1479000,1.8,2662,Ingen,1.0
Flatholmvegen 53,55/60/0/0,1849000,70,320000,974300,1.8,1753,Ingen,1.0
Furuhaugvegen 20,55/62/0/0,4700000,70,320000,2970000,1.8,5346,Ingen,1.0
Furuhaugvegen 24,55/63/0/0,4145000,70,320000,2581500,1.8,4646,Ingen,1.0
Flatholmen 1,55/66/0/0,1722000,70,320000,885400,1.8,1593,Ingen,1.0
Blåveisvegen 1,55/67/0/0,4400000,70,320000,2760000,1.8,4968,Ingen,1.0
Blåveisvegen 3,55/68/0/0,3880000,70,320000,2396000,1.8,4312,Ingen,1.0
Flatholmvegen 32,55/70/0/0,3874000,70,320000,2391800,1.8,4305,Ingen,1.0
Furuhaugvegen 1,55/71/0/0,4700000,70,320000,2970000,1.8,5346,Ingen,1.0
Muruvikvegen 1,55/73/0/0,3492000,70,320000,2124400,1.8,3823,Ingen,1.0
Flatholmen 7,55/75/0/0,1026000,70,320000,398200,1.8,716,Ingen,1.0
Hommelvik 0,55/77/0/0,3420000,70,320000,2074000,1.8,3733,Ingen,1.0
Furuhaugvegen 6,55/78/0/0,4672000,70,320000,2950400,1.8,5310,Ingen,1.0
Flatholmen 9,55/79/0/0,1646000,70,320000,832200,1.8,1497,Ingen,1.0
Muruvikvegen 23,55/82/0/0,3795000,70,320000,2336500,1.8,4205,Ingen,1.0
Flatholmvegen 2,55/84/0/0,4445000,70,320000,2791500,1.8,5024,Ingen,1.0
Flatholmvegen 52,55/85/0/0,4147000,70,320000,2582900,1.8,4649,Ingen,1.0
Malvikvegen 1541,55/86/0/0,2974000,70,320000,1761800,1.8,3171,Ingen,1.0
Furuhaugvegen 12,55/87/0/0,5814000,70,320000,3749800,1.8,6749,Ingen,1.0
Furuhaugvegen 18,55/88/0/0,2591000,70,320000,1493700,1.8,2688,Ingen,1.0
Flatholmen 3,55/91/0/0,1274000,70,320000,571800,1.8,1029,Ingen,1.0
Flatholmen 5,55/92/0/0,788000,70,320000,231600,1.8,416,Ingen,1.0
Flatholmen 11,55/93/0/0,1978000,70,320000,1064600,1.8,1916,Ingen,1.0
Flatholmen 13,55/94/0/0,1399000,70,320000,659300,1.8,1186,Ingen,1.0
Flatholmen 15,55/95/0/0,1243000,70,320000,550100,1.8,990,Ingen,1.0
Fjordgløtt Ii 0,55/96/0/0,0,100,0,0,1.8,0,Ingen,1.0
Flatholmvegen 43,55/97/0/0,4068000,70,320000,2527600,1.8,4549,Ingen,1.0
Myrtrøvegen 8A,55/99/0/0,3047000,70,320000,1812900,1.8,3263,Ingen,1.0
Flatholmvegen 22,55/100/0/0,6029000,70,640000,3580300,1.8,6444,Ingen,2.0
Sundtbakken 2,55/101/0/0,4247000,70,320000,2652900,1.8,4775,Ingen,1.0
Myrtrøvegen 29,55/102/0/0,6169000,70,320000,3998300,1.8,7196,Ingen,1.0
Furuhaugvegen 9,55/103/0/0,4772000,70,320000,3020400,1.8,5436,Ingen,1.0
Muruvik Bensinstasjon 0,55/104/0/0,0,100,0,0,1.8,0,Ingen,1.0
Sundtbakken 5,55/105/0/0,3055000,70,320000,1818500,1.8,3273,Ingen,1.0
Muruvikvegen 25,55/106/0/0,3326000,70,320000,2008200,1.8,3614,Ingen,1.0
Furuhaugvegen 29,55/107/0/0,5961000,70,320000,3852700,1.8,6934,Ingen,1.0
Flatholmvegen 24,55/108/0/0,4145000,70,320000,2581500,1.8,4646,Ingen,1.0
Lynghaugen 0,55/109/0/0,53000,100,0,53000,1.8,95,Ingen,1.0
Muruvikvegen 20,55/110/0/0,0,100,0,0,1.8,0,Ingen,1.0
Solbrå I 0,55/111/0/0,0,100,0,0,1.8,0,Ingen,1.0
Blåveisvegen 5,55/114/0/0,4092000,70,320000,2544400,1.8,4579,Ingen,1.0
Flatholmvegen 24B,55/115/0/0,6819000,70,640000,4133300,1.8,7439,Ingen,2.0
Serinabakken 8,55/116/0/0,3594000,70,320000,2195800,1.8,3952,Ingen,1.0
Flatholmvegen 42A,55/117/0/0,438000,70,320000,0,1.8,0,Ingen,1.0
Holmenvegen 26,55/118/0/0,3326000,70,320000,2008200,1.8,3614,Ingen,1.0
55/119/0/0 0,55/119/0/0,0,100,0,0,1.8,0,Ingen,1.0
Nygårdsvegen 22,55/120/0/0,1957000,70,320000,1049900,1.8,1889,Ingen,1.0
Nygårdsvegen 20,55/121/0/0,674000,70,320000,151800,1.8,273,Ingen,1.0
Flatholmvegen 60,55/122/0/0,0,100,0,0,1.8,0,Ingen,1.0
Flatholmvegen 46,55/123/0/0,615000,70,320000,110500,1.8,198,Ingen,1.0
Flatholmvegen 58,55/124/0/0,3363000,70,320000,2034100,1.8,3661,Ingen,1.0
Flatholmvegen 72,55/125/0/0,1887000,70,320000,1000900,1.8,1801,Ingen,1.0
Holmenvegen 18A,55/126/0/1,2786000,70,320000,1630200,1.8,2934,Ingen,1.0
Holmenvegen 18B,55/126/0/2,3029000,70,320000,1800300,1.8,3240,Ingen,1.0
Arntzenbakken 9,55/128/0/0,3368000,70,320000,2037600,1.8,3667,Ingen,1.0
Møllmannsli I 0,55/130/0/0,0,100,0,0,1.8,0,Ingen,1.0
Furuly I 0,55/131/0/0,0,100,0,0,1.8,0,Ingen,1.0
Nygårdsvegen 24,55/132/0/0,901000,70,320000,310700,1.8,559,Ingen,1.0
Flatholmvegen 24D,55/133/0/0,5575000,70,320000,3582500,1.8,6448,Ingen,1.0
Muruvik Søndre I 0,55/134/0/0,0,100,0,0,1.8,0,Ingen,1.0
Flatholmvegen 62,55/136/0/0,293000,70,320000,0,1.8,0,Ingen,1.0
Furuhaugvegen 35,55/139/0/0,9416000,70,640000,5951200,1.8,10712,Ingen,2.0
Sundtbakken 4,55/141/0/0,4400000,70,320000,2760000,1.8,4968,Ingen,1.0
Flatholmvegen 39,55/143/0/0,8487000,70,640000,5300900,1.8,9541,Ingen,2.0
Flatholmvegen 25,55/144/0/0,4030000,70,320000,2501000,1.8,4501,Ingen,1.0
Flatholmvegen 50,55/145/0/0,1104000,70,320000,452800,1.8,815,Ingen,1.0
Flatholmvegen 74,55/146/0/0,1656000,70,320000,839200,1.8,1510,Ingen,1.0
Holmenvegen 14,55/147/0/0,3713000,70,320000,2279100,1.8,4102,Ingen,1.0
Flatholmvegen 38B,55/148/0/0,630000,70,320000,121000,1.8,217,Ingen,1.0
Flatholmvegen 29,55/149/0/0,3492000,70,320000,2124400,1.8,3823,Ingen,1.0
Viken I 0,55/150/0/0,0,100,0,0,1.8,0,Ingen,1.0
Viken Ii 0,55/151/0/0,0,100,0,0,1.8,0,Ingen,1.0
Viken Iii 0,55/152/0/0,0,100,0,0,1.8,0,Ingen,1.0
Divisjon Eiendom - Gjelder Bitumenanlegg Muruvik 0,55/154/0/0,6400000,100,0,6400000,4.0,25600,Ingen,1.0
Furuhaugvegen 2,55/155/0/0,3635000,70,320000,2224500,1.8,4004,Ingen,1.0
Myrtrøvegen 9A,55/156/0/0,3025000,70,320000,1797500,1.8,3235,Ingen,1.0
Holmenvegen 22,55/157/0/0,594000,70,320000,95800,1.8,172,Ingen,1.0
Flatholmvegen 41,55/158/0/0,3134000,70,320000,1873800,1.8,3372,Ingen,1.0
Flatholmvegen 37,55/159/0/0,4371000,70,320000,2739700,1.8,4931,Ingen,1.0
Flatholmvegen 41B,55/160/0/0,2461000,70,320000,1402700,1.8,2524,Ingen,1.0
Flatholmvegen 45,55/161/0/0,3262000,70,320000,1963400,1.8,3534,Ingen,1.0
Liavegen 51,55/162/0/0,3469000,70,320000,2108300,1.8,3794,Ingen,1.0
Myrtrøvegen 7,55/164/0/0,3655000,70,320000,2238500,1.8,4029,Ingen,1.0
Myrtrøvegen 5,55/165/0/0,3134000,70,320000,1873800,1.8,3372,Ingen,1.0
Myrtrøvegen 3,55/166/0/0,3241000,70,320000,1948700,1.8,3507,Ingen,1.0
Muruvikvegen 6,55/167/0/0,3815000,70,320000,2350500,1.8,4230,Ingen,1.0
Serinabakken 7,55/171/0/0,3262000,70,320000,1963400,1.8,3534,Ingen,1.0
Lertrøvegen 4,55/172/0/0,2498000,70,320000,1428600,1.8,2571,Ingen,1.0
Flatholmvegen 68,55/173/0/0,1526000,70,320000,748200,1.8,1346,Ingen,1.0
Flatholmvegen 64,55/174/0/0,2762000,70,640000,1293400,1.8,2328,Ingen,2.0
Flatholmvegen 70,55/175/0/0,700000,70,320000,170000,1.8,306,Ingen,1.0
Flatholmvegen 54,55/176/0/0,1766000,70,320000,916200,1.8,1649,Ingen,1.0
Flatholmvegen 34,55/178/0/0,3675000,70,320000,2252500,1.8,4054,Ingen,1.0
Snippen 0,55/180/0/0,0,100,0,0,1.8,0,Ingen,1.0
Furuhaugvegen 8,55/181/0/0,3472000,70,320000,2110400,1.8,3798,Ingen,1.0
Flatholmvegen 36C,55/184/0/0,1113000,70,320000,459100,1.8,826,Ingen,1.0
Blåveisvegen 6,55/186/0/0,4144000,70,320000,2580800,1.8,4645,Ingen,1.0
Viken Vi 0,55/187/0/0,0,100,0,0,1.8,0,Ingen,1.0
Muruvikvegen 8,55/188/0/0,3874000,70,320000,2391800,1.8,4305,Ingen,1.0
Flatholmvegen 33,55/189/0/0,3775000,70,320000,2322500,1.8,4180,Ingen,1.0
Furuhaugvegen 3,55/190/0/0,4555000,70,640000,2548500,1.8,4587,Ingen,2.0
Tillegg Til Holmbo 0,55/192/0/0,0,100,0,0,1.8,0,Ingen,1.0
Myrtrøvegen 10,55/193/0/0,4221000,70,320000,2634700,1.8,4742,Ingen,1.0
Skogholt 0,55/194/0/0,456000,100,0,456000,1.8,820,Ingen,1.0
Serinabakken 16,55/195/0/0,0,100,0,0,1.8,0,Ingen,1.0
Skogholt Ii 0,55/196/0/0,0,100,0,0,1.8,0,Ingen,1.0
Flatholmvegen 35,55/197/0/0,4202000,70,320000,2621400,1.8,4718,Ingen,1.0
Liavegen 65,55/198/0/0,4400000,70,320000,2760000,1.8,4968,Ingen,1.0
Tillegg Til Bakketun 0,55/199/0/0,72000,100,0,72000,1.8,129,Ingen,1.0
Liavegen 55,55/200/0/0,3799000,70,320000,2339300,1.8,4210,Ingen,1.0
Malvikvegen 1570,55/201/0/0,4263000,70,320000,2664100,1.8,4795,Ingen,1.0
Tillegg Til Hommelvikhøgda 0,55/202/0/0,0,100,0,0,1.8,0,Ingen,1.0
Sundtbakken 6,55/203/0/0,5572000,70,320000,3580400,1.8,6444,Ingen,1.0
Flatholmvegen 56,55/204/0/0,1142000,70,320000,479400,1.8,862,Ingen,1.0
Flatholmvegen 38,55/205/0/0,4334000,70,320000,2713800,1.8,4884,Ingen,1.0
Myrtrøvegen 9B,55/206/0/0,4826000,70,640000,2738200,1.8,4928,Ingen,2.0
Muruvikvegen 11,55/207/0/0,3305000,70,320000,1993500,1.8,3588,Ingen,1.0
Tillegg Til Solglimt 0,55/208/0/0,0,100,0,0,1.8,0,Ingen,1.0
Flatholmvegen 25A,55/209/0/0,6985000,70,320000,4569500,1.8,8225,Ingen,1.0
Myrtrøvegen 12,55/210/0/0,3003000,70,320000,1782100,1.8,3207,Ingen,1.0
Furuhaugvegen 5,55/211/0/0,5518000,70,320000,3542600,1.8,6376,Ingen,1.0
Flatholmvegen 31,55/214/0/0,3025000,70,320000,1797500,1.8,3235,Ingen,1.0
Muruvikvegen 2,55/215/0/0,4277000,70,320000,2673900,1.8,4813,Ingen,1.0
Myrtrøvegen 14,55/218/0/0,4240000,70,640000,2328000,1.8,4190,Ingen,2.0
Myrtrøvegen 16,55/219/0/0,3913000,70,320000,2419100,1.8,4354,Ingen,1.0
Myrtrøvegen 19,55/220/0/0,3675000,70,320000,2252500,1.8,4054,Ingen,1.0
Myrtrøvegen 25,55/221/0/0,2981000,70,320000,1766700,1.8,3180,Ingen,1.0
Myrtrøvegen 23,55/222/0/0,5176000,70,320000,3303200,1.8,5945,Ingen,1.0
Myrtrøvegen 21,55/223/0/0,4573000,70,640000,2561100,1.8,4609,Ingen,2.0
Myrtrøvegen 20,55/224/0/0,4426000,70,320000,2778200,1.8,5000,Ingen,1.0
Myrtrøvegen 18,55/225/0/0,4389000,70,320000,2752300,1.8,4954,Ingen,1.0
Sveianvegen 3,55/226/0/0,3986000,70,320000,2470200,1.8,4446,Ingen,1.0
Flatholmen 2,55/228/0/0,575000,70,320000,82500,1.8,148,Ingen,1.0
Furuhaugvegen 11,55/229/0/0,4700000,70,320000,2970000,1.8,5346,Ingen,1.0
Furuhaugvegen 13,55/230/0/0,0,100,0,0,1.8,0,Ingen,1.0
Parsell P 0,55/231/0/0,0,100,0,0,1.8,0,Ingen,1.0
Myrtrøvegen 8B,55/233/0/0,4754000,70,320000,3007800,1.8,5414,Ingen,1.0
Sundtbakken 3,55/234/0/0,3853000,70,320000,2377100,1.8,4278,Ingen,1.0
Furuhaugvegen 31,55/235/0/0,5540000,70,320000,3558000,1.8,6404,Ingen,1.0
Flatholmvegen 23,55/237/0/0,4482000,70,320000,2817400,1.8,5071,Ingen,1.0
Liavegen 53,55/238/0/0,4550000,70,320000,2865000,1.8,5157,Ingen,1.0
Tillegg Til Bekkestua 0,55/239/0/0,0,100,0,0,1.8,0,Ingen,1.0
Furuhaugvegen 7,55/240/0/0,5482000,70,320000,3517400,1.8,6331,Ingen,1.0
Flatholmvegen 28,55/241/0/0,3326000,70,320000,2008200,1.8,3614,Ingen,1.0
Flatholmvegen 27,55/242/0/0,3675000,70,320000,2252500,1.8,4054,Ingen,1.0
Bekkestua Ii 0,55/244/0/0,0,100,0,0,1.8,0,Ingen,1.0
Furuhaugvegen 16,55/245/0/0,2700000,70,320000,1570000,1.8,2826,Ingen,1.0
Blåveisvegen 3B,55/246/0/0,4893000,70,320000,3105100,1.8,5589,Ingen,1.0
Muruvikvegen 7,55/247/0/0,3735000,70,320000,2294500,1.8,4130,Ingen,1.0
Muruvikvegen 9B,55/248/0/0,4088000,70,320000,2541600,1.8,4574,Ingen,1.0
Flatholmvegen 20,55/249/0/0,5976000,70,320000,3863200,1.8,6953,Ingen,1.0
Furuhaugvegen 37,55/250/0/0,3554000,70,320000,2167800,1.8,3902,Ingen,1.0
Serinabakken 14,55/251/0/0,4500000,70,320000,2830000,1.8,5094,Ingen,1.0
Parkeringsplass Leiret 0,55/253/0/0,0,100,0,0,4.0,0,Ingen,1.0
Flatholmvegen 4,55/254/0/0,4088000,70,320000,2541600,1.8,4574,Ingen,1.0
Muruvikvegen 16,55/255/0/0,3090000,70,640000,1523000,1.8,2741,Ingen,2.0
Øvre Solbakken 67B,55/256/0/0,6040000,70,320000,3908000,1.8,7034,Ingen,1.0
Furuhaugvegen 4,55/257/0/0,4240000,70,320000,2648000,1.8,4766,Ingen,1.0
Muruvikvegen 7D,55/258/0/0,4049000,70,320000,2514300,1.8,4525,Ingen,1.0
Myrtrøvegen 6B,55/259/0/0,3692000,70,320000,2264400,1.8,4075,Ingen,1.0
Flatholmvegen 40,55/262/0/0,4482000,70,320000,2817400,1.8,5071,Ingen,1.0
Storheia 0,55/263/0/0,0,100,0,0,4.0,0,Ingen,1.0
Furuhaugvegen 17,55/264/0/0,6569000,70,640000,3958300,1.8,7124,Ingen,2.0
Flatholmvegen 6,55/267/0/0,6443000,70,320000,4190100,1.8,7542,Ingen,1.0
Myrtrøvegen 11,55/268/0/0,5098000,70,320000,3248600,1.8,5847,Ingen,1.0
Myrtrøvegen 13,55/269/0/0,4780000,70,320000,3026000,1.8,5446,Ingen,1.0
Myrtrøvegen 15,55/270/0/0,0,100,0,0,1.8,0,Ingen,1.0
Myrtrøvegen 17,55/271/0/0,5143000,70,320000,3280100,1.8,5904,Ingen,1.0
Solbakken Terrasse 0,55/272/0/0,0,100,0,0,1.8,0,Ingen,1.0
Tillegg Til Furukollen 0,55/273/0/0,0,100,0,0,1.8,0,Ingen,1.0
Øvre Solbakken 47,55/274/0/0,4548000,70,320000,2863600,1.8,5154,Ingen,1.0
Øvre Solbakken 39,55/275/0/0,5267000,70,320000,3366900,1.8,6060,Ingen,1.0
Øvre Solbakken 41,55/276/0/0,5265000,70,320000,3365500,1.8,6057,Ingen,1.0
Øvre Solbakken 45,55/277/0/0,6143000,70,320000,3980100,1.8,7164,Ingen,1.0
Øvre Solbakken 43,55/278/0/0,5956000,70,320000,3849200,1.8,6928,Ingen,1.0
Øvre Solbakken 33,55/279/0/0,6106000,70,320000,3954200,1.8,7117,Ingen,1.0
Øvre Solbakken 35,55/280/0/0,7283000,70,320000,4778100,1.8,8600,Ingen,1.0
Øvre Solbakken 37,55/281/0/0,6697000,70,320000,4367900,1.8,7862,Ingen,1.0
Serinabakken 20,55/282/0/0,4700000,70,640000,2650000,1.8,4770,Ingen,2.0
Serinabakken 11,55/283/0/0,3702000,70,320000,2271400,1.8,4088,Ingen,1.0
Serinabakken 22,55/284/0/0,5007000,70,320000,3184900,1.8,5732,Ingen,1.0
Serinabakken 24,55/285/0/0,7992000,70,640000,4954400,1.8,8917,Ingen,2.0
Serinabakken 26,55/286/0/0,5613000,70,320000,3609100,1.8,6496,Ingen,1.0
Flatholmvegen 14,55/288/0/0,4684000,70,640000,2638800,1.8,4749,Ingen,2.0
Tillegg Til Utsikten 0,55/289/0/0,0,100,0,0,1.8,0,Ingen,1.0
Serinabakken 13,55/290/0/0,0,100,0,0,1.8,0,Ingen,1.0
"Linjegrunn, Nordlandsbanen 0",55/292/0/0,0,100,0,0,4.0,0,Ingen,1.0
Øvre Solbakken 31B,55/293/0/0,5857000,70,640000,3459900,1.8,6227,Ingen,2.0
Flatholmvegen 34B,55/296/0/0,4081000,70,320000,2536700,1.8,4566,Ingen,1.0
Øvre Solbakken 45B,55/297/0/0,6420000,70,640000,3854000,1.8,6937,Ingen,2.0
Øvre Solbakken 45C,55/298/0/0,5206000,70,320000,3324200,1.8,5983,Ingen,1.0
Øvre Solbakken 45D,55/299/0/0,6367000,70,320000,4136900,1.8,7446,Ingen,1.0
Arntzenbakken 6,55/301/0/0,5946000,70,320000,3842200,1.8,6915,Ingen,1.0
Holmenvegen 17,55/304/0/0,4731000,70,320000,2991700,1.8,5385,Ingen,1.0
Øvre Solbakken 67A,55/305/0/0,7977000,70,640000,4943900,1.8,8899,Ingen,2.0
Blåveisvegen 4,55/306/0/0,5901000,70,320000,3810700,1.8,6859,Ingen,1.0
Heierås Ii 0,55/307/0/0,0,100,0,0,1.8,0,Ingen,1.0
Geilbergvegen 2,55/308/0/0,4044000,70,320000,2510800,1.8,4519,Ingen,1.0
Furuhaugvegen 27,55/309/0/0,7311000,70,320000,4797700,1.8,8635,Ingen,1.0
Furuhaugvegen 25,55/310/0/0,7728000,70,320000,5089600,1.8,9161,Ingen,1.0
Furuhaugvegen 23,55/311/0/0,5695000,70,640000,3346500,1.8,6023,Ingen,2.0
Myrtrøvegen 12B,55/312/0/0,3902000,70,320000,2411400,1.8,4340,Ingen,1.0
Myrtrøvegen 4A,55/313/0/0,0,100,0,0,4.0,0,Ingen,1.0
Furuhaugvegen 13A,55/314/0/0,6781000,70,640000,4106700,1.8,7392,Ingen,2.0
Furuhaugvegen 13B,55/315/0/0,7136000,70,640000,4355200,1.8,7839,Ingen,2.0
Furuhaugvegen 15,55/316/0/0,0,100,0,0,1.8,0,Ingen,1.0
Myrtrøvegen 4A,55/317/0/0,3733000,70,320000,2293100,1.8,4127,Ingen,1.0
Myrtrøvegen 4B,55/318/0/0,3622000,70,320000,2215400,1.8,3987,Ingen,1.0
Myrtrøvegen 4C,55/319/0/0,3622000,70,320000,2215400,1.8,3987,Ingen,1.0
Myrtrøvegen 4D,55/320/0/0,3622000,70,320000,2215400,1.8,3987,Ingen,1.0
Myrtrøvegen 4E,55/321/0/0,3622000,70,320000,2215400,1.8,3987,Ingen,1.0
Myrtrøvegen 4F,55/322/0/0,3733000,70,320000,2293100,1.8,4127,Ingen,1.0
Myrtrøvegen 4G,55/323/0/0,3761000,70,320000,2312700,1.8,4162,Ingen,1.0
Myrtrøvegen 4H,55/324/0/0,3579000,70,320000,2185300,1.8,3933,Ingen,1.0
Furuhaugvegen 19,55/325/0/0,7992000,70,640000,4954400,1.8,8917,Ingen,2.0
Flatholmvegen 6B,55/326/0/0,6755000,70,320000,4408500,1.8,7935,Ingen,1.0
Flatholmvegen 6A,55/327/0/0,5168000,70,320000,3297600,1.8,5935,Ingen,1.0
Flatholmvegen 8,55/328/0/0,8991000,70,640000,5653700,1.8,10176,Ingen,2.0
Fotasvingen 2,55/329/0/0,22162000,70,1920000,13593400,1.8,24468,Ingen,6.0
Fotasvingen 14,55/330/0/0,32175000,70,2880000,19642500,1.8,35356,Ingen,9.0
Fotasvingen 32,55/331/0/1,3558000,70,320000,2170600,1.8,3907,Ingen,1.0
Fotasvingen 34,55/331/0/2,3836000,70,320000,2365200,1.8,4257,Ingen,1.0
Fotasvingen 44,55/331/0/3,3437000,70,320000,2085900,1.8,3754,Ingen,1.0
Fotasvingen 46,55/331/0/4,3598000,70,320000,2198600,1.8,3957,Ingen,1.0
Fotasvingen 56,55/331/0/5,3992000,70,320000,2474400,1.8,4453,Ingen,1.0
Fotasvingen 36,55/331/0/6,3558000,70,320000,2170600,1.8,3907,Ingen,1.0
Fotasvingen 38,55/331/0/7,3836000,70,320000,2365200,1.8,4257,Ingen,1.0
Fotasvingen 48,55/331/0/8,3193000,70,320000,1915100,1.8,3447,Ingen,1.0
Fotasvingen 50,55/331/0/9,3836000,70,320000,2365200,1.8,4257,Ingen,1.0
Fotasvingen 58,55/331/0/10,3678000,70,320000,2254600,1.8,4058,Ingen,1.0
Fotasvingen 40,55/331/0/11,3558000,70,320000,2170600,1.8,3907,Ingen,1.0
Fotasvingen 42,55/331/0/12,3598000,70,320000,2198600,1.8,3957,Ingen,1.0
Fotasvingen 52,55/331/0/13,3275000,70,320000,1972500,1.8,3550,Ingen,1.0
Fotasvingen 54,55/331/0/14,3836000,70,320000,2365200,1.8,4257,Ingen,1.0
Fotasvingen 60,55/331/0/15,4031000,70,320000,2501700,1.8,4503,Ingen,1.0
55/332/0/0 0,55/332/0/0,0,100,0,0,4.0,0,Ingen,1.0
55/333/0/0 0,55/333/0/0,0,100,0,0,1.8,0,Ingen,1.0
55/334/0/0 0,55/334/0/0,0,100,0,0,1.8,0,Ingen,1.0
Myrtrøvegen 6A,55/335/0/0,3664000,70,320000,2244800,1.8,4040,Ingen,1.0
Lertrøvegen 6,55/336/0/0,5811000,70,640000,3427700,1.8,6169,Ingen,2.0
Flatholmvegen 24C,55/338/0/0,5575000,70,320000,3582500,1.8,6448,Ingen,1.0
55/339/0/0 0,55/339/0/0,328000,100,0,328000,1.8,590,Ingen,1.0
55/340/0/0 0,55/340/0/0,0,100,0,0,1.8,0,Ingen,1.0
55/342/0/0 0,55/342/0/0,0,100,0,0,4.0,0,Ingen,1.0
55/344/0/0 0,55/344/0/0,0,100,0,0,1.8,0,Ingen,1.0
55/348/0/0 0,55/348/0/0,0,100,0,0,4.0,0,Ingen,1.0
55/349/0/0 0,55/349/0/0,0,100,0,0,1.8,0,Ingen,1.0
55/350/0/0 0,55/350/0/0,0,100,0,0,1.8,0,Ingen,1.0
55/351/0/0 0,55/351/0/0,0,100,0,0,1.8,0,Ingen,1.0
Flatholmvegen 26B,55/352/0/0,6390000,70,320000,4153000,1.8,7475,Ingen,1.0
Flatholmvegen 16,55/353/0/0,6806000,70,320000,4444200,1.8,7999,Ingen,1.0
55/354/0/0 0,55/354/0/0,0,100,0,0,1.8,0,Ingen,1.0
55/355/0/0 0,55/355/0/0,0,100,0,0,1.8,0,Ingen,1.0
55/356/0/0 0,55/356/0/0,0,100,0,0,1.8,0,Ingen,1.0
55/357/0/0 0,55/357/0/0,0,100,0,0,1.8,0,Ingen,1.0
55/358/0/0 0,55/358/0/0,0,100,0,0,1.8,0,Ingen,1.0
55/359/0/0 0,55/359/0/0,0,100,0,0,1.8,0,Ingen,1.0
Flatholmvegen 24A,55/361/0/0,6274000,70,320000,4071800,1.8,7329,Ingen,1.0
55/368/0/0 0,55/368/0/0,472000,100,0,472000,4.0,1888,Ingen,1.0
Flatholmvegen 12A,55/373/0/0,6429000,70,320000,4180300,1.8,7524,Ingen,1.0
Sandmarkvegen 12,56/1/0/0,3768000,70,320000,2317600,1.8,4171,Ingen,1.0
Liavegen 23,56/2/0/0,3700000,70,320000,2270000,1.8,4086,Ingen,1.0
Liavegen 29,56/3/0/0,3152000,70,320000,1886400,1.8,3395,Ingen,1.0
Sandmarkvegen 8B,56/4/0/0,2500000,70,320000,1430000,1.8,2574,Ingen,1.0
Liavegen 17,56/5/0/0,4118000,70,320000,2562600,1.8,4612,Ingen,1.0
Liavegen 27,56/6/0/0,6578000,70,640000,3964600,1.8,7136,Ingen,2.0
Sandmarkvegen 10,56/7/0/0,4195000,70,320000,2616500,1.8,4709,Ingen,1.0
Liavegen 25,56/8/0/0,5952000,70,640000,3526400,1.8,6347,Ingen,2.0
Liavegen 31,56/9/0/0,4873000,70,320000,3091100,1.8,5563,Ingen,1.0
Liavegen 19,56/10/0/0,4650000,70,320000,2935000,1.8,5283,Ingen,1.0
Sandmarkvegen 8A,56/11/0/0,9563000,70,320000,6374100,1.8,11473,Ingen,1.0
Liavegen 21,56/12/0/0,6142000,70,320000,3979400,1.8,7162,Ingen,1.0
Sandmarkvegen 8C,56/13/0/0,7614000,70,320000,5009800,1.8,9017,Ingen,1.0
Karlslystvegen 27,57/1/0/0,2294000,70,640000,965800,1.8,1738,§ 5 h delvis,2.0
Korntrøvegen 19,57/1/2/0,4500000,70,320000,2830000,1.8,5094,Ingen,1.0
Korntrøvegen 16,57/1/4/0,4400000,70,320000,2760000,1.8,4968,Ingen,1.0
Korntrøvegen 14,57/1/6/0,4500000,70,320000,2830000,1.8,5094,Ingen,1.0
Korntrøvegen 4,57/1/7/0,3093000,70,320000,1845100,1.8,3321,Ingen,1.0
Sandmarkvegen 5,57/1/8/0,4515000,70,320000,2840500,1.8,5112,Ingen,1.0
Korntrøvegen 2,57/1/9/0,3608000,70,320000,2205600,1.8,3970,Ingen,1.0
Liavegen 1,57/1/10/0,4195000,70,320000,2616500,1.8,4709,Ingen,1.0
Liavegen 12,57/1/12/0,4941000,70,320000,3138700,1.8,5649,Ingen,1.0
Korntrøvegen 9,57/1/13/0,6215000,70,320000,4030500,1.8,7254,Ingen,1.0
Liavegen 7,57/1/14/0,3745000,70,320000,2301500,1.8,4142,Ingen,1.0
Kirkegata 1,57/3/0/0,7064000,70,960000,3984800,1.8,7172,Ingen,3.0
Kirkegata 1,57/3/0/0,1164000,100,0,1164000,4.0,4656,Ingen,1.0
Kirkegata 6,57/4/0/0,3770000,70,320000,2319000,1.8,4174,Ingen,1.0
Kirkegata 6,57/4/0/0,390000,100,0,390000,4.0,1560,Ingen,1.0
Brubakken 0,57/5/0/0,0,100,0,0,1.8,0,Ingen,1.0
Malvikvegen 1361,57/10/0/0,0,100,0,0,1.8,0,Ingen,1.0
Øyavegen 1,57/11/0/1,3750000,70,320000,2305000,1.8,4149,Ingen,1.0
Øyavegen 1,57/11/0/2,3587000,70,320000,2190900,1.8,3943,Ingen,1.0
Øyavegen 1,57/11/0/3,2642000,70,320000,1529400,1.8,2752,Ingen,1.0
Øyavegen 1,57/11/0/4,2953000,70,320000,1747100,1.8,3144,Ingen,1.0
Øyavegen 1,57/11/0/5,2607000,70,320000,1504900,1.8,2708,Ingen,1.0
Øyavegen 1,57/11/0/6,2953000,70,320000,1747100,1.8,3144,Ingen,1.0
Øyavegen 1,57/11/0/7,3587000,70,320000,2190900,1.8,3943,Ingen,1.0
Øyavegen 1,57/11/0/8,3587000,70,320000,2190900,1.8,3943,Ingen,1.0
Øyavegen 1,57/11/0/9,2642000,70,320000,1529400,1.8,2752,Ingen,1.0
Øyavegen 1,57/11/0/10,2816000,70,320000,1651200,1.8,2972,Ingen,1.0
Øyavegen 1,57/11/0/11,2536000,70,320000,1455200,1.8,2619,Ingen,1.0
Øyavegen 1,57/11/0/12,3021000,70,320000,1794700,1.8,3230,Ingen,1.0
Øyavegen 1,57/11/0/13,3587000,70,320000,2190900,1.8,3943,Ingen,1.0
Øyavegen 1,57/11/0/14,3587000,70,320000,2190900,1.8,3943,Ingen,1.0
Øyavegen 1,57/11/0/15,2642000,70,320000,1529400,1.8,2752,Ingen,1.0
Øyavegen 1,57/11/0/16,2285000,70,320000,1279500,1.8,2303,Ingen,1.0
Øyavegen 1,57/11/0/17,2536000,70,320000,1455200,1.8,2619,Ingen,1.0
Øyavegen 1,57/11/0/18,3021000,70,320000,1794700,1.8,3230,Ingen,1.0
Øyavegen 1,57/11/0/19,4535000,100,0,4535000,4.0,18140,Ingen,1.0
Øyavegen 2,57/14/0/0,3440000,70,960000,1448000,1.8,2606,Ingen,3.0
Øyavegen 10,57/15/0/0,1855000,70,320000,978500,1.8,1761,Ingen,1.0
Johan Nygaardsvolds Gate 4,57/16/0/0,3182000,70,320000,1907400,1.8,3433,Ingen,1.0
Johan Nygaardsvolds Gate 10,57/17/0/0,3327000,70,320000,2008900,1.8,3616,Ingen,1.0
Johan Nygaardsvolds Gate 29,57/19/0/0,5108000,70,320000,3255600,1.8,5860,Ingen,1.0
Johan Nygaardsvolds Gate 25A,57/20/0/0,4400000,70,320000,2760000,1.8,4968,Ingen,1.0
Markavegen 6,57/21/0/0,5886000,70,320000,3800200,1.8,6840,Ingen,1.0
Fagratunvegen 2,57/23/0/0,6870000,70,320000,4489000,1.8,8080,Ingen,1.0
Hommelvik Bruk 0,57/24/0/0,0,100,0,0,1.8,0,Ingen,1.0
Liavegen 47,57/25/0/0,9260000,70,320000,6162000,1.8,11091,Ingen,1.0
Liavegen 4,57/26/0/0,6040000,70,320000,3908000,1.8,7034,Ingen,1.0
Øyavegen 14,57/27/0/0,5435000,70,320000,3484500,1.8,6272,Ingen,1.0
Malvikvegen 1344,57/30/0/0,1312000,100,0,1312000,4.0,5248,Ingen,1.0
57/31/0/0 0,57/31/0/0,575000,100,0,575000,4.0,2300,Ingen,1.0
Nessvegen 6B,57/32/0/0,3484000,70,320000,2118800,1.8,3813,Ingen,1.0
Sandberg 0,57/33/0/0,0,100,0,0,1.8,0,Ingen,1.0
Voldmo 0,57/36/0/0,0,100,0,0,4.0,0,Ingen,1.0
Bjørkli 2 0,57/37/0/0,0,100,0,0,1.8,0,Ingen,1.0
Liavegen 5,57/38/0/0,6641000,70,320000,4328700,1.8,7791,Ingen,1.0
Sandmarkvegen 11,57/39/0/0,3799000,70,320000,2339300,1.8,4210,Ingen,1.0
Sandmarkvegen 13,57/40/0/0,7283000,70,320000,4778100,1.8,8600,Ingen,1.0
Mellem Hommelvik A 0,57/41/0/0,0,100,0,0,1.8,0,Ingen,1.0
Sandmarkvegen 7,57/42/0/0,6150000,70,640000,3665000,1.8,6597,Ingen,2.0
Korntrøvegen 6,57/43/0/0,3745000,70,320000,2301500,1.8,4142,Ingen,1.0
Johan Nygaardsvolds Gate 14,57/44/0/0,4650000,70,320000,2935000,1.8,5283,Ingen,1.0
Markavegen 1,57/45/0/0,5132000,70,320000,3272400,1.8,5890,Ingen,1.0
Johan Nygaardsvolds Gate 12,57/46/0/0,4013000,70,320000,2489100,1.8,4480,Ingen,1.0
Johan Nygaardsvolds Gate 8,57/47/0/0,4869000,70,320000,3088300,1.8,5558,Ingen,1.0
Johan Nygaardsvolds Gate 37,57/49/0/0,4772000,70,320000,3020400,1.8,5436,Ingen,1.0
Korntrøvegen 12,57/50/0/0,6227000,70,320000,4038900,1.8,7270,Ingen,1.0
Sandmarkvegen 9,57/51/0/0,4674000,70,320000,2951800,1.8,5313,Ingen,1.0
Sandmarkvegen 14,57/52/0/0,82000,100,0,82000,1.8,147,Ingen,1.0
Sandmarkvegen 0,57/52/0/0,41000,100,0,41000,1.8,73,Ingen,1.0
Sandmarkvegen 14,57/52/0/0,41000,100,0,41000,1.8,73,Ingen,1.0
Sandmarkvegen 14E,57/52/0/0,41000,100,0,41000,1.8,73,Ingen,1.0
Sandmarkvegen 14,57/52/0/0,41000,100,0,41000,1.8,73,Ingen,1.0
Liavegen 79,57/53/0/0,4797000,70,320000,3037900,1.8,5468,Ingen,1.0
Høybyvegen 236,57/54/0/0,931000,70,320000,331700,1.8,597,Ingen,1.0
Brandsletta 4A,57/56/0/0,3930000,70,320000,2431000,1.8,4375,Ingen,1.0
Nessbakkvegen 2,57/57/0/0,5365000,70,320000,3435500,1.8,6183,Ingen,1.0
Malvikvegen 1355,57/58/0/0,5202000,70,320000,3321400,1.8,5978,Ingen,1.0
Korntrøberget 0,57/61/0/0,0,100,0,0,1.8,0,Ingen,1.0
Korntrøvegen 20,57/61/1/0,4195000,70,320000,2616500,1.8,4709,Ingen,1.0
Korntrøvegen 22,57/61/2/0,5132000,70,640000,2952400,1.8,5314,Ingen,2.0
Korntrøvegen 21,57/61/3/0,4941000,70,320000,3138700,1.8,5649,Ingen,1.0
Korntrøvegen 24,57/61/4/0,5752000,70,320000,3706400,1.8,6671,Ingen,1.0
Korntrøvegen 23,57/61/5/0,5819000,70,640000,3433300,1.8,6179,Ingen,2.0
Liavegen 75,57/65/0/0,4118000,70,320000,2562600,1.8,4612,Ingen,1.0
Borkdalen 6A,57/66/0/0,4375000,70,320000,2742500,1.8,4936,Ingen,1.0
Liavegen 77,57/67/0/0,5000000,70,320000,3180000,1.8,5724,Ingen,1.0
Liavegen 9,57/70/0/0,2633000,70,320000,1523100,1.8,2741,Ingen,1.0
Liavegen 13,57/71/0/0,5435000,70,320000,3484500,1.8,6272,Ingen,1.0
Liavegen 37,57/72/0/0,4989000,70,320000,3172300,1.8,5710,Ingen,1.0
Nessbakkvegen 8,57/75/0/0,4273000,70,320000,2671100,1.8,4807,Ingen,1.0
Sandmarkvegen 6B,57/77/0/0,1780000,70,320000,926000,1.8,1666,Ingen,1.0
Brandslet Østre 0,57/78/0/0,0,100,0,0,1.8,0,Ingen,1.0
Sørnesset 0,57/80/0/0,0,100,0,0,1.8,0,Ingen,1.0
Borkdalen 2,57/82/0/0,4650000,70,320000,2935000,1.8,5283,Ingen,1.0
Johan Nygaardsvolds Gate 16,57/83/0/0,3034000,70,320000,1803800,1.8,3246,Ingen,1.0
Malvikvegen 1357,57/84/0/0,2961000,100,0,2961000,4.0,11844,Ingen,1.0
Johan Nygaardsvolds Gate 33,57/86/0/0,3772000,70,320000,2320400,1.8,4176,Ingen,1.0
Øyavegen 12,57/88/0/0,5365000,70,320000,3435500,1.8,6183,Ingen,1.0
Hommelvik Bruk Ii 0,57/89/0/0,0,100,0,0,1.8,0,Ingen,1.0
Øyavegen 6,57/92/0/0,1588000,70,320000,791600,1.8,1424,Ingen,1.0
Nessvegen 2,57/93/0/0,4650000,70,320000,2935000,1.8,5283,Ingen,1.0
Paulinelund 0,57/94/0/0,0,100,0,0,1.8,0,Ingen,1.0
Nessbakkvegen 6,57/96/0/0,3608000,70,320000,2205600,1.8,3970,Ingen,1.0
Nessvegen 8,57/97/0/0,3034000,70,320000,1803800,1.8,3246,Ingen,1.0
Lysheim 0,57/98/0/0,43000,100,0,43000,1.8,77,Ingen,1.0
Johan Nygaardsvolds Gate 23,57/99/0/0,4965000,70,320000,3155500,1.8,5679,Ingen,1.0
Borkdalen 4,57/101/0/0,3960000,70,320000,2452000,1.8,4413,Ingen,1.0
Øyavegen 8,57/103/0/0,2560000,70,320000,1472000,1.8,2649,Ingen,1.0
Markavegen 5,57/104/0/0,4650000,70,320000,2935000,1.8,5283,Ingen,1.0
Markavegen 3,57/105/0/0,4273000,70,320000,2671100,1.8,4807,Ingen,1.0
Brandsletta 5,57/106/0/0,4144000,70,320000,2580800,1.8,4645,Ingen,1.0
Shell 2 0,57/107/0/0,0,100,0,0,4.0,0,Ingen,1.0
Brandsletta 2,57/108/0/0,4247000,70,320000,2652900,1.8,4775,Ingen,1.0
Brandsletta 3,57/109/0/0,4772000,70,320000,3020400,1.8,5436,Ingen,1.0
Nessbakkvegen 12,57/110/0/0,4893000,70,320000,3105100,1.8,5589,Ingen,1.0
Brandsletta 1,57/112/0/0,3269000,70,320000,1968300,1.8,3542,Ingen,1.0
Nessbakkvegen 10,57/113/0/0,4748000,70,320000,3003600,1.8,5406,Ingen,1.0
Sandmarkvegen 15,57/115/0/0,3247000,70,320000,1952900,1.8,3515,Ingen,1.0
Liavegen 6,57/117/0/0,3853000,70,320000,2377100,1.8,4278,Ingen,1.0
Sandsletta I 0,57/118/0/0,0,100,0,0,1.8,0,Ingen,1.0
Sandsletta 0,57/119/0/0,24000,100,0,24000,1.8,43,Ingen,1.0
Nessvegen 17,57/120/0/0,5945000,70,640000,3521500,1.8,6338,Ingen,2.0
Johan Nygaardsvolds Gate 27,57/121/0/0,5594000,70,320000,3595800,1.8,6472,Ingen,1.0
Liavegen 22,57/123/0/0,5132000,70,320000,3272400,1.8,5890,Ingen,1.0
Skolegata 7,57/124/0/0,4625000,70,320000,2917500,1.8,5251,Ingen,1.0
Nessvegen 10,57/125/0/0,4013000,70,320000,2489100,1.8,4480,Ingen,1.0
Liavegen 8,57/126/0/0,4425000,70,320000,2777500,1.8,4999,Ingen,1.0
Sandmarkvegen 1,57/127/0/0,0,100,0,0,1.8,0,Ingen,1.0
Kirkegata 2,57/129/0/0,114000,100,0,114000,4.0,456,Ingen,1.0
Liavegen 3,57/131/0/0,5132000,70,640000,2952400,1.8,5314,Ingen,2.0
Nessvegen 19,57/132/0/0,4273000,70,320000,2671100,1.8,4807,Ingen,1.0
Brandsletta 8,57/133/0/0,5013000,70,320000,3189100,1.8,5740,Ingen,1.0
Nessbakkvegen 4,57/134/0/0,4625000,70,320000,2917500,1.8,5251,Ingen,1.0
Heimen I 0,57/135/0/0,0,100,0,0,1.8,0,Ingen,1.0
Fagratunvegen 23,57/139/0/0,4065000,70,320000,2525500,1.8,4545,Ingen,1.0
Sandmarkvegen 16,57/140/0/0,3372000,70,640000,1720400,1.8,3096,Ingen,2.0
Sandmarkvegen 18,57/141/0/0,4195000,70,320000,2616500,1.8,4709,Ingen,1.0
Sandmarkvegen 20,57/142/0/0,3608000,70,320000,2205600,1.8,3970,Ingen,1.0
Liavegen 15,57/145/0/0,5594000,70,320000,3595800,1.8,6472,Ingen,1.0
Nessvegen 14,57/146/0/0,4374000,70,320000,2741800,1.8,4935,Ingen,1.0
Nessvegen 16,57/147/0/0,3469000,70,320000,2108300,1.8,3794,Ingen,1.0
Nessvegen 18,57/148/0/0,3663000,70,320000,2244100,1.8,4039,Ingen,1.0
Nessvegen 20,57/149/0/0,3880000,70,320000,2396000,1.8,4312,Ingen,1.0
Nessvegen 22,57/150/0/0,4248000,70,320000,2653600,1.8,4776,Ingen,1.0
Fagratunvegen 1,57/151/0/0,2898000,70,320000,1708600,1.8,3075,Ingen,1.0
Fagratunvegen 3,57/152/0/0,5365000,70,320000,3435500,1.8,6183,Ingen,1.0
Fagratunvegen 5A,57/153/0/0,2889000,70,320000,1702300,1.8,3064,Ingen,1.0
Nessvegen 23,57/154/0/0,4195000,70,320000,2616500,1.8,4709,Ingen,1.0
Shell Ii 0,57/156/0/0,0,100,0,0,4.0,0,Ingen,1.0
Fagratunvegen 13,57/158/0/0,4915000,70,640000,2800500,1.8,5040,Ingen,2.0
Liavegen 35,57/160/0/0,4144000,70,320000,2580800,1.8,4645,Ingen,1.0
Liavegen 33,57/161/0/0,5365000,70,640000,3115500,1.8,5607,Ingen,2.0
Danielstrøa 12,57/162/0/0,4869000,70,320000,3088300,1.8,5558,Ingen,1.0
Automaten 0,57/163/0/0,0,100,0,0,4.0,0,Ingen,1.0
Skolegata 3,57/164/0/0,4195000,70,320000,2616500,1.8,4709,Ingen,1.0
Liavegen 10,57/168/0/0,5908000,70,320000,3815600,1.8,6868,Ingen,1.0
Fagratunvegen 7,57/169/0/0,5085000,70,320000,3239500,1.8,5831,Ingen,1.0
Sandmarkvegen 23,57/174/0/0,4965000,70,320000,3155500,1.8,5679,Ingen,1.0
Liavegen 45,57/175/0/0,4650000,70,320000,2935000,1.8,5283,Ingen,1.0
Tillegg Til Vårmo 0,57/177/0/0,0,100,0,0,1.8,0,Ingen,1.0
Fagratunvegen 11,57/178/0/0,5085000,70,320000,3239500,1.8,5831,Ingen,1.0
Gullheim 0,57/180/0/0,0,100,0,0,1.8,0,Ingen,1.0
Fagratunvegen 6,57/182/0/0,3608000,70,320000,2205600,1.8,3970,Ingen,1.0
Nessvegen 21,57/184/0/0,4723000,70,320000,2986100,1.8,5374,Ingen,1.0
Nessvegen 25,57/185/0/0,4400000,70,320000,2760000,1.8,4968,Ingen,1.0
Danielstrøa 6A,57/186/0/0,5296000,70,320000,3387200,1.8,6096,Ingen,1.0
Danielstrøa 8B,57/187/0/0,3505000,70,320000,2133500,1.8,3840,Ingen,1.0
Danielstrøa 10,57/188/0/0,4699000,70,320000,2969300,1.8,5344,Ingen,1.0
Korntrøvegen 10,57/189/0/0,5061000,70,320000,3222700,1.8,5800,Ingen,1.0
Danielstrøa 24,57/190/0/0,5365000,70,320000,3435500,1.8,6183,Ingen,1.0
Danielstrøa 26,57/191/0/0,4039000,70,320000,2507300,1.8,4513,Ingen,1.0
Danielstrøa 14B,57/192/0/0,4650000,70,320000,2935000,1.8,5283,Ingen,1.0
Danielstrøa 16A,57/193/0/0,6193000,70,320000,4015100,1.8,7227,Ingen,1.0
Danielstrøa 18,57/194/0/0,4941000,70,320000,3138700,1.8,5649,Ingen,1.0
Danielstrøa 20,57/195/0/0,7259000,70,640000,4441300,1.8,7994,Ingen,2.0
Danielstrøa 22,57/196/0/0,4989000,70,320000,3172300,1.8,5710,Ingen,1.0
Danielstrøa 28,57/197/0/0,4221000,70,320000,2634700,1.8,4742,Ingen,1.0
Danielstrøa 30,57/198/0/0,5775000,70,320000,3722500,1.8,6700,Ingen,1.0
Danielstrøa 8A,57/200/0/0,3584000,70,320000,2188800,1.8,3939,Ingen,1.0
Skolegata 11,57/201/0/0,5819000,70,320000,3753300,1.8,6755,Ingen,1.0
Skolegata 17,57/202/0/0,4575000,70,320000,2882500,1.8,5188,Ingen,1.0
Johan Nygaardsvolds Gate 21,57/203/0/0,4797000,70,320000,3037900,1.8,5468,Ingen,1.0
Øyavegen 16,57/205/0/0,4989000,70,320000,3172300,1.8,5710,Ingen,1.0
Trongdalen 3,57/207/0/0,4650000,70,320000,2935000,1.8,5283,Ingen,1.0
Liavegen 41,57/210/0/0,3440000,70,320000,2088000,1.8,3758,Ingen,1.0
Johan Nygaardsvolds Gate 31,57/211/0/0,3663000,70,320000,2244100,1.8,4039,Ingen,1.0
Fagratunvegen 15,57/212/0/0,4400000,70,320000,2760000,1.8,4968,Ingen,1.0
Liavegen 43,57/213/0/0,5412000,70,320000,3468400,1.8,6243,Ingen,1.0
Tillegg Råa 0,57/214/0/0,0,100,0,0,1.8,0,Ingen,1.0
Liavegen 81,57/215/0/0,5273000,70,320000,3371100,1.8,6067,Ingen,1.0
Brandsletta 4C,57/216/0/0,5908000,70,320000,3815600,1.8,6868,Ingen,1.0
Skolesletten Iii 0,57/218/0/0,0,100,0,0,1.8,0,Ingen,1.0
Tillegg Til Randiheim 0,57/219/0/0,57000,100,0,57000,1.8,102,Ingen,1.0
Skolegata 9,57/220/0/0,4102000,70,320000,2551400,1.8,4592,Ingen,1.0
Sandmarkvegen 24,57/224/0/0,5319000,70,320000,3403300,1.8,6125,Ingen,1.0
Nessbakkvegen 7,57/225/0/0,3718000,70,320000,2282600,1.8,4108,Ingen,1.0
Nessvegen 4,57/226/0/0,5417000,70,320000,3471900,1.8,6249,Ingen,1.0
Trongdalen 1B,57/227/0/0,5997000,70,320000,3877900,1.8,6980,Ingen,1.0
Tillegg Til Tovestua 0,57/228/0/0,180000,100,0,180000,1.8,324,Ingen,1.0
Karlslystvegen 16,57/229/0/0,6521000,70,320000,4244700,1.8,7640,Ingen,1.0
Karlslystvegen 20,57/230/0/0,0,100,0,0,1.8,0,Ingen,1.0
Karlslystvegen 18,57/231/0/0,2934000,70,320000,1733800,1.8,3120,Ingen,1.0
Tillegg Til Åsen I 0,57/232/0/0,0,100,0,0,1.8,0,Ingen,1.0
Liavegen 11,57/233/0/0,4772000,70,320000,3020400,1.8,5436,Ingen,1.0
Trongdalen 4,57/237/0/0,7775000,70,320000,5122500,1.8,9220,Ingen,1.0
Trongdalen 6,57/238/0/0,4375000,70,320000,2742500,1.8,4936,Ingen,1.0
Tillegg Til Stubmo 0,57/239/0/0,0,100,0,0,1.8,0,Ingen,1.0
Liavegen 18,57/240/0/0,4144000,70,320000,2580800,1.8,4645,Ingen,1.0
Sollund 0,57/241/0/0,0,100,0,0,1.8,0,Ingen,1.0
Brandsletta 4B,57/243/0/0,4298000,70,320000,2688600,1.8,4839,Ingen,1.0
Skogen I 0,57/244/0/0,0,100,0,0,1.8,0,Ingen,1.0
Sandmarkvegen 22,57/245/0/0,5249000,70,320000,3354300,1.8,6037,Ingen,1.0
Fagratunvegen 5B,57/246/0/0,4010000,70,320000,2487000,1.8,4476,Ingen,1.0
Øyavegen 24,57/247/0/0,9332000,70,320000,6212400,1.8,11182,Ingen,1.0
Tillegg Til Reina 0,57/248/0/0,0,100,0,0,1.8,0,Ingen,1.0
Tillegg Til Lilletun 0,57/249/0/0,0,100,0,0,1.8,0,Ingen,1.0
Øyavegen 44,57/251/0/1,2218000,70,320000,1232600,1.8,2218,Ingen,1.0
Øyavegen 46,57/251/0/2,2733000,70,320000,1593100,1.8,2867,Ingen,1.0
Øyavegen 50,57/251/0/3,1703000,70,320000,872100,1.8,1569,Ingen,1.0
Øyavegen 48,57/251/0/4,2776000,70,320000,1623200,1.8,2921,Ingen,1.0
Øyavegen 48,57/251/0/5,2776000,70,320000,1623200,1.8,2921,Ingen,1.0
Øyavegen 34,57/251/0/6,3478000,70,320000,2114600,1.8,3806,Ingen,1.0
Øyavegen 36,57/251/0/7,3234000,70,320000,1943800,1.8,3498,Ingen,1.0
Øyavegen 38,57/251/0/8,3234000,70,320000,1943800,1.8,3498,Ingen,1.0
Øyavegen 40,57/251/0/9,3638000,70,320000,2226600,1.8,4007,Ingen,1.0
Øyavegen 42,57/251/0/10,3397000,70,320000,2057900,1.8,3704,Ingen,1.0
Øyavegen 42,57/251/0/11,3234000,70,320000,1943800,1.8,3498,Ingen,1.0
Øyavegen 42,57/251/0/12,3234000,70,320000,1943800,1.8,3498,Ingen,1.0
Øyavegen 42,57/251/0/13,5126000,70,320000,3268200,1.8,5882,Ingen,1.0
Øyavegen 26,57/251/0/14,2903000,70,320000,1712100,1.8,3081,Ingen,1.0
Øyavegen 28,57/251/0/15,3558000,70,320000,2170600,1.8,3907,Ingen,1.0
Øyavegen 30,57/251/0/16,3234000,70,320000,1943800,1.8,3498,Ingen,1.0
Øyavegen 32,57/251/0/17,3152000,70,320000,1886400,1.8,3395,Ingen,1.0
Øyavegen 42,57/251/0/18,4186000,70,320000,2610200,1.8,4698,Ingen,1.0
Øyavegen 42,57/251/0/19,3598000,70,320000,2198600,1.8,3957,Ingen,1.0
Øyavegen 42,57/251/0/20,3234000,70,320000,1943800,1.8,3498,Ingen,1.0
Øyavegen 42,57/251/0/21,3234000,70,320000,1943800,1.8,3498,Ingen,1.0
Korntrøvegen 17,57/256/0/0,5365000,70,320000,3435500,1.8,6183,Ingen,1.0
Øyavegen 17,57/257/0/0,0,100,0,0,4.0,0,Ingen,1.0
Liavegen 20,57/258/0/0,4965000,70,320000,3155500,1.8,5679,Ingen,1.0
Korntrøvegen 15,57/261/0/0,3637000,70,640000,1905900,1.8,3430,Ingen,2.0
Sandmarkvegen 4,57/263/0/0,3372000,70,320000,2040400,1.8,3672,Ingen,1.0
Liavegen 49,57/266/0/0,5132000,70,320000,3272400,1.8,5890,Ingen,1.0
Korntrøvegen 13A,57/272/0/0,3721000,70,320000,2284700,1.8,4112,Ingen,1.0
Danielstrøa 38,57/273/0/0,4247000,70,320000,2652900,1.8,4775,Ingen,1.0
Borkdal B 0,57/274/0/0,0,100,0,0,1.8,0,Ingen,1.0
Danielstrøa 14A,57/275/0/0,5085000,70,320000,3239500,1.8,5831,Ingen,1.0
Fagratunvegen 8,57/276/0/0,4349000,70,320000,2724300,1.8,4903,Ingen,1.0
Danielstrøa 16B,57/277/0/0,3772000,70,640000,2000400,1.8,3600,Ingen,2.0
Parsell A 0,57/280/0/0,0,100,0,0,1.8,0,Ingen,1.0
Karlslystvegen 125,57/284/0/0,0,100,0,0,1.8,0,Ingen,1.0
Danielstrøa 34,57/288/0/0,4013000,70,320000,2489100,1.8,4480,Ingen,1.0
Danielstrøa 36,57/289/0/0,5595000,70,320000,3596500,1.8,6473,Ingen,1.0
Danielstrøa 32,57/290/0/0,6746000,70,640000,4082200,1.8,7347,Ingen,2.0
Danielstrøa 40,57/291/0/0,5594000,70,320000,3595800,1.8,6472,Ingen,1.0
Korntrøvegen 11,57/295/0/0,4133000,70,640000,2253100,1.8,4055,Ingen,2.0
Danielstrøa 42,57/296/0/0,6859000,70,320000,4481300,1.8,8066,Ingen,1.0
Karlslystvegen 14,57/297/0/0,4061000,70,320000,2522700,1.8,4540,Ingen,1.0
Liavegen 39,57/298/0/0,4600000,70,320000,2900000,1.8,5220,Ingen,1.0
Danielstrøa 12A,57/302/0/0,6143000,70,320000,3980100,1.8,7164,Ingen,1.0
Tillegg Til 57/164 0,57/303/0/0,0,100,0,0,1.8,0,Ingen,1.0
Markavegen 4,57/304/0/0,3986000,70,320000,2470200,1.8,4446,Ingen,1.0
Danielstrøa 6C,57/305/0/0,5176000,70,320000,3303200,1.8,5945,Ingen,1.0
Øyavegen 23,57/306/0/0,3363000,100,0,3363000,4.0,13452,Ingen,1.0
Danielstrøa 44,57/307/0/0,4319000,70,320000,2703300,1.8,4865,Ingen,1.0
Karlslystvegen 1A,57/308/0/1,3021000,70,320000,1794700,1.8,3230,Ingen,1.0
Karlslystvegen 1B,57/308/0/2,2919000,70,320000,1723300,1.8,3101,Ingen,1.0
Karlslystvegen 1C,57/308/0/3,2885000,70,320000,1699500,1.8,3059,Ingen,1.0
Karlslystvegen 1D,57/308/0/4,2953000,70,320000,1747100,1.8,3144,Ingen,1.0
Karlslystvegen 3A,57/308/0/5,2919000,70,320000,1723300,1.8,3101,Ingen,1.0
Karlslystvegen 3B,57/308/0/6,2919000,70,320000,1723300,1.8,3101,Ingen,1.0
Karlslystvegen 3C,57/308/0/7,3021000,70,320000,1794700,1.8,3230,Ingen,1.0
Karlslystvegen 3D,57/308/0/8,3021000,70,320000,1794700,1.8,3230,Ingen,1.0
Brandsletta 6,57/309/0/0,5108000,70,320000,3255600,1.8,5860,Ingen,1.0
Danielstrøa 6B,57/310/0/0,5417000,70,320000,3471900,1.8,6249,Ingen,1.0
Korntrøvegen 8,57/311/0/0,6001000,70,320000,3880700,1.8,6985,Ingen,1.0
Skolegata 18A,57/313/0/0,48558000,70,5120000,28870600,1.8,51967,Ingen,16.0
Tillegg Litjmarka 0,57/314/0/0,275000,100,0,275000,1.8,495,Ingen,1.0
Liavegen 73B,57/317/0/0,7722000,70,320000,5085400,1.8,9153,Ingen,1.0
Liavegen 73A,57/318/0/0,5318000,70,320000,3402600,1.8,6124,Ingen,1.0
Liavegen 16,57/319/0/0,5400000,70,640000,3140000,1.8,5652,Ingen,2.0
Liavegen 14,57/320/0/0,7682000,70,320000,5057400,1.8,9103,Ingen,1.0
Nessvegen 6A,57/321/0/0,5975000,70,640000,3542500,1.8,6376,Ingen,2.0
Borkdalen 6B,57/331/0/0,2852000,70,320000,1676400,1.8,3017,Ingen,1.0
Sandmarkvegen 14A,57/332/0/0,5244000,70,320000,3350800,1.8,6031,Ingen,1.0
Sandmarkvegen 14B,57/333/0/0,4896000,70,320000,3107200,1.8,5592,Ingen,1.0
Sandmarkvegen 14C,57/334/0/0,5261000,70,320000,3362700,1.8,6052,Ingen,1.0
Sandmarkvegen 14D,57/335/0/0,5331000,70,320000,3411700,1.8,6141,Ingen,1.0
Sandmarkvegen 14E,57/336/0/0,5155000,70,320000,3288500,1.8,5919,Ingen,1.0
Sandmarkvegen 14F,57/337/0/1,3717000,70,320000,2281900,1.8,4107,Ingen,1.0
Sandmarkvegen 14G,57/337/0/2,3598000,70,320000,2198600,1.8,3957,Ingen,1.0
Sandmarkvegen 14H,57/337/0/3,3717000,70,320000,2281900,1.8,4107,Ingen,1.0
Sandmarkvegen 14I,57/337/0/4,3678000,70,320000,2254600,1.8,4058,Ingen,1.0
Sandmarkvegen 14K,57/337/0/5,5162000,70,320000,3293400,1.8,5928,Ingen,1.0
Sandmarkvegen 14J,57/337/0/6,3356000,70,320000,2029200,1.8,3652,Ingen,1.0
Sandmarkvegen 14M,57/337/0/7,3478000,70,320000,2114600,1.8,3806,Ingen,1.0
Sandmarkvegen 14L,57/337/0/8,3437000,70,320000,2085900,1.8,3754,Ingen,1.0
Sandmarkvegen 14N,57/337/0/9,2177000,70,320000,1203900,1.8,2167,Ingen,1.0
Liavegen 2A,57/338/0/0,15447000,100,0,15447000,4.0,61788,Ingen,1.0
Sandmarkvegen 25,57/340/0/0,3686000,70,320000,2260200,1.8,4068,Ingen,1.0
Sandmarkvegen 27,57/341/0/0,6299000,70,320000,4089300,1.8,7360,Ingen,1.0
57/342/0/0 0,57/342/0/0,0,100,0,0,1.8,0,Ingen,1.0
57/343/0/0 0,57/343/0/0,0,100,0,0,1.8,0,Ingen,1.0
Borkdalen 8,57/345/0/0,6408000,70,320000,4165600,1.8,7498,Ingen,1.0
57/346/0/0 0,57/346/0/0,0,100,0,0,1.8,0,Ingen,1.0
Korntrøvegen 18,57/348/0/0,3327000,70,320000,2008900,1.8,3616,Ingen,1.0
57/350/0/0 0,57/350/0/0,168000,100,0,168000,1.8,302,Ingen,1.0
Koststed 32100 - Gevingåsen tunell 0,57/352/0/0,0,100,0,0,4.0,0,Ingen,1.0
Havnevegen 28,57/353/0/0,37981000,100,0,37981000,4.0,151924,Ingen,1.0
Havnevegen 289,57/355/0/1,3638000,70,320000,2226600,1.8,4007,Ingen,1.0
Havnevegen 289,57/355/0/2,2343000,70,320000,1320100,1.8,2376,Ingen,1.0
Havnevegen 289,57/355/0/3,3836000,70,320000,2365200,1.8,4257,Ingen,1.0
Havnevegen 289,57/355/0/4,3638000,70,320000,2226600,1.8,4007,Ingen,1.0
Havnevegen 289,57/355/0/5,2387000,70,320000,1350900,1.8,2431,Ingen,1.0
Havnevegen 289,57/355/0/6,7641000,70,320000,5028700,1.8,9051,Ingen,1.0
Havnevegen 305,57/355/0/7,3518000,70,320000,2142600,1.8,3856,Ingen,1.0
Havnevegen 303,57/355/0/8,3757000,70,320000,2309900,1.8,4157,Ingen,1.0
Havnevegen 301,57/355/0/9,4529000,70,320000,2850300,1.8,5130,Ingen,1.0
Havnevegen 307,57/355/0/10,4941000,70,320000,3138700,1.8,5649,Ingen,1.0
Havnevegen 299,57/355/0/11,4339000,70,320000,2717300,1.8,4891,Ingen,1.0
Havnevegen 297,57/355/0/12,3437000,70,320000,2085900,1.8,3754,Ingen,1.0
Havnevegen 295,57/355/0/13,3437000,70,320000,2085900,1.8,3754,Ingen,1.0
Havnevegen 293,57/355/0/14,3478000,70,320000,2114600,1.8,3806,Ingen,1.0
Havnevegen 291,57/355/0/15,4867000,70,320000,3086900,1.8,5556,Ingen,1.0
Havnevegen 307,57/355/0/16,3518000,70,320000,2142600,1.8,3856,Ingen,1.0
Havnevegen 307,57/355/0/17,3757000,70,320000,2309900,1.8,4157,Ingen,1.0
Havnevegen 307,57/355/0/18,3992000,70,320000,2474400,1.8,4453,Ingen,1.0
Havnevegen 307,57/355/0/19,3598000,70,320000,2198600,1.8,3957,Ingen,1.0
Havnevegen 307,57/355/0/20,4904000,70,320000,3112800,1.8,5603,Ingen,1.0
Havnevegen 307,57/355/0/21,4416000,70,320000,2771200,1.8,4988,Ingen,1.0
Havnevegen 307,57/355/0/22,3437000,70,320000,2085900,1.8,3754,Ingen,1.0
Havnevegen 307,57/355/0/23,3397000,70,320000,2057900,1.8,3704,Ingen,1.0
Havnevegen 307,57/355/0/24,3478000,70,320000,2114600,1.8,3806,Ingen,1.0
Havnevegen 307,57/355/0/25,4867000,70,320000,3086900,1.8,5556,Ingen,1.0
Havnevegen 307,57/355/0/26,3518000,70,320000,2142600,1.8,3856,Ingen,1.0
Havnevegen 307,57/355/0/27,3757000,70,320000,2309900,1.8,4157,Ingen,1.0
Havnevegen 307,57/355/0/28,3992000,70,320000,2474400,1.8,4453,Ingen,1.0
Havnevegen 307,57/355/0/29,3598000,70,320000,2198600,1.8,3957,Ingen,1.0
Havnevegen 307,57/355/0/30,4830000,70,320000,3061000,1.8,5509,Ingen,1.0
Havnevegen 307,57/355/0/31,4567000,70,320000,2876900,1.8,5178,Ingen,1.0
Havnevegen 307,57/355/0/32,3437000,70,320000,2085900,1.8,3754,Ingen,1.0
Havnevegen 307,57/355/0/33,3437000,70,320000,2085900,1.8,3754,Ingen,1.0
Havnevegen 307,57/355/0/34,3478000,70,320000,2114600,1.8,3806,Ingen,1.0
Havnevegen 307,57/355/0/35,4867000,70,320000,3086900,1.8,5556,Ingen,1.0
Havnevegen 307,57/355/0/36,3518000,70,320000,2142600,1.8,3856,Ingen,1.0
Havnevegen 307,57/355/0/37,3757000,70,320000,2309900,1.8,4157,Ingen,1.0
Havnevegen 307,57/355/0/38,4529000,70,320000,2850300,1.8,5130,Ingen,1.0
Havnevegen 307,57/355/0/39,4941000,70,320000,3138700,1.8,5649,Ingen,1.0
Havnevegen 307,57/355/0/40,5089000,70,320000,3242300,1.8,5836,Ingen,1.0
Havnevegen 307,57/355/0/41,3437000,70,320000,2085900,1.8,3754,Ingen,1.0
Havnevegen 307,57/355/0/42,5309000,70,320000,3396300,1.8,6113,Ingen,1.0
Havnevegen 285,57/355/0/43,3875000,70,320000,2392500,1.8,4306,Ingen,1.0
Havnevegen 283,57/355/0/44,3638000,70,320000,2226600,1.8,4007,Ingen,1.0
Havnevegen 281,57/355/0/45,3598000,70,320000,2198600,1.8,3957,Ingen,1.0
Havnevegen 277,57/355/0/46,2818000,70,320000,1652600,1.8,2974,Ingen,1.0
Havnevegen 275,57/355/0/47,4643000,70,320000,2930100,1.8,5274,Ingen,1.0
Havnevegen 279,57/355/0/48,3796000,70,320000,2337200,1.8,4206,Ingen,1.0
Havnevegen 279,57/355/0/49,3717000,70,320000,2281900,1.8,4107,Ingen,1.0
Havnevegen 279,57/355/0/50,3598000,70,320000,2198600,1.8,3957,Ingen,1.0
Havnevegen 279,57/355/0/51,2818000,70,320000,1652600,1.8,2974,Ingen,1.0
Havnevegen 279,57/355/0/52,4643000,70,320000,2930100,1.8,5274,Ingen,1.0
Havnevegen 279,57/355/0/53,3836000,70,320000,2365200,1.8,4257,Ingen,1.0
Havnevegen 279,57/355/0/54,3954000,70,320000,2447800,1.8,4406,Ingen,1.0
Havnevegen 279,57/355/0/55,6794000,70,320000,4435800,1.8,7984,Ingen,1.0
Havnevegen 287,57/355/0/56,3518000,70,320000,2142600,1.8,3856,Ingen,1.0
Havnevegen 287,57/355/0/57,4224000,70,320000,2636800,1.8,4746,Ingen,1.0
Havnevegen 287,57/355/0/58,3275000,70,320000,1972500,1.8,3550,Ingen,1.0
Havnevegen 287,57/355/0/59,4224000,70,320000,2636800,1.8,4746,Ingen,1.0
Havnevegen 287,57/355/0/60,3518000,70,320000,2142600,1.8,3856,Ingen,1.0
Havnevegen 287,57/355/0/61,4224000,70,320000,2636800,1.8,4746,Ingen,1.0
Havnevegen 287,57/355/0/62,4755000,70,320000,3008500,1.8,5415,Ingen,1.0
Havnevegen 263,57/355/0/63,4109000,70,320000,2556300,1.8,4601,Ingen,1.0
Havnevegen 261,57/355/0/64,3717000,70,320000,2281900,1.8,4107,Ingen,1.0
Havnevegen 259,57/355/0/65,3437000,70,320000,2085900,1.8,3754,Ingen,1.0
Havnevegen 257,57/355/0/66,3437000,70,320000,2085900,1.8,3754,Ingen,1.0
Havnevegen 253,57/355/0/67,3638000,70,320000,2226600,1.8,4007,Ingen,1.0
Havnevegen 251,57/355/0/68,4941000,70,320000,3138700,1.8,5649,Ingen,1.0
Havnevegen 255,57/355/0/69,4147000,70,320000,2582900,1.8,4649,Ingen,1.0
Havnevegen 255,57/355/0/70,3717000,70,320000,2281900,1.8,4107,Ingen,1.0
Havnevegen 255,57/355/0/71,3437000,70,320000,2085900,1.8,3754,Ingen,1.0
Havnevegen 255,57/355/0/72,3437000,70,320000,2085900,1.8,3754,Ingen,1.0
Havnevegen 255,57/355/0/73,3638000,70,320000,2226600,1.8,4007,Ingen,1.0
Havnevegen 255,57/355/0/74,4904000,70,320000,3112800,1.8,5603,Ingen,1.0
Havnevegen 255,57/355/0/75,4147000,70,320000,2582900,1.8,4649,Ingen,1.0
Havnevegen 255,57/355/0/76,4492000,70,320000,2824400,1.8,5083,Ingen,1.0
Havnevegen 255,57/355/0/77,3437000,70,320000,2085900,1.8,3754,Ingen,1.0
Havnevegen 255,57/355/0/78,5089000,70,320000,3242300,1.8,5836,Ingen,1.0
Havnevegen 269,57/355/0/79,3316000,70,320000,2001200,1.8,3602,Ingen,1.0
Havnevegen 267,57/355/0/80,3356000,70,320000,2029200,1.8,3652,Ingen,1.0
Havnevegen 265,57/355/0/81,4755000,70,320000,3008500,1.8,5415,Ingen,1.0
Havnevegen 271,57/355/0/82,4309000,70,320000,2696300,1.8,4853,Ingen,1.0
Havnevegen 271,57/355/0/83,3437000,70,320000,2085900,1.8,3754,Ingen,1.0
Havnevegen 271,57/355/0/84,3717000,70,320000,2281900,1.8,4107,Ingen,1.0
Havnevegen 271,57/355/0/85,4755000,70,320000,3008500,1.8,5415,Ingen,1.0
Havnevegen 271,57/355/0/86,3961000,70,320000,2452700,1.8,4414,Ingen,1.0
Havnevegen 271,57/355/0/87,5920000,70,320000,3824000,1.8,6883,Ingen,1.0
Havnevegen 271,57/355/0/88,3316000,70,320000,2001200,1.8,3602,Ingen,1.0
Havnevegen 271,57/355/0/89,3717000,70,320000,2281900,1.8,4107,Ingen,1.0
Havnevegen 271,57/355/0/90,4755000,70,320000,3008500,1.8,5415,Ingen,1.0
Havnevegen 271,57/355/0/91,4792000,70,320000,3034400,1.8,5461,Ingen,1.0
Havnevegen 271,57/355/0/92,5742000,70,320000,3699400,1.8,6658,Ingen,1.0
Havnevegen 271,57/355/0/93,3316000,70,320000,2001200,1.8,3602,Ingen,1.0
Havnevegen 271,57/355/0/94,5199000,70,320000,3319300,1.8,5974,Ingen,1.0
Havnevegen 271,57/355/0/95,4792000,70,320000,3034400,1.8,5461,Ingen,1.0
Havnevegen 271,57/355/0/96,4454000,70,320000,2797800,1.8,5036,Ingen,1.0
Havnevegen 273,57/355/0/97,1382000,100,0,1382000,4.0,5528,Ingen,1.0
57/355/0/98 0,57/355/0/98,0,100,0,0,1.8,0,Ingen,1.0
57/355/0/99 0,57/355/0/99,0,100,0,0,1.8,0,Ingen,1.0
57/355/0/100 0,57/355/0/100,0,100,0,0,1.8,0,Ingen,1.0
57/355/0/101 0,57/355/0/101,0,100,0,0,1.8,0,Ingen,1.0
57/355/0/102 0,57/355/0/102,0,100,0,0,1.8,0,Ingen,1.0
57/355/0/103 0,57/355/0/103,0,100,0,0,1.8,0,Ingen,1.0
57/356/0/0 0,57/356/0/0,188000,100,0,188000,1.8,338,Ingen,1.0
Nessbakkvegen 1,57/357/0/0,9357000,70,320000,6229900,1.8,11213,Ingen,1.0
Sandmarkvegen 6A,57/358/0/0,8033000,70,320000,5303100,1.8,9545,Ingen,1.0
Bjørklivegen 2,57/359/0/0,5716000,70,320000,3681200,1.8,6626,Ingen,1.0
Bjørklivegen 4,57/360/0/0,5279000,70,320000,3375300,1.8,6075,Ingen,1.0
Bjørklivegen 6,57/361/0/0,5331000,70,320000,3411700,1.8,6141,Ingen,1.0
Bjørklivegen 8,57/362/0/0,5331000,70,320000,3411700,1.8,6141,Ingen,1.0
Bjørklivegen 10,57/363/0/1,3808000,70,320000,2345600,1.8,4222,Ingen,1.0
Bjørklivegen 10,57/363/0/2,4438000,70,320000,2786600,1.8,5015,Ingen,1.0
Bjørklivegen 1,57/365/0/0,5535000,70,320000,3554500,1.8,6398,Ingen,1.0
Bjørklivegen 3,57/366/0/0,5535000,70,320000,3554500,1.8,6398,Ingen,1.0
Bjørklivegen 5,57/367/0/0,5007000,70,320000,3184900,1.8,5732,Ingen,1.0
Bjørklivegen 7,57/368/0/0,5046000,70,320000,3212200,1.8,5781,Ingen,1.0
Havnevegen 20,57/369/0/0,13548000,100,0,13548000,4.0,54192,Ingen,1.0
Danielstrøa 12D,57/370/0/1,4711000,70,320000,2977700,1.8,5359,Ingen,1.0
Danielstrøa 12C,57/370/0/2,4387000,70,320000,2750900,1.8,4951,Ingen,1.0
Havnevegen 235,57/371/0/1,3437000,70,320000,2085900,1.8,3754,Ingen,1.0
Havnevegen 235,57/371/0/2,2299000,70,320000,1289300,1.8,2320,Ingen,1.0
Havnevegen 235,57/371/0/3,2120000,70,320000,1164000,1.8,2095,Ingen,1.0
Havnevegen 235,57/371/0/4,3717000,70,320000,2281900,1.8,4107,Ingen,1.0
Havnevegen 235,57/371/0/5,3437000,70,320000,2085900,1.8,3754,Ingen,1.0
Havnevegen 235,57/371/0/6,2299000,70,320000,1289300,1.8,2320,Ingen,1.0
Havnevegen 235,57/371/0/7,2299000,70,320000,1289300,1.8,2320,Ingen,1.0
Havnevegen 235,57/371/0/8,3717000,70,320000,2281900,1.8,4107,Ingen,1.0
Havnevegen 235,57/371/0/9,3437000,70,320000,2085900,1.8,3754,Ingen,1.0
Havnevegen 235,57/371/0/10,2120000,70,320000,1164000,1.8,2095,Ingen,1.0
Havnevegen 235,57/371/0/11,2299000,70,320000,1289300,1.8,2320,Ingen,1.0
Havnevegen 235,57/371/0/12,3717000,70,320000,2281900,1.8,4107,Ingen,1.0
Havnevegen 221,57/371/0/13,3397000,70,320000,2057900,1.8,3704,Ingen,1.0
Havnevegen 221,57/371/0/14,2299000,70,320000,1289300,1.8,2320,Ingen,1.0
Havnevegen 221,57/371/0/15,2299000,70,320000,1289300,1.8,2320,Ingen,1.0
Havnevegen 221,57/371/0/16,3717000,70,320000,2281900,1.8,4107,Ingen,1.0
Havnevegen 221,57/371/0/17,3437000,70,320000,2085900,1.8,3754,Ingen,1.0
Havnevegen 221,57/371/0/18,2299000,70,320000,1289300,1.8,2320,Ingen,1.0
Havnevegen 221,57/371/0/19,2299000,70,320000,1289300,1.8,2320,Ingen,1.0
Havnevegen 221,57/371/0/20,3638000,70,320000,2226600,1.8,4007,Ingen,1.0
Havnevegen 221,57/371/0/21,3437000,70,320000,2085900,1.8,3754,Ingen,1.0
Havnevegen 221,57/371/0/22,2299000,70,320000,1289300,1.8,2320,Ingen,1.0
Havnevegen 221,57/371/0/23,2299000,70,320000,1289300,1.8,2320,Ingen,1.0
Havnevegen 221,57/371/0/24,3717000,70,320000,2281900,1.8,4107,Ingen,1.0
Havnevegen 203,57/371/0/25,3234000,70,320000,1943800,1.8,3498,Ingen,1.0
Havnevegen 203,57/371/0/26,1957000,70,320000,1049900,1.8,1889,Ingen,1.0
Havnevegen 203,57/371/0/27,3717000,70,320000,2281900,1.8,4107,Ingen,1.0
Havnevegen 203,57/371/0/28,3234000,70,320000,1943800,1.8,3498,Ingen,1.0
Havnevegen 203,57/371/0/29,2343000,70,320000,1320100,1.8,2376,Ingen,1.0
Havnevegen 203,57/371/0/30,3717000,70,320000,2281900,1.8,4107,Ingen,1.0
Havnevegen 203,57/371/0/31,3234000,70,320000,1943800,1.8,3498,Ingen,1.0
Havnevegen 203,57/371/0/32,2343000,70,320000,1320100,1.8,2376,Ingen,1.0
Havnevegen 203,57/371/0/33,3717000,70,320000,2281900,1.8,4107,Ingen,1.0
Havnevegen 233,57/371/0/34,3234000,70,320000,1943800,1.8,3498,Ingen,1.0
Havnevegen 233,57/371/0/35,2343000,70,320000,1320100,1.8,2376,Ingen,1.0
Havnevegen 233,57/371/0/36,4224000,70,320000,2636800,1.8,4746,Ingen,1.0
Havnevegen 233,57/371/0/37,3234000,70,320000,1943800,1.8,3498,Ingen,1.0
Havnevegen 233,57/371/0/38,2343000,70,320000,1320100,1.8,2376,Ingen,1.0
Havnevegen 233,57/371/0/39,4224000,70,320000,2636800,1.8,4746,Ingen,1.0
Havnevegen 233,57/371/0/40,3234000,70,320000,1943800,1.8,3498,Ingen,1.0
Havnevegen 233,57/371/0/41,2343000,70,320000,1320100,1.8,2376,Ingen,1.0
Havnevegen 233,57/371/0/42,4224000,70,320000,2636800,1.8,4746,Ingen,1.0
Havnevegen 219,57/371/0/43,2605000,70,320000,1503500,1.8,2706,Ingen,1.0
Havnevegen 219,57/371/0/44,2299000,70,320000,1289300,1.8,2320,Ingen,1.0
Havnevegen 219,57/371/0/45,3638000,70,320000,2226600,1.8,4007,Ingen,1.0
Havnevegen 219,57/371/0/46,2404000,70,320000,1362800,1.8,2453,Ingen,1.0
Havnevegen 219,57/371/0/47,2299000,70,320000,1289300,1.8,2320,Ingen,1.0
Havnevegen 219,57/371/0/48,3638000,70,320000,2226600,1.8,4007,Ingen,1.0
Havnevegen 219,57/371/0/49,4378000,70,320000,2744600,1.8,4940,Ingen,1.0
Havnevegen 201,57/371/0/50,2605000,70,320000,1503500,1.8,2706,Ingen,1.0
Havnevegen 201,57/371/0/51,2299000,70,320000,1289300,1.8,2320,Ingen,1.0
Havnevegen 201,57/371/0/52,3638000,70,320000,2226600,1.8,4007,Ingen,1.0
Havnevegen 201,57/371/0/53,2605000,70,320000,1503500,1.8,2706,Ingen,1.0
Havnevegen 201,57/371/0/54,2299000,70,320000,1289300,1.8,2320,Ingen,1.0
Havnevegen 201,57/371/0/55,3558000,70,320000,2170600,1.8,3907,Ingen,1.0
Havnevegen 201,57/371/0/56,2605000,70,320000,1503500,1.8,2706,Ingen,1.0
Havnevegen 201,57/371/0/57,2299000,70,320000,1289300,1.8,2320,Ingen,1.0
Havnevegen 201,57/371/0/58,3638000,70,320000,2226600,1.8,4007,Ingen,1.0
Liavegen 49A,57/376/0/0,10858000,70,320000,7280600,1.8,13105,Ingen,1.0
Havnevegen 247,57/379/0/1,2819000,70,320000,1653300,1.8,2975,Ingen,1.0
Havnevegen 249,57/379/0/2,3133000,70,320000,1873100,1.8,3371,Ingen,1.0
Havnevegen 245A,57/379/0/3,4755000,70,320000,3008500,1.8,5415,Ingen,1.0
Havnevegen 243,57/379/0/4,3133000,70,320000,1873100,1.8,3371,Ingen,1.0
Havnevegen 241,57/379/0/5,4376000,70,320000,2743200,1.8,4937,Ingen,1.0
Havnevegen 237,57/379/0/6,3592000,70,320000,2194400,1.8,3949,Ingen,1.0
Havnevegen 239,57/379/0/7,2766000,70,320000,1616200,1.8,2909,Ingen,1.0
Havnevegen 245,57/379/0/8,5403000,70,320000,3462100,1.8,6231,Ingen,1.0
Havnevegen 245,57/379/0/9,4802000,70,320000,3041400,1.8,5474,Ingen,1.0
Havnevegen 245,57/379/0/10,3133000,70,320000,1873100,1.8,3371,Ingen,1.0
Havnevegen 245,57/379/0/11,4376000,70,320000,2743200,1.8,4937,Ingen,1.0
Havnevegen 245,57/379/0/12,5674000,70,320000,3651800,1.8,6573,Ingen,1.0
Havnevegen 245,57/379/0/13,5403000,70,320000,3462100,1.8,6231,Ingen,1.0
Havnevegen 245,57/379/0/14,4755000,70,320000,3008500,1.8,5415,Ingen,1.0
Havnevegen 245,57/379/0/15,3133000,70,320000,1873100,1.8,3371,Ingen,1.0
Havnevegen 245,57/379/0/16,4376000,70,320000,2743200,1.8,4937,Ingen,1.0
Havnevegen 245,57/379/0/17,5674000,70,320000,3651800,1.8,6573,Ingen,1.0
Havnevegen 245,57/379/0/18,5403000,70,320000,3462100,1.8,6231,Ingen,1.0
Havnevegen 245,57/379/0/19,4755000,70,320000,3008500,1.8,5415,Ingen,1.0
Havnevegen 245,57/379/0/20,3133000,70,320000,1873100,1.8,3371,Ingen,1.0
Havnevegen 245,57/379/0/21,6429000,70,320000,4180300,1.8,7524,Ingen,1.0
Havnevegen 245,57/379/0/22,5265000,70,320000,3365500,1.8,6057,Ingen,1.0
Havnevegen 245,57/379/0/23,4614000,70,320000,2909800,1.8,5237,Ingen,1.0
Havnevegen 245,57/379/0/24,5943000,70,320000,3840100,1.8,6912,Ingen,1.0
Havnevegen 229,57/379/0/25,2330000,70,320000,1311000,1.8,2359,Ingen,1.0
Havnevegen 231,57/379/0/26,3133000,70,320000,1873100,1.8,3371,Ingen,1.0
Havnevegen 227,57/379/0/27,2977000,70,320000,1763900,1.8,3175,Ingen,1.0
Havnevegen 227,57/379/0/28,3004000,70,320000,1782800,1.8,3209,Ingen,1.0
Havnevegen 223,57/379/0/29,3237000,70,320000,1945900,1.8,3502,Ingen,1.0
Havnevegen 225,57/379/0/30,2658000,70,320000,1540600,1.8,2773,Ingen,1.0
Havnevegen 227,57/379/0/31,4755000,70,320000,3008500,1.8,5415,Ingen,1.0
Havnevegen 227,57/379/0/32,3133000,70,320000,1873100,1.8,3371,Ingen,1.0
Havnevegen 227,57/379/0/33,3133000,70,320000,1873100,1.8,3371,Ingen,1.0
Havnevegen 227,57/379/0/34,5448000,70,320000,3493600,1.8,6288,Ingen,1.0
Havnevegen 227,57/379/0/35,4942000,70,320000,3139400,1.8,5650,Ingen,1.0
Havnevegen 227,57/379/0/36,3133000,70,320000,1873100,1.8,3371,Ingen,1.0
Havnevegen 227,57/379/0/37,3133000,70,320000,1873100,1.8,3371,Ingen,1.0
Havnevegen 227,57/379/0/38,5265000,70,320000,3365500,1.8,6057,Ingen,1.0
Havnevegen 227,57/379/0/39,4802000,70,320000,3041400,1.8,5474,Ingen,1.0
Havnevegen 227,57/379/0/40,7078000,70,320000,4634600,1.8,8342,Ingen,1.0
Havnevegen 215,57/379/0/41,2819000,70,320000,1653300,1.8,2975,Ingen,1.0
Havnevegen 217,57/379/0/42,3133000,70,320000,1873100,1.8,3371,Ingen,1.0
Havnevegen 213A,57/379/0/43,2370000,70,320000,1339000,1.8,2410,Ingen,1.0
Havnevegen 211,57/379/0/44,2977000,70,320000,1763900,1.8,3175,Ingen,1.0
Havnevegen 209,57/379/0/45,3890000,70,320000,2403000,1.8,4325,Ingen,1.0
Havnevegen 205,57/379/0/46,3592000,70,320000,2194400,1.8,3949,Ingen,1.0
Havnevegen 207,57/379/0/47,2766000,70,320000,1616200,1.8,2909,Ingen,1.0
Havnevegen 213,57/379/0/48,5265000,70,320000,3365500,1.8,6057,Ingen,1.0
Havnevegen 213,57/379/0/49,2872000,70,320000,1690400,1.8,3042,Ingen,1.0
Havnevegen 213,57/379/0/50,3133000,70,320000,1873100,1.8,3371,Ingen,1.0
Havnevegen 213,57/379/0/51,3841000,70,320000,2368700,1.8,4263,Ingen,1.0
Havnevegen 213,57/379/0/52,5448000,70,320000,3493600,1.8,6288,Ingen,1.0
Havnevegen 213,57/379/0/53,5311000,70,320000,3397700,1.8,6115,Ingen,1.0
Havnevegen 213,57/379/0/54,3081000,70,320000,1836700,1.8,3306,Ingen,1.0
Havnevegen 213,57/379/0/55,2977000,70,320000,1763900,1.8,3175,Ingen,1.0
Havnevegen 213,57/379/0/56,3890000,70,320000,2403000,1.8,4325,Ingen,1.0
Havnevegen 213,57/379/0/57,5448000,70,320000,3493600,1.8,6288,Ingen,1.0
Havnevegen 213,57/379/0/58,5357000,70,320000,3429900,1.8,6173,Ingen,1.0
Havnevegen 213,57/379/0/59,3133000,70,320000,1873100,1.8,3371,Ingen,1.0
Havnevegen 213,57/379/0/60,3133000,70,320000,1873100,1.8,3371,Ingen,1.0
Havnevegen 213,57/379/0/61,5943000,70,320000,3840100,1.8,6912,Ingen,1.0
Havnevegen 213,57/379/0/62,5311000,70,320000,3397700,1.8,6115,Ingen,1.0
Havnevegen 213,57/379/0/63,2605000,70,320000,1503500,1.8,2706,Ingen,1.0
Havnevegen 213,57/379/0/64,5494000,70,320000,3525800,1.8,6346,Ingen,1.0
57/381/0/0 0,57/381/0/0,0,100,0,0,1.8,0,Ingen,1.0
Øyavegen 22A,57/383/0/1,7998000,70,320000,5278600,1.8,9501,Ingen,1.0
Øyavegen 22B,57/383/0/2,5300000,70,320000,3390000,1.8,6102,Ingen,1.0
57/386/0/0 0,57/386/0/0,60000,100,0,60000,1.8,108,Ingen,1.0
Havnevegen 199,57/389/0/1,1757000,70,320000,909900,1.8,1637,Ingen,1.0
Havnevegen 199,57/389/0/2,2977000,70,320000,1763900,1.8,3175,Ingen,1.0
Havnevegen 197,57/389/0/3,2924000,70,320000,1726800,1.8,3108,Ingen,1.0
Havnevegen 195,57/389/0/4,2766000,70,320000,1616200,1.8,2909,Ingen,1.0
Havnevegen 191,57/389/0/5,3133000,70,320000,1873100,1.8,3371,Ingen,1.0
Havnevegen 189,57/389/0/6,4376000,70,320000,2743200,1.8,4937,Ingen,1.0
Havnevegen 187,57/389/0/7,5174000,70,320000,3301800,1.8,5943,Ingen,1.0
Havnevegen 187,57/389/0/8,2658000,70,320000,1540600,1.8,2773,Ingen,1.0
Havnevegen 193,57/389/0/9,1757000,70,320000,909900,1.8,1637,Ingen,1.0
Havnevegen 193,57/389/0/10,3133000,70,320000,1873100,1.8,3371,Ingen,1.0
Havnevegen 193,57/389/0/11,2712000,70,320000,1578400,1.8,2841,Ingen,1.0
Havnevegen 193,57/389/0/12,2766000,70,320000,1616200,1.8,2909,Ingen,1.0
Havnevegen 193,57/389/0/13,3133000,70,320000,1873100,1.8,3371,Ingen,1.0
Havnevegen 193,57/389/0/14,4231000,70,320000,2641700,1.8,4755,Ingen,1.0
Havnevegen 193,57/389/0/15,4989000,70,320000,3172300,1.8,5710,Ingen,1.0
Havnevegen 193,57/389/0/16,2658000,70,320000,1540600,1.8,2773,Ingen,1.0
Havnevegen 193,57/389/0/17,1875000,70,320000,992500,1.8,1786,Ingen,1.0
Havnevegen 193,57/389/0/18,3133000,70,320000,1873100,1.8,3371,Ingen,1.0
Havnevegen 193,57/389/0/19,2924000,70,320000,1726800,1.8,3108,Ingen,1.0
Havnevegen 193,57/389/0/20,3081000,70,320000,1836700,1.8,3306,Ingen,1.0
Havnevegen 193,57/389/0/21,3185000,70,320000,1909500,1.8,3437,Ingen,1.0
Havnevegen 193,57/389/0/22,4376000,70,320000,2743200,1.8,4937,Ingen,1.0
Havnevegen 193,57/389/0/23,4708000,70,320000,2975600,1.8,5356,Ingen,1.0
Havnevegen 193,57/389/0/24,2658000,70,320000,1540600,1.8,2773,Ingen,1.0
Havnevegen 193,57/389/0/25,4423000,70,320000,2776100,1.8,4996,Ingen,1.0
Havnevegen 193,57/389/0/26,4037000,70,320000,2505900,1.8,4510,Ingen,1.0
Havnevegen 193,57/389/0/27,4135000,70,320000,2574500,1.8,4634,Ingen,1.0
Havnevegen 193,57/389/0/28,4376000,70,320000,2743200,1.8,4937,Ingen,1.0
Havnevegen 193,57/389/0/29,5311000,70,320000,3397700,1.8,6115,Ingen,1.0
Havnevegen 193,57/389/0/30,4423000,70,320000,2776100,1.8,4996,Ingen,1.0
Havnevegen 193,57/389/0/31,3791000,70,320000,2333700,1.8,4200,Ingen,1.0
Havnevegen 193,57/389/0/32,4135000,70,320000,2574500,1.8,4634,Ingen,1.0
Havnevegen 193,57/389/0/33,5988000,70,320000,3871600,1.8,6968,Ingen,1.0
Havnevegen 185,57/389/0/34,4895000,70,320000,3106500,1.8,5591,Ingen,1.0
Havnevegen 185,57/389/0/35,4989000,70,320000,3172300,1.8,5710,Ingen,1.0
Havnevegen 185,57/389/0/36,5448000,70,320000,3493600,1.8,6288,Ingen,1.0
Havnevegen 185,57/389/0/37,5081000,70,320000,3236700,1.8,5826,Ingen,1.0
Havnevegen 185,57/389/0/38,4989000,70,320000,3172300,1.8,5710,Ingen,1.0
Havnevegen 185,57/389/0/39,5448000,70,320000,3493600,1.8,6288,Ingen,1.0
Havnevegen 185,57/389/0/40,4802000,70,320000,3041400,1.8,5474,Ingen,1.0
Havnevegen 185,57/389/0/41,6863000,70,320000,4484100,1.8,8071,Ingen,1.0
Havnevegen 183,57/390/0/1,1875000,70,320000,992500,1.8,1786,Ingen,1.0
Havnevegen 183,57/390/0/2,3133000,70,320000,1873100,1.8,3371,Ingen,1.0
Havnevegen 181,57/390/0/3,2924000,70,320000,1726800,1.8,3108,Ingen,1.0
Havnevegen 179,57/390/0/4,3133000,70,320000,1873100,1.8,3371,Ingen,1.0
Havnevegen 175,57/390/0/5,3133000,70,320000,1873100,1.8,3371,Ingen,1.0
Havnevegen 173,57/390/0/6,4135000,70,320000,2574500,1.8,4634,Ingen,1.0
Havnevegen 171,57/390/0/7,5174000,70,320000,3301800,1.8,5943,Ingen,1.0
Havnevegen 171,57/390/0/8,2658000,70,320000,1540600,1.8,2773,Ingen,1.0
Havnevegen 177,57/390/0/9,1757000,70,320000,909900,1.8,1637,Ingen,1.0
Havnevegen 177,57/390/0/10,3133000,70,320000,1873100,1.8,3371,Ingen,1.0
Havnevegen 177,57/390/0/11,2924000,70,320000,1726800,1.8,3108,Ingen,1.0
Havnevegen 177,57/390/0/12,3133000,70,320000,1873100,1.8,3371,Ingen,1.0
Havnevegen 177,57/390/0/13,2819000,70,320000,1653300,1.8,2975,Ingen,1.0
Havnevegen 177,57/390/0/14,4135000,70,320000,2574500,1.8,4634,Ingen,1.0
Havnevegen 177,57/390/0/15,3204000,70,320000,1922800,1.8,3461,Ingen,1.0
Havnevegen 177,57/390/0/16,2658000,70,320000,1540600,1.8,2773,Ingen,1.0
Havnevegen 177,57/390/0/17,1492000,70,320000,724400,1.8,1303,Ingen,1.0
Havnevegen 177,57/390/0/18,3133000,70,320000,1873100,1.8,3371,Ingen,1.0
Havnevegen 177,57/390/0/19,2766000,70,320000,1616200,1.8,2909,Ingen,1.0
Havnevegen 177,57/390/0/20,3133000,70,320000,1873100,1.8,3371,Ingen,1.0
Havnevegen 177,57/390/0/21,3133000,70,320000,1873100,1.8,3371,Ingen,1.0
Havnevegen 177,57/390/0/22,4423000,70,320000,2776100,1.8,4996,Ingen,1.0
Havnevegen 177,57/390/0/23,4989000,70,320000,3172300,1.8,5710,Ingen,1.0
Havnevegen 177,57/390/0/24,2330000,70,320000,1311000,1.8,2359,Ingen,1.0
Havnevegen 177,57/390/0/25,4376000,70,320000,2743200,1.8,4937,Ingen,1.0
Havnevegen 177,57/390/0/26,2924000,70,320000,1726800,1.8,3108,Ingen,1.0
Havnevegen 177,57/390/0/27,2872000,70,320000,1690400,1.8,3042,Ingen,1.0
Havnevegen 177,57/390/0/28,3133000,70,320000,1873100,1.8,3371,Ingen,1.0
Havnevegen 177,57/390/0/29,4376000,70,320000,2743200,1.8,4937,Ingen,1.0
Havnevegen 177,57/390/0/30,5494000,70,320000,3525800,1.8,6346,Ingen,1.0
Havnevegen 169,57/390/0/31,4037000,70,320000,2505900,1.8,4510,Ingen,1.0
Havnevegen 169,57/390/0/32,4989000,70,320000,3172300,1.8,5710,Ingen,1.0
Havnevegen 169,57/390/0/33,5720000,70,320000,3684000,1.8,6631,Ingen,1.0
Havnevegen 169,57/390/0/34,3988000,70,320000,2471600,1.8,4448,Ingen,1.0
Havnevegen 169,57/390/0/35,4989000,70,320000,3172300,1.8,5710,Ingen,1.0
Havnevegen 169,57/390/0/36,5720000,70,320000,3684000,1.8,6631,Ingen,1.0
Havnevegen 169,57/390/0/37,4086000,70,320000,2540200,1.8,4572,Ingen,1.0
Havnevegen 169,57/390/0/38,4989000,70,320000,3172300,1.8,5710,Ingen,1.0
Havnevegen 169,57/390/0/39,5539000,70,320000,3557300,1.8,6403,Ingen,1.0
Havnevegen 167,57/391/0/1,1604000,70,320000,802800,1.8,1445,Ingen,1.0
Havnevegen 167,57/391/0/2,2924000,70,320000,1726800,1.8,3108,Ingen,1.0
Havnevegen 165,57/391/0/3,2250000,70,320000,1255000,1.8,2259,Ingen,1.0
Havnevegen 163,57/391/0/4,3081000,70,320000,1836700,1.8,3306,Ingen,1.0
Havnevegen 159,57/391/0/5,3133000,70,320000,1873100,1.8,3371,Ingen,1.0
Havnevegen 157,57/391/0/6,4183000,70,320000,2608100,1.8,4694,Ingen,1.0
Havnevegen 155,57/391/0/7,5494000,70,320000,3525800,1.8,6346,Ingen,1.0
Havnevegen 155,57/391/0/8,2658000,70,320000,1540600,1.8,2773,Ingen,1.0
Havnevegen 161,57/391/0/9,1875000,70,320000,992500,1.8,1786,Ingen,1.0
Havnevegen 161,57/391/0/10,3133000,70,320000,1873100,1.8,3371,Ingen,1.0
Havnevegen 161,57/391/0/11,2657000,70,320000,1539900,1.8,2771,Ingen,1.0
Havnevegen 161,57/391/0/12,2924000,70,320000,1726800,1.8,3108,Ingen,1.0
Havnevegen 161,57/391/0/13,2977000,70,320000,1763900,1.8,3175,Ingen,1.0
Havnevegen 161,57/391/0/14,4183000,70,320000,2608100,1.8,4694,Ingen,1.0
Havnevegen 161,57/391/0/15,4989000,70,320000,3172300,1.8,5710,Ingen,1.0
Havnevegen 161,57/391/0/16,2441000,70,320000,1388700,1.8,2499,Ingen,1.0
Havnevegen 161,57/391/0/17,1817000,70,320000,951900,1.8,1713,Ingen,1.0
Havnevegen 161,57/391/0/18,2924000,70,320000,1726800,1.8,3108,Ingen,1.0
Havnevegen 161,57/391/0/19,2712000,70,320000,1578400,1.8,2841,Ingen,1.0
Havnevegen 161,57/391/0/20,2872000,70,320000,1690400,1.8,3042,Ingen,1.0
Havnevegen 161,57/391/0/21,2924000,70,320000,1726800,1.8,3108,Ingen,1.0
Havnevegen 161,57/391/0/22,4086000,70,320000,2540200,1.8,4572,Ingen,1.0
Havnevegen 161,57/391/0/23,4942000,70,320000,3139400,1.8,5650,Ingen,1.0
Havnevegen 161,57/391/0/24,2658000,70,320000,1540600,1.8,2773,Ingen,1.0
Havnevegen 161,57/391/0/25,4231000,70,320000,2641700,1.8,4755,Ingen,1.0
Havnevegen 161,57/391/0/26,4183000,70,320000,2608100,1.8,4694,Ingen,1.0
Havnevegen 161,57/391/0/27,4183000,70,320000,2608100,1.8,4694,Ingen,1.0
Havnevegen 161,57/391/0/28,4183000,70,320000,2608100,1.8,4694,Ingen,1.0
Havnevegen 161,57/391/0/29,5584000,70,320000,3588800,1.8,6459,Ingen,1.0
Havnevegen 161,57/391/0/30,4423000,70,320000,2776100,1.8,4996,Ingen,1.0
Havnevegen 161,57/391/0/31,4135000,70,320000,2574500,1.8,4634,Ingen,1.0
Havnevegen 161,57/391/0/32,4183000,70,320000,2608100,1.8,4694,Ingen,1.0
Havnevegen 161,57/391/0/33,6032000,70,320000,3902400,1.8,7024,Ingen,1.0
Havnevegen 153,57/391/0/34,3791000,70,320000,2333700,1.8,4200,Ingen,1.0
Havnevegen 153,57/391/0/35,4989000,70,320000,3172300,1.8,5710,Ingen,1.0
Havnevegen 153,57/391/0/36,5539000,70,320000,3557300,1.8,6403,Ingen,1.0
Havnevegen 153,57/391/0/37,3988000,70,320000,2471600,1.8,4448,Ingen,1.0
Havnevegen 153,57/391/0/38,4989000,70,320000,3172300,1.8,5710,Ingen,1.0
Havnevegen 153,57/391/0/39,5539000,70,320000,3557300,1.8,6403,Ingen,1.0
Havnevegen 153,57/391/0/40,3988000,70,320000,2471600,1.8,4448,Ingen,1.0
Havnevegen 153,57/391/0/41,6647000,70,320000,4332900,1.8,7799,Ingen,1.0
Reidar Jenssens Gate 11,57/394/0/0,2776000,70,320000,1623200,1.8,2921,Ingen,1.0
Havnevegen 22,57/401/0/0,14158000,100,0,14158000,4.0,56632,Ingen,1.0
Havnevegen 24,57/402/0/0,19143000,100,0,19143000,4.0,76572,Ingen,1.0
Liavegen 2B,57/403/0/1,2658000,70,320000,1540600,1.8,2773,Ingen,1.0
Liavegen 2B,57/403/0/2,3642000,70,320000,2229400,1.8,4012,Ingen,1.0
Liavegen 2B,57/403/0/3,2162000,70,320000,1193400,1.8,2148,Ingen,1.0
Liavegen 2B,57/403/0/4,3288000,70,320000,1981600,1.8,3566,Ingen,1.0
Liavegen 2B,57/403/0/5,2012000,70,320000,1088400,1.8,1959,Ingen,1.0
Liavegen 2B,57/403/0/6,1991000,70,320000,1073700,1.8,1932,Ingen,1.0
Liavegen 2B,57/403/0/7,2550000,70,320000,1465000,1.8,2637,Ingen,1.0
Liavegen 2B,57/403/0/8,4183000,70,320000,2608100,1.8,4694,Ingen,1.0
Liavegen 2B,57/403/0/9,4471000,70,320000,2809700,1.8,5057,Ingen,1.0
Liavegen 2B,57/403/0/10,4802000,70,320000,3041400,1.8,5474,Ingen,1.0
Liavegen 2B,57/403/0/11,3133000,70,320000,1873100,1.8,3371,Ingen,1.0
Liavegen 2B,57/403/0/12,3185000,70,320000,1909500,1.8,3437,Ingen,1.0
Liavegen 2B,57/403/0/13,3133000,70,320000,1873100,1.8,3371,Ingen,1.0
Liavegen 2B,57/403/0/14,1476000,70,320000,713200,1.8,1283,Ingen,1.0
Liavegen 2B,57/403/0/15,1753000,70,320000,907100,1.8,1632,Ingen,1.0
Liavegen 2B,57/403/0/16,3291000,70,320000,1983700,1.8,3570,Ingen,1.0
Liavegen 2B,57/403/0/17,2478000,70,320000,1414600,1.8,2546,Ingen,1.0
Liavegen 2B,57/403/0/18,4183000,70,320000,2608100,1.8,4694,Ingen,1.0
Liavegen 2B,57/403/0/19,4566000,70,320000,2876200,1.8,5177,Ingen,1.0
Liavegen 2B,57/403/0/20,2872000,70,320000,1690400,1.8,3042,Ingen,1.0
Liavegen 2B,57/403/0/21,2550000,70,320000,1465000,1.8,2637,Ingen,1.0
Liavegen 2B,57/403/0/22,3081000,70,320000,1836700,1.8,3306,Ingen,1.0
Liavegen 2B,57/403/0/23,4471000,70,320000,2809700,1.8,5057,Ingen,1.0
Liavegen 2B,57/403/0/24,3288000,70,320000,1981600,1.8,3566,Ingen,1.0
Liavegen 2B,57/403/0/25,3890000,70,320000,2403000,1.8,4325,Ingen,1.0
Liavegen 2B,57/403/0/26,2550000,70,320000,1465000,1.8,2637,Ingen,1.0
Liavegen 2B,57/403/0/27,5584000,70,320000,3588800,1.8,6459,Ingen,1.0
Liavegen 2B,57/403/0/28,2977000,70,320000,1763900,1.8,3175,Ingen,1.0
Liavegen 2B,57/403/0/29,4802000,70,320000,3041400,1.8,5474,Ingen,1.0
Liavegen 2B,57/403/0/30,4614000,70,320000,2909800,1.8,5237,Ingen,1.0
Liavegen 2B,57/403/0/31,4566000,70,320000,2876200,1.8,5177,Ingen,1.0
Liavegen 2B,57/403/0/32,3441000,70,320000,2088700,1.8,3759,Ingen,1.0
Liavegen 2B,57/403/0/33,3841000,70,320000,2368700,1.8,4263,Ingen,1.0
Liavegen 2B,57/403/0/34,2550000,70,320000,1465000,1.8,2637,Ingen,1.0
Liavegen 2B,57/403/0/35,5674000,70,320000,3651800,1.8,6573,Ingen,1.0
Liavegen 2B,57/403/0/36,3589000,70,320000,2192300,1.8,3946,Ingen,1.0
Liavegen 2B,57/403/0/37,4802000,70,320000,3041400,1.8,5474,Ingen,1.0
Liavegen 2B,57/403/0/38,4802000,70,320000,3041400,1.8,5474,Ingen,1.0
Liavegen 2C,57/404/0/0,0,100,0,0,1.8,0,Ingen,1.0
Havnevegen 26I,57/405/0/1,438000,100,0,438000,4.0,1752,Ingen,1.0
Havnevegen 26H,57/405/0/2,459000,100,0,459000,4.0,1836,Ingen,1.0
Havnevegen 26G,57/405/0/3,459000,100,0,459000,4.0,1836,Ingen,1.0
Havnevegen 26F,57/405/0/4,459000,100,0,459000,4.0,1836,Ingen,1.0
Havnevegen 26E,57/405/0/5,459000,100,0,459000,4.0,1836,Ingen,1.0
Havnevegen 26D,57/405/0/6,459000,100,0,459000,4.0,1836,Ingen,1.0
Havnevegen 26C,57/405/0/7,459000,100,0,459000,4.0,1836,Ingen,1.0
Havnevegen 26B,57/405/0/8,650000,100,0,650000,4.0,2600,Ingen,1.0
Havnevegen 26A,57/405/0/9,4151000,100,0,4151000,4.0,16604,Ingen,1.0
Sandmarkvegen 3,57/407/0/0,3853000,70,320000,2377100,1.8,4278,Ingen,1.0
Øvre Nordbakkan 4,60/3/0/0,4784000,70,320000,3028800,1.8,5451,Ingen,1.0
Nessbakkvegen 13,60/4/0/0,4772000,70,320000,3020400,1.8,5436,Ingen,1.0
Fjeldseth 0,60/6/0/0,0,100,0,0,1.8,0,Ingen,1.0
Nessbakkvegen 19,60/7/0/0,3446000,70,320000,2092200,1.8,3765,Ingen,1.0
Nessbakkvegen 20,60/8/0/0,4400000,70,320000,2760000,1.8,4968,Ingen,1.0
Øvre Nordbakkan 1,60/9/0/0,5132000,70,320000,3272400,1.8,5890,Ingen,1.0
Øvre Nordbakkan 9,60/10/0/0,4699000,70,320000,2969300,1.8,5344,Ingen,1.0
Brandsletta 9,60/11/0/0,3608000,70,320000,2205600,1.8,3970,Ingen,1.0
Nessbakkvegen 36,60/12/0/0,4044000,70,320000,2510800,1.8,4519,Ingen,1.0
Nedre Nordbakkan 1,60/13/0/0,4221000,70,320000,2634700,1.8,4742,Ingen,1.0
Nessvegen 29,60/15/0/0,4772000,70,320000,3020400,1.8,5436,Ingen,1.0
Trongdalen 12,60/16/0/0,4475000,70,320000,2812500,1.8,5062,Ingen,1.0
Fagratunvegen 14,60/17/0/0,5365000,70,320000,3435500,1.8,6183,Ingen,1.0
Fagratunvegen 16,60/18/0/0,4638000,70,640000,2606600,1.8,4691,Ingen,2.0
Fagratunvegen 24,60/19/0/0,4349000,70,320000,2724300,1.8,4903,Ingen,1.0
Fagratunvegen 26,60/20/0/0,4723000,70,320000,2986100,1.8,5374,Ingen,1.0
Øvre Nordbakkan 21,60/21/0/0,3907000,70,320000,2414900,1.8,4346,Ingen,1.0
Øvre Nordbakkan 19,60/22/0/0,4893000,70,320000,3105100,1.8,5589,Ingen,1.0
Øvre Nordbakkan 17,60/23/0/0,5954000,70,320000,3847800,1.8,6926,Ingen,1.0
Øvre Nordbakkan 13,60/24/0/0,4013000,70,320000,2489100,1.8,4480,Ingen,1.0
Øvre Nordbakkan 5,60/25/0/0,3575000,70,320000,2182500,1.8,3928,Ingen,1.0
Nessvegen 28,60/27/0/0,5296000,70,320000,3387200,1.8,6096,Ingen,1.0
Øvre Nordbakkan 15,60/29/0/0,5182000,70,320000,3307400,1.8,5953,Ingen,1.0
Nessvegen 30,60/30/0/0,3960000,70,320000,2452000,1.8,4413,Ingen,1.0
Kariheim 0,60/31/0/0,133000,100,0,133000,1.8,239,Ingen,1.0
Nessvegen 34,60/32/0/0,5013000,70,320000,3189100,1.8,5740,Ingen,1.0
Nessvegen 36,60/33/0/0,4144000,70,320000,2580800,1.8,4645,Ingen,1.0
Nessvegen 38A,60/34/0/0,3358000,70,320000,2030600,1.8,3655,Ingen,1.0
Nessvegen 40,60/36/0/0,5572000,70,320000,3580400,1.8,6444,Ingen,1.0
Nessvegen 32,60/39/0/0,4723000,70,320000,2986100,1.8,5374,Ingen,1.0
Wehnstad 0,60/40/0/0,0,100,0,0,1.8,0,Ingen,1.0
Nedre Nordbakkan 2,60/41/0/0,5132000,70,320000,3272400,1.8,5890,Ingen,1.0
Nedre Nordbakkan 4,60/42/0/0,3853000,70,320000,2377100,1.8,4278,Ingen,1.0
Nessbakkvegen 16,60/43/0/0,4674000,70,320000,2951800,1.8,5313,Ingen,1.0
Fagratunvegen 28,60/44/0/0,5640000,70,320000,3628000,1.8,6530,Ingen,1.0
Nessbakkvegen 26,60/47/0/0,3298000,70,320000,1988600,1.8,3579,Ingen,1.0
Nessvegen 42,60/48/0/0,3152000,70,320000,1886400,1.8,3395,Ingen,1.0
Øvre Nordbakkan 2,60/50/0/0,4400000,70,320000,2760000,1.8,4968,Ingen,1.0
Nedre Nordbakkan 8,60/51/0/0,4400000,70,320000,2760000,1.8,4968,Ingen,1.0
Øvre Nordbakkan 7,60/52/0/0,4845000,70,320000,3071500,1.8,5528,Ingen,1.0
Nessbakkvegen 28,60/53/0/0,5365000,70,320000,3435500,1.8,6183,Ingen,1.0
Nessbakkvegen 32,60/54/0/0,4845000,70,320000,3071500,1.8,5528,Ingen,1.0
Nessbakkvegen 30,60/55/0/0,4858000,70,320000,3080600,1.8,5545,Ingen,1.0
Nessvegen 44,60/59/0/0,3772000,70,320000,2320400,1.8,4176,Ingen,1.0
Nessbakkvegen 34,60/60/0/0,4065000,70,320000,2525500,1.8,4545,Ingen,1.0
Nessvegen 39,60/61/0/0,5594000,70,320000,3595800,1.8,6472,Ingen,1.0
Nessbakkvegen 18,60/62/0/0,5640000,70,320000,3628000,1.8,6530,Ingen,1.0
Nessbakkvegen 24,60/63/0/0,5707000,70,320000,3674900,1.8,6614,Ingen,1.0
Nessbakkvegen 22,60/64/0/0,4273000,70,320000,2671100,1.8,4807,Ingen,1.0
Nessvegen 65,60/65/0/0,3826000,70,320000,2358200,1.8,4244,Ingen,1.0
Nessvegen 67,60/66/0/0,4723000,70,320000,2986100,1.8,5374,Ingen,1.0
Nessvegen 41,60/67/0/0,5132000,70,320000,3272400,1.8,5890,Ingen,1.0
Nessvegen 38B,60/68/0/0,3273000,70,320000,1971100,1.8,3547,Ingen,1.0
Fagratunvegen 18,60/69/0/0,5155000,70,320000,3288500,1.8,5919,Ingen,1.0
Øvre Nordbakkan 3,60/70/0/0,5319000,70,320000,3403300,1.8,6125,Ingen,1.0
Øvre Nordbakkan 6,60/71/0/0,4400000,70,320000,2760000,1.8,4968,Ingen,1.0
Øvre Nordbakkan 11,60/72/0/0,4845000,70,320000,3071500,1.8,5528,Ingen,1.0
Tillegg Til Nordbakken 0,60/73/0/0,0,100,0,0,1.8,0,Ingen,1.0
Tillegg Til Maristuggu 0,60/77/0/0,0,100,0,0,1.8,0,Ingen,1.0
Trongdalen 8,60/78/0/0,4273000,70,320000,2671100,1.8,4807,Ingen,1.0
Fagratunvegen 12,60/79/0/0,4273000,70,320000,2671100,1.8,4807,Ingen,1.0
Fagratunvegen 10,60/80/0/0,5108000,70,320000,3255600,1.8,5860,Ingen,1.0
Nessbakkvegen 14,60/81/0/0,4845000,70,320000,3071500,1.8,5528,Ingen,1.0
Trongdalen 10,60/83/0/0,4772000,70,320000,3020400,1.8,5436,Ingen,1.0
Nedre Nordbakkan 6,60/86/0/0,5037000,70,320000,3205900,1.8,5770,Ingen,1.0
Nessvegen 57,60/88/0/0,1308000,100,0,1308000,4.0,5232,Ingen,1.0
Nessvegen 46,60/90/0/0,4005000,70,320000,2483500,1.8,4470,Ingen,1.0
Tillegg Til Nessvegen 46 0,60/91/0/0,0,100,0,0,1.8,0,Ingen,1.0
Nessbakkvegen 24B,60/92/0/0,5296000,70,320000,3387200,1.8,6096,Ingen,1.0
Nessvegen 55,60/93/0/0,5037000,70,320000,3205900,1.8,5770,Ingen,1.0
Nessbakkvegen 17,60/94/0/0,6344000,70,320000,4120800,1.8,7417,Ingen,1.0
Nessvegen 63,60/95/0/0,9266000,70,320000,6166200,1.8,11099,Ingen,1.0
Nessvegen 61,60/96/0/0,3478000,70,320000,2114600,1.8,3806,Ingen,1.0
Nessvegen 45,60/99/0/0,3456000,70,320000,2099200,1.8,3778,Ingen,1.0
Nessvegen 43,60/100/0/0,4106000,70,320000,2554200,1.8,4597,Ingen,1.0
Brandsletta 7,60/104/0/0,4415000,70,320000,2770500,1.8,4986,Ingen,1.0
Johan Nygaardsvolds Gate 1A,61/1/0/0,4247000,70,320000,2652900,1.8,4775,Ingen,1.0
Johan Nygaardsvolds Gate 3,61/2/0/0,3826000,70,640000,2038200,1.8,3668,Ingen,2.0
Johan Nygaardsvolds Gate 7,61/3/0/0,3772000,70,320000,2320400,1.8,4176,Ingen,1.0
Johan Nygaardsvolds Gate 13,61/4/0/0,5819000,70,320000,3753300,1.8,6755,Ingen,1.0
Johan Nygaardsvolds Gate 17,61/5/0/0,3933000,70,320000,2433100,1.8,4379,Ingen,1.0
Johan Nygaardsvolds Gate 6,61/6/0/0,3718000,70,320000,2282600,1.8,4108,Ingen,1.0
Nessvegen 1,61/8/0/0,6891000,70,320000,4503700,1.8,8106,Ingen,1.0
Skolesletten I 0,61/9/0/0,0,100,0,0,1.8,0,Ingen,1.0
Johan Nygaardsvolds Gate 11,61/10/0/0,4400000,70,320000,2760000,1.8,4968,Ingen,1.0
Nessvegen 3,61/11/0/0,7459000,70,320000,4901300,1.8,8822,Ingen,1.0
Johan Nygaardsvolds Gate 9,61/12/0/0,4525000,70,320000,2847500,1.8,5125,Ingen,1.0
Markavegen 8,61/13/0/0,5037000,70,320000,3205900,1.8,5770,Ingen,1.0
Johan Nygaardsvolds Gate 1B,61/15/0/0,3124000,70,320000,1866800,1.8,3360,Ingen,1.0
61/16/0/0 0,61/16/0/0,0,100,0,0,1.8,0,Ingen,1.0
Skolegata 1,61/17/0/0,10565000,70,640000,6755500,1.8,12159,Ingen,2.0
61/18/0/0 0,61/18/0/0,180000,100,0,180000,1.8,324,Ingen,1.0
Selbuvegen 274,62/1/0/0,1650000,70,640000,515000,1.8,927,§ 5 h delvis,2.0
Grindbakken 0,62/3/0/0,3976000,70,640000,2143200,1.8,3857,Ingen,2.0
Åsbergvegen 15,62/4/0/0,6175000,70,320000,4002500,1.8,7204,Ingen,1.0
Karlslyst 0,62/5/0/0,0,100,0,0,1.8,0,Ingen,1.0
Trøbak 0,62/7/0/0,0,100,0,0,1.8,0,Ingen,1.0
Trøbak 2 0,62/9/0/0,0,100,0,0,1.8,0,Ingen,1.0
Thun 0,62/10/0/0,0,100,0,0,1.8,0,Ingen,1.0
Grindbakken 1,62/11/0/0,3662000,70,320000,2243400,1.8,4038,Ingen,1.0
Grindbakken 3,62/12/0/0,2755000,70,320000,1608500,1.8,2895,Ingen,1.0
Grindbakken 11,62/13/0/0,3128000,70,320000,1869600,1.8,3365,Ingen,1.0
Grindbakken 13,62/14/0/0,4179000,70,320000,2605300,1.8,4689,Ingen,1.0
Selbuvegen 272,62/15/0/0,3976000,70,320000,2463200,1.8,4433,Ingen,1.0
Åsbergvegen 9,62/16/0/0,3185000,70,320000,1909500,1.8,3437,Ingen,1.0
Grindbakken 9,62/17/0/0,4953000,70,640000,2827100,1.8,5088,Ingen,2.0
Selbuvegen 323,62/18/0/0,2091000,70,320000,1143700,1.8,2058,Ingen,1.0
Åsbergvegen 11,62/19/0/0,3993000,70,320000,2475100,1.8,4455,Ingen,1.0
Trøbakkvegen 12,62/21/0/0,7104000,70,640000,4332800,1.8,7799,Ingen,2.0
Trøbakkvegen 16,62/22/0/0,4230000,70,320000,2641000,1.8,4753,Ingen,1.0
Trøbakkvegen 14,62/23/0/0,6754000,70,320000,4407800,1.8,7934,Ingen,1.0
Trøbakkvegen 22,62/24/0/0,3536000,70,320000,2155200,1.8,3879,Ingen,1.0
Trøbakkvegen 20,62/25/0/0,4059000,70,320000,2521300,1.8,4538,Ingen,1.0
Trøbak 8 0,62/26/0/0,245000,100,0,245000,1.8,441,Ingen,1.0
Trøbakkvegen 2,62/27/0/0,3680000,70,320000,2256000,1.8,4060,Ingen,1.0
Trøbakkvegen 4,62/28/0/0,4010000,70,320000,2487000,1.8,4476,Ingen,1.0
Trøbakkvegen 6,62/29/0/0,3626000,70,320000,2218200,1.8,3992,Ingen,1.0
Trøbakkvegen 8,62/30/0/0,2934000,70,320000,1733800,1.8,3120,Ingen,1.0
Grindbakken 17,62/31/0/0,4444000,70,320000,2790800,1.8,5023,Ingen,1.0
Åsbergvegen 19,62/33/0/0,4414000,70,320000,2769800,1.8,4985,Ingen,1.0
Åsbergvegen 20,62/34/0/0,4313000,70,640000,2379100,1.8,4282,Ingen,2.0
Åsbergvegen 22,62/35/0/0,3409000,70,320000,2066300,1.8,3719,Ingen,1.0
Åsbergvegen 16,62/36/0/0,3942000,70,320000,2439400,1.8,4390,Ingen,1.0
Åsbergvegen 18,62/37/0/0,3924000,70,320000,2426800,1.8,4368,Ingen,1.0
Åsbergvegen 21,62/38/0/0,3391000,70,320000,2053700,1.8,3696,Ingen,1.0
Åsbergvegen 14,62/39/0/0,3907000,70,320000,2414900,1.8,4346,Ingen,1.0
Åsbergvegen 13,62/40/0/0,3838000,70,640000,2046600,1.8,3683,Ingen,2.0
Grindbakken 8,62/43/0/0,3446000,70,320000,2092200,1.8,3765,Ingen,1.0
Åsbergvegen 17,62/44/0/0,3446000,70,320000,2092200,1.8,3765,Ingen,1.0
Selbuvegen 278,62/45/0/0,0,100,0,0,4.0,0,Ingen,1.0
Tillegg Til Åsbergvegen 14 0,62/46/0/0,0,100,0,0,1.8,0,Ingen,1.0
Selbuvegen 196,62/47/0/0,2755000,70,320000,1608500,1.8,2895,Ingen,1.0
Selbuvegen 310,62/48/0/0,6741000,70,320000,4398700,1.8,7917,Ingen,1.0
Grindbakken 15,62/49/0/0,6754000,70,640000,4087800,1.8,7358,Ingen,2.0
Grindbakken 20,62/51/0/0,3331000,70,320000,2011700,1.8,3621,Ingen,1.0
Grindbakken 18,62/52/0/0,4730000,70,320000,2991000,1.8,5383,Ingen,1.0
Grindbakken 16,62/53/0/0,4062000,70,320000,2523400,1.8,4542,Ingen,1.0
Grindbakken 14,62/54/0/0,5416000,70,320000,3471200,1.8,6248,Ingen,1.0
Grindbakken 12,62/55/0/0,5387000,70,320000,3450900,1.8,6211,Ingen,1.0
Grindbakken 10,62/56/0/0,5503000,70,320000,3532100,1.8,6357,Ingen,1.0
Grindbakken 6,62/57/0/0,5153000,70,320000,3287100,1.8,5916,Ingen,1.0
Grindbakken 4,62/58/0/0,5271000,70,320000,3369700,1.8,6065,Ingen,1.0
Grindbakken 2,62/59/0/0,3608000,70,320000,2205600,1.8,3970,Ingen,1.0
Selbuvegen 338,63/1/0/0,3791000,70,320000,2333700,1.8,4200,§ 5 h delvis,1.0
Selbuvegen 329,63/2/0/0,2795000,70,640000,1316500,1.8,2369,Ingen,2.0
Selbuvegen 339,63/5/0/0,2336000,70,320000,1315200,1.8,2367,Ingen,1.0
Selbuvegen 466,64/1/0/0,1997000,70,640000,757900,1.8,1364,§ 5 h delvis,2.0
Selbuvegen 458,64/2/0/0,2846000,70,320000,1672200,1.8,3009,§ 5 h delvis,1.0
Selbuvegen 462,64/3/0/0,5192000,70,640000,2994400,1.8,5389,Ingen,2.0
Selbuvegen 454,64/9/0/0,3890000,70,320000,2403000,1.8,4325,Ingen,1.0
Selbuvegen 464,64/10/0/0,2591000,70,320000,1493700,1.8,2688,Ingen,1.0
Selbuvegen 452,64/11/0/0,2674000,70,320000,1551800,1.8,2793,Ingen,1.0
Selbuvegen 461,64/12/0/0,4638000,70,320000,2926600,1.8,5267,Ingen,1.0
Selbuvegen 456,64/13/0/0,3976000,70,320000,2463200,1.8,4433,Ingen,1.0
Selbuvegen 486,65/1/0/0,3342000,70,1280000,1059400,1.8,1906,§ 5 h delvis,4.0
Selbuvegen 550,65/2/0/0,900000,70,320000,310000,1.8,558,§ 5 h delvis,1.0
Selbuvegen 532,65/3/0/0,1879000,70,320000,995300,1.8,1791,§ 5 h delvis,1.0
Selbuvegen 495,65/4/0/0,2915000,70,320000,1720500,1.8,3096,Ingen,1.0
Selbuvegen 511,65/5/0/0,2724000,70,320000,1586800,1.8,2856,Ingen,1.0
Selbuvegen 527,65/6/0/0,3500000,70,320000,2130000,1.8,3834,Ingen,1.0
Selbuvegen 497,65/7/0/0,3261000,70,320000,1962700,1.8,3532,Ingen,1.0
Tillegg Til Saga 0,65/8/0/0,0,100,0,0,1.8,0,Ingen,1.0
Selbuvegen 529,65/9/0/0,4014000,70,320000,2489800,1.8,4481,Ingen,1.0
Selbuvegen 531,65/10/0/0,3151000,70,320000,1885700,1.8,3394,Ingen,1.0
Selbuvegen 533,65/11/0/0,3151000,70,320000,1885700,1.8,3394,Ingen,1.0
Jervskogvegen 21,66/2/0/0,2239000,70,320000,1247300,1.8,2245,§ 5 h delvis,1.0
Bakktjønnvegen 6,66/2/3/0,575000,70,320000,82500,1.8,148,Ingen,1.0
Bakktjønnvegen 3,66/2/4/0,487000,70,320000,20900,1.8,37,Ingen,1.0
Bakktjønnvegen 12,66/2/5/0,739000,70,320000,197300,1.8,355,Ingen,1.0
Selbuvegen 643,66/5/0/0,2974000,70,320000,1761800,1.8,3171,Ingen,1.0
Selbuvegen 649,66/6/0/0,2248000,70,320000,1253600,1.8,2256,Ingen,1.0
Selbuvegen 653,66/8/0/0,5528000,70,320000,3549600,1.8,6389,Ingen,1.0
Bakken 0,66/9/0/0,3391000,70,320000,2053700,1.8,3696,Ingen,1.0
Selbuvegen 645,66/10/0/0,2674000,70,640000,1231800,1.8,2217,Ingen,2.0
Bakktjønnvegen 10,66/13/0/0,191000,70,320000,0,1.8,0,Ingen,1.0
Bakktjønnvegen 7,66/14/0/0,256000,70,320000,0,1.8,0,Ingen,1.0
Tillegg Til Bakkhaugen 0,66/15/0/0,0,100,0,0,1.8,0,Ingen,1.0
Bakktjønnvegen 4,66/16/0/0,208000,70,320000,0,1.8,0,Ingen,1.0
Bakken 0,66/17/0/0,6330000,70,320000,4111000,1.8,7399,Ingen,1.0
Bakktjønnvegen 5,66/18/0/0,641000,70,320000,128700,1.8,231,Ingen,1.0
Tillegg Til Håpet 0,66/19/0/0,0,100,0,0,1.8,0,Ingen,1.0
Selbuvegen 655,66/20/0/0,2835000,70,320000,1664500,1.8,2996,Ingen,1.0
Selbuvegen 657,66/21/0/0,3838000,70,320000,2366600,1.8,4259,Ingen,1.0
Selbuvegen 659,66/22/0/0,4843000,70,320000,3070100,1.8,5526,Ingen,1.0
Selbuvegen 641,66/23/0/0,245000,70,320000,0,1.8,0,Ingen,1.0
66/24/0/0 0,66/24/0/0,0,100,0,0,4.0,0,Ingen,1.0
Selbuvegen 639,66/25/0/0,222000,70,320000,0,1.8,0,Ingen,1.0
Jervskogen 0,66/26/0/0,1216000,100,0,1216000,4.0,4864,Ingen,1.0
Jervskogvegen 63,66/27/0/0,286000,70,320000,0,1.8,0,Ingen,1.0
Tillegg Til 67/1 0,66/29/0/0,0,100,0,0,4.0,0,Ingen,1.0
Selbuvegen 651,66/30/0/0,3974000,70,320000,2461800,1.8,4431,Ingen,1.0
66/33/0/0 0,66/33/0/0,74000,100,0,74000,1.8,133,Ingen,1.0
Selbuvegen 618,67/1/0/0,1402000,70,640000,341400,1.8,614,§ 5 h delvis,2.0
Dølanfossen 0,67/3/0/0,0,100,0,0,1.8,0,Ingen,1.0
Bakktjønnvegen 11,67/4/0/0,715000,70,320000,180500,1.8,324,Ingen,1.0
67/5/0/0 0,67/5/0/0,570000,70,320000,79000,1.8,142,Ingen,1.0
Nygårdsvollvegen 88,68/1/0/0,1321000,70,640000,284700,1.8,512,§ 5 h delvis,2.0
Follaskogen 0,68/2/0/0,0,100,0,0,1.8,0,Ingen,1.0
Lillefolden 0,68/3/0/0,0,100,0,0,1.8,0,Ingen,1.0
Kalvetrøen 0,68/5/0/0,0,100,0,0,1.8,0,Ingen,1.0
Selbuvegen 894,69/1/0/0,873000,70,320000,291100,1.8,523,§ 5 h delvis,1.0
Bonaunvegen 155,69/1/12/0,1108000,70,320000,455600,1.8,820,Ingen,1.0
Bonaunvegen 353,69/1/14/0,350000,70,320000,0,1.8,0,Ingen,1.0
Bonaunvegen 351,69/1/15/0,350000,70,320000,0,1.8,0,Ingen,1.0
Sjøli 0,69/2/0/0,0,100,0,0,1.8,0,Ingen,1.0
Selbuvegen 1070,69/3/0/0,2875000,70,640000,1372500,1.8,2470,Ingen,2.0
Selbuvegen 1054,69/3/0/0,192000,70,320000,0,1.8,0,§ 5 h delvis,1.0
Selbuvegen 1067,69/3/0/0,581000,70,320000,86700,1.8,156,§ 5 h delvis,1.0
Selbuvegen 1042,69/3/0/0,426000,70,320000,0,1.8,0,§ 5 h delvis,1.0
Selbuvegen 1071,69/3/0/0,160000,70,320000,0,1.8,0,§ 5 h delvis,1.0
Selbuvegen 1036,69/3/1/0,498000,70,320000,28600,1.8,51,Ingen,1.0
Selbuvegen 1069,69/3/3/0,988000,70,320000,371600,1.8,668,Ingen,1.0
Selbuvegen 1050,69/3/4/0,917000,70,320000,321900,1.8,579,Ingen,1.0
Torshaug 0,69/4/0/0,583000,70,320000,88100,1.8,158,§ 5 h delvis,1.0
Slåttdalsvegen 280,69/5/0/0,1013000,70,640000,69100,1.8,124,Ingen,2.0
Bergvegen 2,69/6/0/0,3051000,70,320000,1815700,1.8,3268,Ingen,1.0
Torstjønnvegen 2,69/7/0/0,2795000,70,320000,1636500,1.8,2945,Ingen,1.0
Torstjønnvegen 4,69/8/0/0,2775000,70,320000,1622500,1.8,2920,Ingen,1.0
Torstjønnvegen 1,69/9/0/0,3298000,70,320000,1988600,1.8,3579,Ingen,1.0
Selbuvegen 1077,69/10/0/0,3354000,70,320000,2027800,1.8,3650,Ingen,1.0
Selbuvegen 1073,69/11/0/0,3644000,70,320000,2230800,1.8,4015,Ingen,1.0
Hammersborg 0,69/12/0/0,0,100,0,0,1.8,0,Ingen,1.0
Bergvegen 4,69/13/0/0,3482000,70,320000,2117400,1.8,3811,Ingen,1.0
Fjellheim 1 0,69/15/0/0,0,100,0,0,1.8,0,Ingen,1.0
Fjellheim 2 0,69/16/0/0,0,100,0,0,1.8,0,Ingen,1.0
Torstjønnvegen 6,69/17/0/0,3242000,70,320000,1949400,1.8,3508,Ingen,1.0
Torstjønnvegen 8,69/18/0/0,3590000,70,320000,2193000,1.8,3947,Ingen,1.0
Nilsdalsvegen 126,69/19/0/0,227000,70,320000,0,1.8,0,Ingen,1.0
Slåttdalsvegen 15,69/20/0/0,2954000,70,320000,1747800,1.8,3146,Ingen,1.0
Selbuvegen 924,69/21/0/0,3518000,70,640000,1822600,1.8,3280,Ingen,2.0
Slåttdalsvegen 64,69/22/0/0,5261000,70,320000,3362700,1.8,6052,Ingen,1.0
Selbuvegen 892,69/23/0/0,7454000,70,320000,4897800,1.8,8816,Ingen,1.0
Tillegg Til Soria Moria 0,69/25/0/0,0,100,0,0,1.8,0,Ingen,1.0
Slåttdalsvegen 93,69/26/0/0,3662000,70,320000,2243400,1.8,4038,Ingen,1.0
Selbuvegen 1097,69/27/0/0,3924000,70,320000,2426800,1.8,4368,Ingen,1.0
Tilleg Til Skogly 0,69/29/0/0,0,100,0,0,1.8,0,Ingen,1.0
Fjellheim Iii 0,69/32/0/0,0,100,0,0,1.8,0,Ingen,1.0
Veggrunn Av Sandbrott 0,69/33/0/0,0,100,0,0,1.8,0,Ingen,1.0
Tillegg Til Skogly 0,69/34/0/0,64000,100,0,64000,1.8,115,Ingen,1.0
Tillegg Til Lundsli 0,69/35/0/0,0,100,0,0,1.8,0,Ingen,1.0
Selbuvegen 1089,69/36/0/0,4010000,70,320000,2487000,1.8,4476,Ingen,1.0
Selbuvegen 851,69/37/0/0,4427000,70,320000,2778900,1.8,5002,Ingen,1.0
Slåttdalsvegen 276,69/38/0/0,239000,70,320000,0,1.8,0,Ingen,1.0
Bergvegen 3,69/39/0/0,4759000,70,320000,3011300,1.8,5420,Ingen,1.0
Bergvegen 9,69/40/0/0,4313000,70,320000,2699100,1.8,4858,Ingen,1.0
Bergvegen 5,69/41/0/0,3803000,70,320000,2342100,1.8,4215,Ingen,1.0
Bergvegen 7,69/42/0/0,3032000,70,320000,1802400,1.8,3244,Ingen,1.0
Bergvegen 6,69/43/0/0,3768000,70,320000,2317600,1.8,4171,Ingen,1.0
Bergvegen 8,69/44/0/0,4313000,70,320000,2699100,1.8,4858,Ingen,1.0
Bergvegen 10,69/45/0/0,3626000,70,320000,2218200,1.8,3992,Ingen,1.0
Bergvegen 12,69/46/0/0,5409000,70,320000,3466300,1.8,6239,Ingen,1.0
Bergvegen 14,69/47/0/0,3820000,70,320000,2354000,1.8,4237,Ingen,1.0
Bergvegen 11,69/48/0/0,406000,100,0,406000,1.8,730,Ingen,1.0
Bergvegen 16,69/49/0/0,3644000,70,320000,2230800,1.8,4015,Ingen,1.0
Bergvegen 15,69/51/0/0,6727000,70,320000,4388900,1.8,7900,Ingen,1.0
Bergvegen 17,69/52/0/0,3976000,70,320000,2463200,1.8,4433,Ingen,1.0
Torstjønnvegen 10,69/53/0/0,3661000,70,640000,1922700,1.8,3460,Ingen,2.0
Torstjønnvegen 12,69/54/0/0,83000,100,0,83000,1.8,149,Ingen,1.0
Torstjønnvegen 14,69/55/0/0,3185000,70,320000,1909500,1.8,3437,Ingen,1.0
Torstjønnvegen 16,69/56/0/0,3554000,70,320000,2167800,1.8,3902,Ingen,1.0
Torstjønnvegen 18A,69/57/0/0,3861000,70,320000,2382700,1.8,4288,Ingen,1.0
Torstjønnvegen 20,69/58/0/0,3626000,70,320000,2218200,1.8,3992,Ingen,1.0
Torstjønnvegen 22,69/59/0/0,2803000,70,320000,1642100,1.8,2955,Ingen,1.0
Bergvegen 19,69/60/0/0,3644000,70,320000,2230800,1.8,4015,Ingen,1.0
Tillegg Til Bergvegen 15 0,69/61/0/0,0,100,0,0,1.8,0,Ingen,1.0
69/62/0/0 0,69/62/0/0,0,100,0,0,1.8,0,Ingen,1.0
Torstjønnvegen 18B,69/63/0/0,2943000,70,320000,1740100,1.8,3132,Ingen,1.0
Selbuvegen 1095,69/64/0/0,2835000,70,320000,1664500,1.8,2996,Ingen,1.0
Dølan 0,69/65/0/0,1475000,70,320000,712500,1.8,1282,§ 5 h delvis,1.0
Selbuvegen 823,69/66/0/0,834000,70,320000,263800,1.8,474,§ 5 h delvis,1.0
Slåttdalsvegen 278,69/83/0/0,651000,70,320000,135700,1.8,244,Ingen,1.0
Selbuvegen 1087,69/84/0/0,4233000,70,320000,2643100,1.8,4757,Ingen,1.0
Selbuvegen 1085,69/85/0/0,5192000,70,320000,3314400,1.8,5965,Ingen,1.0
Selbuvegen 1083,69/86/0/0,4881000,70,320000,3096700,1.8,5574,Ingen,1.0
Bonaunvegen 349,69/87/0/0,655000,70,320000,138500,1.8,249,Ingen,1.0
Slåttdalsvegen 107,69/88/0/0,307000,70,320000,0,1.8,0,Ingen,1.0
Selbuvegen 1531,69/89/0/0,882000,70,320000,297400,1.8,535,Ingen,1.0
Bonaunvegen 403,69/90/0/0,771000,70,320000,219700,1.8,395,Ingen,1.0
Selbuvegen 1093,69/91/0/0,0,100,0,0,1.8,0,Ingen,1.0
Selbuvegen 1091,69/92/0/0,8806000,70,320000,5844200,1.8,10519,Ingen,1.0
Bonaunvegen 347,69/93/0/0,666000,70,320000,146200,1.8,263,Ingen,1.0
Bonaunvegen 200,69/96/0/0,372000,70,320000,0,1.8,0,Ingen,1.0
Selbuvegen 1535,69/97/0/0,631000,70,320000,121700,1.8,219,Ingen,1.0
Bonaunvegen 311,70/1/0/0,971000,70,320000,359700,1.8,647,§ 5 h delvis,1.0
Bonaunvegen 345,70/1/1/0,404000,70,320000,0,1.8,0,Ingen,1.0
Mostadmark 0,70/2/0/0,516000,70,320000,41200,1.8,74,§ 5 h delvis,1.0
Bonaunmarken 0,70/3/0/0,0,100,0,0,1.8,0,Ingen,1.0
Rolstadmarken 0,70/4/0/0,0,100,0,0,1.8,0,Ingen,1.0
Mostadmark 0,70/5/0/0,688000,70,320000,161600,1.8,290,§ 5 h delvis,1.0
Bonaunvegen 337,70/5/2/0,328000,70,320000,0,1.8,0,Ingen,1.0
Mostadmark 0,70/6/0/0,3903000,70,960000,1772100,1.8,3189,Ingen,3.0
Bonaunvegen 286,70/7/0/0,480000,70,320000,16000,1.8,28,Ingen,1.0
Bonaunvegen 288,70/8/0/0,180000,70,320000,0,1.8,0,Ingen,1.0
Bonaunvegen 343,70/9/0/0,328000,70,320000,0,1.8,0,Ingen,1.0
Moslått 0,70/10/0/0,0,100,0,0,1.8,0,Ingen,1.0
Bonaunvegen 277,70/11/0/0,922000,70,320000,325400,1.8,585,Ingen,1.0
Bonaunvegen 327,70/12/0/0,591000,70,320000,93700,1.8,168,Ingen,1.0
Bonaunvegen 341,70/13/0/0,876000,70,320000,293200,1.8,527,Ingen,1.0
Bonaunvegen 339,70/14/0/0,721000,70,320000,184700,1.8,332,Ingen,1.0
"Mostadmark, Hommelvik 0",71/1/0/0,3391000,70,320000,2053700,1.8,3696,Ingen,1.0
Bonaunvegen 204,71/1/4/0,140000,70,320000,0,1.8,0,Ingen,1.0
Bonaunvegen 250,71/1/8/0,424000,70,320000,0,1.8,0,Ingen,1.0
Bonaunvegen 215,71/1/10/0,191000,70,320000,0,1.8,0,Ingen,1.0
Rognåsmarken 0,71/2/0/0,0,100,0,0,1.8,0,Ingen,1.0
Bonaunvegen 265,71/3/0/0,145000,70,320000,0,1.8,0,Ingen,1.0
Bonaunvegen 192,71/4/0/0,670000,70,320000,149000,1.8,268,Ingen,1.0
Bonaunvegen 211,71/6/0/0,816000,70,320000,251200,1.8,452,Ingen,1.0
Bonaunvegen 270,71/7/0/0,535000,70,320000,54500,1.8,98,Ingen,1.0
Bonaunvegen 206,71/8/0/0,684000,70,320000,158800,1.8,285,Ingen,1.0
Bonaunvegen 268,71/9/0/0,456000,70,320000,0,1.8,0,Ingen,1.0
Bonaunvegen 190,71/10/0/0,176000,70,320000,0,1.8,0,Ingen,1.0
Bonaunvegen 194,71/11/0/0,508000,70,320000,35600,1.8,64,Ingen,1.0
Bonaunvegen 247,71/12/0/0,629000,70,320000,120300,1.8,216,Ingen,1.0
Bonaunvegen 249,71/13/0/0,852000,70,320000,276400,1.8,497,Ingen,1.0
Bonaunvegen 213,71/14/0/0,398000,70,320000,0,1.8,0,Ingen,1.0
Bonaunvegen 248,71/15/0/0,1071000,70,320000,429700,1.8,773,Ingen,1.0
Bonaunvegen 252,71/16/0/0,992000,70,320000,374400,1.8,673,Ingen,1.0
Bonaunvegen 243,71/17/0/0,1598000,70,320000,798600,1.8,1437,Ingen,1.0
71/20/0/0 0,71/20/0/0,0,100,0,0,1.8,0,Ingen,1.0
Bonaunvegen 106,72/1/0/0,2522000,70,320000,1445400,1.8,2601,§ 5 h delvis,1.0
Bonaunvegen 90,72/3/0/0,1747000,70,320000,902900,1.8,1625,§ 5 h delvis,1.0
Vollamarken 0,72/4/0/0,0,100,0,0,1.8,0,Ingen,1.0
Bonaunvegen 1,72/5/0/0,869000,70,320000,288300,1.8,518,§ 5 h delvis,1.0
Bonaunvegen 189,72/7/0/0,523000,70,320000,46100,1.8,82,Ingen,1.0
Bonaunvegen 2,72/8/0/0,2633000,70,320000,1523100,1.8,2741,Ingen,1.0
Bonaunvegen 47,72/9/0/0,521000,70,320000,44700,1.8,80,Ingen,1.0
Bonaunvegen 66,72/10/0/0,323000,70,320000,0,1.8,0,Ingen,1.0
Selbuvegen 1335,72/11/0/0,2795000,70,320000,1636500,1.8,2945,Ingen,1.0
Bonaunvegen 92,72/12/0/0,998000,70,320000,378600,1.8,681,Ingen,1.0
Bonaunvegen 184,72/13/0/0,988000,70,320000,371600,1.8,668,Ingen,1.0
72/14/0/0 0,72/14/0/0,0,100,0,0,1.8,0,Ingen,1.0
Bonaunvegen 131,72/15/0/0,327000,70,320000,0,1.8,0,Ingen,1.0
Bonaunvegen 186,72/16/0/0,1595000,70,320000,796500,1.8,1433,Ingen,1.0
Bonaunvegen 97,72/18/0/0,603000,70,320000,102100,1.8,183,Ingen,1.0
Bonaunvegen 185,72/19/0/0,379000,70,320000,0,1.8,0,Ingen,1.0
Bonaunvegen 183,72/20/0/0,396000,70,320000,0,1.8,0,Ingen,1.0
72/1/1/0 0,72/21/0/0,1007000,70,320000,384900,1.8,692,Ingen,1.0
Bonaunvegen 158,72/22/0/0,87000,70,320000,0,1.8,0,Ingen,1.0
Bonaunvegen 68,72/25/0/0,0,100,0,0,1.8,0,Ingen,1.0
Bonaunvegen 91,72/26/0/0,5387000,70,320000,3450900,1.8,6211,Ingen,1.0
Selbuvegen 1331,73/1/0/0,2208000,70,320000,1225600,1.8,2206,§ 5 h delvis,1.0
Selbuvegen 1332,73/2/0/0,832000,70,320000,262400,1.8,472,§ 5 h delvis,1.0
Viken Nedres Skog 0,73/3/0/0,0,100,0,0,1.8,0,Ingen,1.0
Vennavegen 413,73/4/0/0,0,100,0,0,4.0,0,Ingen,1.0
Brobak 0,73/5/0/0,0,100,0,0,1.8,0,Ingen,1.0
Vikamyren 0,73/6/0/0,0,100,0,0,1.8,0,Ingen,1.0
Selbuvegen 1272,73/8/0/0,5192000,70,320000,3314400,1.8,5965,Ingen,1.0
Selbuvegen 1293,73/9/0/0,3570000,70,320000,2179000,1.8,3922,Ingen,1.0
Viken Øvre 2 0,73/10/0/0,0,100,0,0,1.8,0,Ingen,1.0
Selbuvegen 1291,73/11/0/0,2795000,70,320000,1636500,1.8,2945,Ingen,1.0
Selbuvegen 1270,73/12/0/0,2021000,70,320000,1094700,1.8,1970,Ingen,1.0
Selbuvegen 1285,73/13/0/0,0,100,0,0,1.8,0,Ingen,1.0
Selbuvegen 1353,73/15/0/0,678000,70,320000,154600,1.8,278,Ingen,1.0
Selbuvegen 1280,73/16/0/0,3976000,70,320000,2463200,1.8,4433,Ingen,1.0
Tjønnåsvegen 4,74/1/0/0,832000,70,320000,262400,1.8,472,Ingen,1.0
Kjønnås Skog 0,74/2/0/0,0,100,0,0,1.8,0,Ingen,1.0
Åstun 0,74/4/0/0,0,100,0,0,1.8,0,Ingen,1.0
Tjønnåsvegen 10,74/5/0/0,2200000,70,320000,1220000,1.8,2196,Ingen,1.0
Tjønnåsvegen 12,74/7/0/0,3190000,70,320000,1913000,1.8,3443,Ingen,1.0
Tjønnåsvegen 8,74/10/0/0,2875000,70,320000,1692500,1.8,3046,Ingen,1.0
Tjønnåsvegen 14,74/11/0/0,122000,70,320000,0,1.8,0,Ingen,1.0
Tjønnåsvegen 6,74/12/0/0,3676000,70,320000,2253200,1.8,4055,Ingen,1.0
Tillegg Til Haugum 0,74/13/0/0,0,100,0,0,1.8,0,Ingen,1.0
Tjønnåsvegen 11,74/14/0/0,277000,70,320000,0,1.8,0,Ingen,1.0
Tjønnåsvegen 9,74/15/0/0,176000,70,320000,0,1.8,0,Ingen,1.0
Tjønnåsvegen 16,74/16/0/0,1852000,70,320000,976400,1.8,1757,Ingen,1.0
Tjønnåsvegen 13,74/17/0/0,1362000,70,320000,633400,1.8,1140,Ingen,1.0
Tjønnåsvegen 7,74/18/0/0,1629000,70,320000,820300,1.8,1476,Ingen,1.0
Tjønnåsvegen 2,74/19/0/0,3195000,70,320000,1916500,1.8,3449,Ingen,1.0
Tjønnåsvegen 17,74/20/0/0,1623000,70,320000,816100,1.8,1468,Ingen,1.0
Tjønnåsvegen 15,74/21/0/0,505000,70,320000,33500,1.8,60,Ingen,1.0
Sneisvegen 8,75/1/0/0,1386000,70,640000,330200,1.8,594,§ 5 h delvis,2.0
Sneismarken 0,75/2/0/0,0,100,0,0,1.8,0,Ingen,1.0
Sneisvegen 1,75/3/0/0,3298000,70,320000,1988600,1.8,3579,Ingen,1.0
Sneisvegen 13,75/5/0/0,941000,70,320000,338700,1.8,609,§ 5 h delvis,1.0
Sneisvegen 17,75/5/1/0,356000,70,320000,0,1.8,0,Ingen,1.0
Sneisvegen 15,75/5/2/0,267000,70,320000,0,1.8,0,Ingen,1.0
Vennavegen 61,75/8/0/0,3873000,70,320000,2391100,1.8,4303,Ingen,1.0
Selbuvegen 1238,75/10/0/0,3446000,70,320000,2092200,1.8,3765,Ingen,1.0
Vennavegen 7,75/12/0/0,3626000,70,320000,2218200,1.8,3992,Ingen,1.0
Selbuvegen 1250,75/16/0/0,0,70,320000,0,1.8,0,Ingen,1.0
Selbuvegen 1226,75/17/0/0,3959000,70,320000,2451300,1.8,4412,Ingen,1.0
Sneisvegen 9,75/18/0/0,617000,70,320000,111900,1.8,201,Ingen,1.0
Selbuvegen 1252,75/21/0/0,2868000,70,320000,1687600,1.8,3037,Ingen,1.0
Sneisvegen 5,75/22/0/0,3013000,70,320000,1789100,1.8,3220,Ingen,1.0
Selbuvegen 1246,75/23/0/0,0,100,0,0,1.8,0,Ingen,1.0
Sneisvegen 4,75/25/0/0,4061000,70,320000,2522700,1.8,4540,Ingen,1.0
Sneisvegen 2,75/26/0/0,3455000,70,320000,2098500,1.8,3777,Ingen,1.0
Veggrunn Sneisen 0,75/27/0/0,0,100,0,0,1.8,0,Ingen,1.0
Sneislia 4,75/29/0/0,3959000,70,320000,2451300,1.8,4412,Ingen,1.0
Sneislia 6,75/30/0/0,4313000,70,320000,2699100,1.8,4858,Ingen,1.0
Sneislia 8,75/31/0/0,4112000,70,320000,2558400,1.8,4605,Ingen,1.0
Sneislia 7,75/32/0/0,3976000,70,320000,2463200,1.8,4433,Ingen,1.0
Sneislia 3,75/33/0/0,2974000,70,320000,1761800,1.8,3171,Ingen,1.0
Sneislia 9,75/34/0/0,2318000,70,320000,1302600,1.8,2344,Ingen,1.0
Sneislia 11,75/35/0/0,1501000,70,320000,730700,1.8,1315,Ingen,1.0
Sneisvegen 11,75/36/0/0,3055000,70,320000,1818500,1.8,3273,Ingen,1.0
75/37/0/0 0,75/37/0/0,0,100,0,0,1.8,0,Ingen,1.0
Selbuvegen 1224,75/38/0/0,1218000,70,320000,532600,1.8,958,Ingen,1.0
75/41/0/0 0,75/41/0/0,0,100,0,0,1.8,0,Ingen,1.0
Sneislia 1,75/42/0/0,4730000,70,320000,2991000,1.8,5383,Ingen,1.0
75/43/0/0 0,75/43/0/0,0,100,0,0,1.8,0,Ingen,1.0
Selbuvegen 1217,75/44/0/0,258000,70,320000,0,1.8,0,Ingen,1.0
Vennavegen 110,76/1/0/0,414000,70,320000,0,1.8,0,§ 5 h delvis,1.0
Snustad Nedre Skog 0,76/2/0/0,0,100,0,0,1.8,0,Ingen,1.0
Vennavegen 80,76/3/0/0,3185000,70,320000,1909500,1.8,3437,Ingen,1.0
Vennavegen 108,76/4/0/0,1385000,70,320000,649500,1.8,1169,Ingen,1.0
Vennavegen 160,77/1/0/0,633000,70,320000,123100,1.8,221,§ 5 h delvis,1.0
Snustad Øvres Skog 0,77/2/0/0,0,100,0,0,1.8,0,Ingen,1.0
Vennavegen 205,77/3/0/0,1963000,70,640000,734100,1.8,1321,§ 5 h delvis,2.0
Vennavegen 162,77/4/0/0,2109000,70,320000,1156300,1.8,2081,§ 5 h delvis,1.0
Vennavegen 333,78/1/0/0,529000,70,320000,50300,1.8,90,§ 5 h delvis,1.0
Vennavegen 442,78/3/0/0,716000,70,320000,181200,1.8,326,§ 5 h delvis,1.0
Vennavegen 444,78/3/0/0,105000,70,320000,0,1.8,0,Ingen,1.0
Ven Vestres Skog 0,78/4/0/0,0,100,0,0,1.8,0,Ingen,1.0
Vennavegen 470,78/5/0/0,803000,70,320000,242100,1.8,435,§ 5 h delvis,1.0
78/6/0/0 0,78/6/0/0,0,100,0,0,1.8,0,Ingen,1.0
Vennavegen 252,78/7/0/0,1125000,70,320000,467500,1.8,841,§ 5 h delvis,1.0
Solhaugen 0,78/8/0/0,0,100,0,0,1.8,0,Ingen,1.0
Vennavegen 279,78/9/0/0,842000,70,320000,269400,1.8,484,§ 5 h delvis,1.0
Mostadmark Hommelvik 0,78/11/0/0,0,100,0,0,1.8,0,Ingen,1.0
Vennavegen 288,78/12/0/0,1056000,70,320000,419200,1.8,754,§ 5 h delvis,1.0
Vennavegen 264,78/14/0/0,2050000,70,320000,1115000,1.8,2007,Ingen,1.0
Vennavegen 329,78/15/0/0,533000,70,320000,53100,1.8,95,Ingen,1.0
Vennavegen 426,78/16/0/0,526000,70,320000,48200,1.8,86,Ingen,1.0
Vennavegen 331,78/17/0/0,3109000,70,320000,1856300,1.8,3341,Ingen,1.0
Vennavegen 300,78/18/0/0,3680000,70,320000,2256000,1.8,4060,Ingen,1.0
Vennavegen 278,78/19/0/0,1098000,70,320000,448600,1.8,807,Ingen,1.0
Vennavegen 362,78/20/0/0,604000,70,320000,102800,1.8,185,Ingen,1.0
Vennavegen 358,78/21/0/0,537000,70,320000,55900,1.8,100,Ingen,1.0
Vennavegen 360,78/22/0/0,1983000,70,320000,1068100,1.8,1922,Ingen,1.0
Vennavegen 366,78/23/0/0,421000,70,320000,0,1.8,0,Ingen,1.0
Vennavegen 364,78/24/0/0,0,70,320000,0,1.8,0,Ingen,1.0
Vennavegen 368,78/25/0/0,440000,70,320000,0,1.8,0,Ingen,1.0
Vennavegen 370,78/26/0/0,330000,70,320000,0,1.8,0,Ingen,1.0
Vennavegen 266,78/27/0/0,2687000,70,320000,1560900,1.8,2809,Ingen,1.0
Vennavegen 315,78/28/0/0,3446000,70,320000,2092200,1.8,3765,Ingen,1.0
Vennavegen 306,78/29/0/0,4263000,70,320000,2664100,1.8,4795,Ingen,1.0
Vennavegen 304,78/30/0/0,2082000,70,320000,1137400,1.8,2047,Ingen,1.0
Vennavegen 384,78/31/0/0,3768000,70,320000,2317600,1.8,4171,Ingen,1.0
Vennavegen 462,78/32/0/0,815000,70,320000,250500,1.8,450,Ingen,1.0
Vennavegen 412,78/35/0/0,1575000,70,320000,782500,1.8,1408,Ingen,1.0
Vennavegen 432,78/36/0/0,0,100,0,0,1.8,0,Ingen,1.0
Vennavegen 428,78/37/0/0,866000,70,320000,286200,1.8,515,Ingen,1.0
Vennavegen 430,78/38/0/0,0,100,0,0,1.8,0,Ingen,1.0
Vennavegen 437,78/39/0/0,2068000,70,320000,1127600,1.8,2029,Ingen,1.0
Vennavegen 355,78/40/0/0,907000,70,320000,314900,1.8,566,Ingen,1.0
Vennavegen 434,78/41/0/0,0,100,0,0,1.8,0,Ingen,1.0
Vennavegen 274,78/42/0/0,2991000,70,320000,1773700,1.8,3192,Ingen,1.0
78/43/0/0 0,78/43/0/0,0,100,0,0,1.8,0,Ingen,1.0
78/44/0/0 0,78/44/0/0,0,100,0,0,1.8,0,Ingen,1.0
Jøssåsvegen 166,79/4/0/0,336000,70,320000,0,1.8,0,Ingen,1.0
Jøssåsvegen 111,79/5/0/0,1298000,70,320000,588600,1.8,1059,Ingen,1.0
Jøssåsvegen 167,79/7/0/0,417000,70,320000,0,1.8,0,Ingen,1.0
Jøssåsvegen 177,79/9/0/0,626000,70,320000,118200,1.8,212,Ingen,1.0
Jøssåsvegen 137,79/12/0/0,652000,70,320000,136400,1.8,245,Ingen,1.0
Rundhaug 0,79/13/0/0,0,100,0,0,1.8,0,Ingen,1.0
Jøssåsvegen 129,79/14/0/0,586000,70,320000,90200,1.8,162,Ingen,1.0
Jøssåsvegen 173,79/18/0/0,736000,70,320000,195200,1.8,351,Ingen,1.0
Jøssåsvegen 113,79/19/0/0,754000,70,320000,207800,1.8,374,Ingen,1.0
Jøssåsvegen 183,80/2/0/0,717000,70,320000,181900,1.8,327,§ 5 h delvis,1.0
Nilsdalsvegen 346,80/3/0/0,594000,70,320000,95800,1.8,172,§ 5 h delvis,1.0
Jøssåsvegen 178,80/4/0/0,0,100,0,0,1.8,0,Ingen,1.0
Nilsdalsvegen 348,80/5/0/0,580000,70,320000,86000,1.8,154,Ingen,1.0
Lyngstad 0,80/6/0/0,0,100,0,0,1.8,0,Ingen,1.0
Nilsdalsvegen 344,80/7/0/0,662000,70,320000,143400,1.8,258,Ingen,1.0
Jøssåsvegen 176,80/8/0/0,0,70,320000,0,1.8,0,Ingen,1.0
Jøssåsvegen 181,80/9/0/0,0,70,320000,0,1.8,0,Ingen,1.0
Hønstadvegen 205,81/1/0/0,105000,70,320000,0,1.8,0,Ingen,1.0
Hønstadvegen 203,81/2/0/0,3030000,70,960000,1161000,1.8,2089,§ 5 h delvis,3.0
Leksdal Statsalmenning 0,82/1/0/0,0,100,0,0,1.8,0,Ingen,1.0
Jervskogvegen 199,83/1/0/0,251000,70,320000,0,1.8,0,Ingen,1.0
Herjuvatnet 18,83/1/0/0,784000,70,320000,228800,1.8,411,Ingen,1.0
Nye E-6 0,1006/21/0/0,0,100,0,0,4.0,0,Ingen,1.0
Parsell B 0,1006/22/0/0,0,100,0,0,4.0,0,Ingen,1.0
Parsell C 0,1006/23/0/0,0,100,0,0,4.0,0,Ingen,1.0
Stav bilistsenter syd 0,1006/24/0/0,2675000,100,0,2675000,4.0,10700,Ingen,1.0
Stav bilistsenter nord 0,1006/25/0/0,2859000,100,0,2859000,4.0,11436,Ingen,1.0
1861/1/0/0 0,1861/1/0/0,0,100,0,0,4.0,0,Ingen,1.0
1861/2/0/0 0,1861/2/0/0,0,100,0,0,4.0,0,Ingen,1.0
1861/3/0/0 0,1861/3/0/0,0,100,0,0,4.0,0,Ingen,1.0
1861/4/0/0 0,1861/4/0/0,0,100,0,0,4.0,0,Ingen,1.0
1861/5/0/0 0,1861/5/0/0,0,100,0,0,4.0,0,Ingen,1.0
1861/6/0/0 0,1861/6/0/0,0,100,0,0,4.0,0,Ingen,1.0
1873/1/0/0 0,1873/1/0/0,0,100,0,0,4.0,0,Ingen,1.0
1873/2/0/0 0,1873/2/0/0,0,100,0,0,4.0,0,Ingen,1.0
1873/9/0/0 0,1873/9/0/0,0,100,0,0,4.0,0,Ingen,1.0
1873/10/0/0 0,1873/10/0/0,0,100,0,0,4.0,0,Ingen,1.0
1873/11/0/0 0,1873/11/0/0,0,100,0,0,4.0,0,Ingen,1.0
1873/12/0/0 0,1873/12/0/0,0,100,0,0,4.0,0,Ingen,1.0
1873/13/0/0 0,1873/13/0/0,0,100,0,0,4.0,0,Ingen,1.0
1874/1/0/0 0,1874/1/0/0,0,100,0,0,4.0,0,Ingen,1.0
Fylkesveg U-874 0,1874/2/0/0,0,100,0,0,4.0,0,Ingen,1.0
1874/3/0/0 0,1874/3/0/0,0,100,0,0,4.0,0,Ingen,1.0
1874/4/0/0 0,1874/4/0/0,0,100,0,0,4.0,0,Ingen,1.0
1941/1/0/0 0,1941/1/0/0,0,100,0,0,4.0,0,Ingen,1.0
1941/2/0/0 0,1941/2/0/0,0,100,0,0,4.0,0,Ingen,1.0
1941/3/0/0 0,1941/3/0/0,0,100,0,0,4.0,0,Ingen,1.0
1950/1/0/0 0,1950/1/0/0,0,100,0,0,4.0,0,Ingen,1.0
1950/2/0/0 0,1950/2/0/0,0,100,0,0,4.0,0,Ingen,1.0
1950/3/0/0 0,1950/3/0/0,0,100,0,0,4.0,0,Ingen,1.0
1950/4/0/0 0,1950/4/0/0,0,100,0,0,4.0,0,Ingen,1.0
1950/5/0/0 0,1950/5/0/0,0,100,0,0,4.0,0,Ingen,1.0
1950/6/0/0 0,1950/6/0/0,0,100,0,0,4.0,0,Ingen,1.0
1950/8/0/0 0,1950/8/0/0,0,100,0,0,4.0,0,Ingen,1.0
1950/9/0/0 0,1950/9/0/0,0,100,0,0,4.0,0,Ingen,1.0
1950/10/0/0 0,1950/10/0/0,0,100,0,0,4.0,0,Ingen,1.0
1950/11/0/0 0,1950/11/0/0,0,100,0,0,4.0,0,Ingen,1.0
1950/12/0/0 0,1950/12/0/0,0,100,0,0,4.0,0,Ingen,1.0
1950/13/0/0 0,1950/13/0/0,0,100,0,0,4.0,0,Ingen,1.0
1950/14/0/0 0,1950/14/0/0,0,100,0,0,4.0,0,Ingen,1.0
1950/15/0/0 0,1950/15/0/0,0,100,0,0,4.0,0,Ingen,1.0
1950/16/0/0 0,1950/16/0/0,0,100,0,0,4.0,0,Ingen,1.0
1950/17/0/0 0,1950/17/0/0,0,100,0,0,4.0,0,Ingen,1.0
1950/18/0/0 0,1950/18/0/0,0,100,0,0,4.0,0,Ingen,1.0
1950/19/0/0 0,1950/19/0/0,0,100,0,0,4.0,0,Ingen,1.0
1950/20/0/0 0,1950/20/0/0,0,100,0,0,4.0,0,Ingen,1.0
1950/21/0/0 0,1950/21/0/0,0,100,0,0,4.0,0,Ingen,1.0
Malvikvegen 1680,1950/22/0/0,0,100,0,0,4.0,0,Ingen,1.0
1950/23/0/0 0,1950/23/0/0,0,100,0,0,4.0,0,Ingen,1.0
1950/24/0/0 0,1950/24/0/0,0,100,0,0,4.0,0,Ingen,1.0
1963/1/0/0 0,1963/1/0/0,0,100,0,0,4.0,0,Ingen,1.0
1963/2/0/0 0,1963/2/0/0,0,100,0,0,4.0,0,Ingen,1.0
1963/3/0/0 0,1963/3/0/0,0,100,0,0,4.0,0,Ingen,1.0
1963/4/0/0 0,1963/4/0/0,0,100,0,0,4.0,0,Ingen,1.0
1963/5/0/0 0,1963/5/0/0,0,100,0,0,4.0,0,Ingen,1.0
1963/6/0/0 0,1963/6/0/0,0,100,0,0,4.0,0,Ingen,1.0
1963/7/0/0 0,1963/7/0/0,0,100,0,0,4.0,0,Ingen,1.0
1963/8/0/0 0,1963/8/0/0,0,100,0,0,4.0,0,Ingen,1.0
1963/9/0/0 0,1963/9/0/0,0,100,0,0,4.0,0,Ingen,1.0
1963/10/0/0 0,1963/10/0/0,0,100,0,0,4.0,0,Ingen,1.0
1963/11/0/0 0,1963/11/0/0,0,100,0,0,4.0,0,Ingen,1.0
1963/12/0/0 0,1963/12/0/0,0,100,0,0,4.0,0,Ingen,1.0
1963/13/0/0 0,1963/13/0/0,0,100,0,0,4.0,0,Ingen,1.0
1963/14/0/0 0,1963/14/0/0,0,100,0,0,4.0,0,Ingen,1.0
1963/15/0/0 0,1963/15/0/0,0,100,0,0,4.0,0,Ingen,1.0
1963/16/0/0 0,1963/16/0/0,0,100,0,0,4.0,0,Ingen,1.0
1963/17/0/0 0,1963/17/0/0,0,100,0,0,4.0,0,Ingen,1.0
1963/18/0/0 0,1963/18/0/0,0,100,0,0,4.0,0,Ingen,1.0
1963/19/0/0 0,1963/19/0/0,0,100,0,0,4.0,0,Ingen,1.0
1963/20/0/0 0,1963/20/0/0,0,100,0,0,4.0,0,Ingen,1.0
1963/21/0/0 0,1963/21/0/0,0,100,0,0,4.0,0,Ingen,1.0
60408 – 6753 0,10001/11/0/0,164229000,100,0,164229000,4.0,656916,Ingen,1.0
0 0,10001/12/0/0,60447000,100,0,60447000,4.0,241788,Ingen,1.0
